{
    "@class": "com.kony.gen.viz.model.component.KVizButton",
    "DNDConfig": null,
    "__parentReadjusting__": false,
    "_height_": {
        "type": "string",
        "value": "50dp"
    },
    "_left_": {
        "type": "string",
        "value": "33dp"
    },
    "_margin_": [
        6,
        6,
        6,
        6
    ],
    "_padding_": [
        0,
        0,
        0,
        0
    ],
    "_skin_": "saac0cc0a3a14cf19611db6eb9ac4601",
    "_text_": "Delete data",
    "_top_": {
        "type": "string",
        "value": "10dp"
    },
    "_width_": {
        "type": "string",
        "value": "300dp"
    },
    "canUpdateUI": true,
    "centerx": {
        "type": "string",
        "value": "50%"
    },
    "containerweight": 100,
    "contentalignment": 5,
    "displaytext": true,
    "focusskin": "saac0cc0a3a14cf19611db6eb9ac4601",
    "id": "CopyButton0c4c381c6f88e44",
    "info": null,
    "iscustomlayout": false,
    "isvisible": true,
    "kuid": "cf5f7afa710d4c998526edd43695df33",
    "name": "kony.ui.Button",
    "onclick": "AS_Button_be32fa7887fe4c6c8f2bc3e63d10951b",
    "parent": "FlexScrollGroup0if122e2562c649",
    "pf": "frmWebSQL",
    "retaincontentalignment": false,
    "retainflexpositionproperties": false,
    "wType": "Button",
    "zindex": 1
}