{
    "APPLICATION_THEME": "default",
    "Appoinments": "true",
    "Contacts": "true",
    "DisableApplicationScreenshot": "false",
    "Documents_Library_Access": "true",
    "Enterprise_Authentication": "true",
    "Home_or_Work_Networking": "true",
    "ID_CAP_APPOINTMENTS": "true",
    "ID_CAP_CAMERA": "false",
    "ID_CAP_CONTACTS": "true",
    "ID_CAP_GAMERSERVICES": "true",
    "ID_CAP_IDENTITY_DEVICE": "true",
    "ID_CAP_IDENTITY_USER": "true",
    "ID_CAP_ISV_CAMERA": "true",
    "ID_CAP_LOCATION": "true",
    "ID_CAP_MEDIALIB": "true",
    "ID_CAP_MICROPHONE": "true",
    "ID_CAP_NETWORKING": "true",
    "ID_CAP_PHONEDIALER": "true",
    "ID_CAP_PUSH_NOTIFICATION": "true",
    "ID_CAP_SENSORS": "true",
    "ID_CAP_WEBBROWSERCOMPONENT": "true",
    "ID_HW_FRONTCAMERA": "false",
    "Internet(Client)": "true",
    "Internet(Client_AND_Server)": "true",
    "KonyPay": "false",
    "Location": "true",
    "MOUNT_FORMAT_FILESYSTEMS": "false",
    "Microphone": "true",
    "Music_Library": "true",
    "Pictures_Library_Access": "true",
    "Proximity": "true",
    "Removable_Storage": "true",
    "Server side mobile web": "false",
    "Shared_User_Certificate": "true",
    "Shared_User_Certificates": "true",
    "Text_Messaging": "true",
    "UseOpenSSLLibrary": "false",
    "UseOpenSSLLibraryandwear": "false",
    "UseSQLCipherFIPS": "false",
    "UseSQLCipherFIPSandwear": "false",
    "Videos_Library_Access": "true",
    "Webcam": "true",
    "_sys_use_consumer_push": "false",
    "access_internet": "true",
    "access_location_services": "false",
    "access_phone": "false",
    "access_pimdomain_calendars": "false",
    "access_pimdomain_contacts": "false",
    "access_pimdomain_messages": "false",
    "access_shared": "false",
    "access_sms_mms": "false",
    "adaptivewebmanifestjson": "",
    "allJoyn": "false",
    "allowselfsignedcertificate": "false",
    "andmaxsdkkey": "None",
    "androidInstallLocation": "Auto",
    "androidInstallLocnPref": "false",
    "android_allowselfsignedcertificates": "None",
    "androidloadindicatorkey": "true",
    "androidmapkey": "",
    "androidmapkey2": "",
    "androidorientation": "Device Default",
    "androidscreenanydensity": "true",
    "androidscreenextralarge": "true",
    "androidscreenlarge": "true",
    "androidscreennormal": "true",
    "androidscreenresizeable": "false",
    "androidscreensmall": "true",
    "androidwear_allowselfsignedcertificates": "None",
    "andwearapppackagekey": "com.orgname.OnboardingGrid",
    "andwearappversioncode": "1",
    "andwearmaxsdkkey": "None",
    "antialiaseddrawing": "false",
    "apmappload": "false",
    "apmapptransition": "false",
    "apmcrash": "true",
    "apmerrorunhandledexception": "true",
    "apmformEntry": "true",
    "apmformExit": "",
    "apmgestureswipe": "",
    "apmorientationchange": "",
    "apmservicerequest": "",
    "apmserviceresponse": "false",
    "apmtouchorclick": "",
    "appaddrkey": "",
    "appidkey": "OnboardingGridV3",
    "appiniteventkey": "None",
    "applepushfunc": "None",
    "apploadeventkey": "None",
    "applogokey": "",
    "appmenu": {
        "desktop": {
            "data": [
                {
                    "icon": {
                        "default": "option1.png"
                    },
                    "id": "appmenuitemid1",
                    "kuid": "g3cc2e4703b64b7b8b492fa8f389bf07",
                    "title": "Item 1"
                },
                {
                    "icon": {
                        "default": "option2.png"
                    },
                    "id": "appmenuitemid2",
                    "kuid": "ee3818512d9e48cd9f86be3428d15a02",
                    "title": "Item 2"
                },
                {
                    "icon": {
                        "default": "option3.png"
                    },
                    "id": "appmenuitemid3",
                    "kuid": "a13c9569966340b59b98a6995d0b57ff",
                    "title": "Item 3"
                },
                {
                    "icon": {
                        "default": "option4.png"
                    },
                    "id": "appmenuitemid4",
                    "kuid": "hb622bd16b15464686a94bb55fa62d35",
                    "title": "Item 4"
                }
            ]
        },
        "focusSkin": null,
        "focusskin": null,
        "mobile": {
            "data": [
                {
                    "icon": {
                        "default": "option1.png"
                    },
                    "id": "appmenuitemid1",
                    "kuid": "c4c6a3aa85784b2baecb47bf129e8a14",
                    "title": "Item 1"
                },
                {
                    "icon": {
                        "default": "option2.png"
                    },
                    "id": "appmenuitemid2",
                    "kuid": "ee04a4025dce4fc4b87720d2047d0b23",
                    "title": "Item 2"
                },
                {
                    "icon": {
                        "default": "option3.png"
                    },
                    "id": "appmenuitemid3",
                    "kuid": "d6b18407fbab4f43865b1a3def0522c7",
                    "title": "Item 3"
                },
                {
                    "icon": {
                        "default": "option4.png"
                    },
                    "id": "appmenuitemid4",
                    "kuid": "baeb90aa4d9c4f7a85f92e6a1690437e",
                    "title": "Item 4"
                }
            ]
        },
        "osPlatform": "",
        "osVersion": "iOS7",
        "skin": null,
        "tablet": {
            "data": [
                {
                    "icon": {
                        "default": "option1.png"
                    },
                    "id": "appmenuitemid1",
                    "kuid": "c05a0fddadb442189bfb00a6101d6908",
                    "title": "Item 1",
                    "windows8": {
                        "appBarButtonStyle": "No Style",
                        "position": "BOTTOM_LEFT"
                    }
                },
                {
                    "icon": {
                        "default": "option2.png"
                    },
                    "id": "appmenuitemid2",
                    "kuid": "dd6c843531844b3eadd0a1c85f1dfda0",
                    "title": "Item 2",
                    "windows8": {
                        "appBarButtonStyle": "No Style",
                        "position": "BOTTOM_LEFT"
                    }
                },
                {
                    "icon": {
                        "default": "option3.png"
                    },
                    "id": "appmenuitemid3",
                    "kuid": "i326d2e9c8104f418b77e8f33f2ba585",
                    "title": "Item 3",
                    "windows8": {
                        "appBarButtonStyle": "No Style",
                        "position": "BOTTOM_LEFT"
                    }
                },
                {
                    "icon": {
                        "default": "option4.png"
                    },
                    "id": "appmenuitemid4",
                    "kuid": "a641788e089242039d3272271ebf9fc5",
                    "title": "Item 4",
                    "windows8": {
                        "appBarButtonStyle": "No Style",
                        "position": "BOTTOM_LEFT"
                    }
                }
            ]
        },
        "wType": "Appmenu"
    },
    "appnamekey": "OnboardingRefApp",
    "appointments": "false",
    "apppackagekey": "com.orgname.OnboardingGrid",
    "apptitle": "Online Banking",
    "appversioncode": "1",
    "appversionkey": "1.0.0",
    "backgroundMediaPlayback": "false",
    "backgroundmodes": "Disabled",
    "backward_compatibility_mode": "false",
    "baseTarget": "_blank",
    "bb10author": "",
    "bb10authorid": "",
    "bb10buildid": "",
    "bb10description": "",
    "bb10orientationmode": "Default",
    "bb10packageid": "",
    "bb10theme": "Default",
    "bb10urlscheme": "",
    "bb10versionnumber": "",
    "bbserviceidentifierpattern": "",
    "bbservicemenuitemlabel": "",
    "bgcolorkey": "255,255,255",
    "blockedChatMessages": "false",
    "bluetooth": "false",
    "build": "debug",
    "buildExclusion": {},
    "buildWarCompatability": "false",
    "build_gradle_attrs_prefix": "",
    "build_gradle_attrs_prefix_andwear": "",
    "build_gradle_attrs_suffix": "",
    "build_gradle_attrs_suffix_andwear": "",
    "buttonAsLabel": true,
    "camerasettings": "",
    "category": "app",
    "chat": "false",
    "cloud_account_guid": "d21693cb-e5ec-4cbc-8061-6174691e663e",
    "cloud_env_GUID": "14162ce5-74b0-4d95-87ef-64cccbf7d1dd",
    "codeGeneration": "false",
    "contacts": "false",
    "cordovaModified": false,
    "cordovaVersionInfo": {
        "useGlobalCordova": false
    },
    "createdVizVersion": "9.1.6",
    "createdgaversion": "9.1.6",
    "currentgaversion": "9.2.19",
    "deeplinkkey": "None",
    "defaultZIndex": "1",
    "defaultlocalekey": "en",
    "defaulttheme": "defaultTheme",
    "desktopstartupformkey": "b3cf100829da49e8a57e78a1b769a4b9",
    "desktopwebaligenmentoption": "left",
    "desktopwebbasefontsize": "16",
    "desktopwebfavico": "",
    "desktopwebmanifestjson": "",
    "desktopwebnoscriptmessage": "To use this site, first enable your browser's JavaScript support and then refresh this page.",
    "desktopwebtitle": "Online Banking",
    "desktopwebwidthoption": "Percentage",
    "desktopwebwidthval": "100",
    "deviceexception": "This device is currently not supported",
    "devicemsg": "Unknown Error Occurred <br/> Contact System Admin",
    "disablehttpskey": "false",
    "enableAwssdk": "false",
    "enableCordova": false,
    "enableCustomData": false,
    "enableIdForAutomation": false,
    "enableOfflineObjects": "false",
    "enableOfflineObjectsDW": "false",
    "enableOfflineObjectsSpa": "false",
    "enableProgressiveWeb": false,
    "enablePushNotificationsDW": false,
    "enableResponsive": true,
    "enableServiceWorker": false,
    "enableServiceWorkerHelper": false,
    "enableViewportZooming": true,
    "enableWindowsOfflineObjectsForWebApp": false,
    "enableWindowsRuntimeForWebApp": false,
    "enableactionbar": false,
    "enableasyncdesktopweb": false,
    "enableasyncspa": true,
    "enableautomaticeventcap": "true",
    "enablecharts2d3diphone": "false",
    "enablefileupload": "false",
    "enablefocushtml5iphonbb": "false",
    "enablelocalnotifications": "false",
    "enablelocalnotificationsandroidwear": "false",
    "enablesearchbar": "false",
    "enablesearchbarandwear": "false",
    "enableseo": "false",
    "enableserverevents": false,
    "enablesso": false,
    "enablexfsdw": false,
    "enablexfsspa": false,
    "enterpriseAuthentication": "false",
    "exceptionalert": "true",
    "extendBottom": "false",
    "extendTop": "false",
    "fabric_runtime_app_version": "Linked",
    "fbxfolderpathkey": "",
    "fcmsenderid": "",
    "fgcolorkey": "255,255,255",
    "generateJavaCodeForForms": "false",
    "genericexceptionalert": "false",
    "gradle_properties_attrs": "",
    "gradle_properties_attrs_andwear": "",
    "hiddenAppGroups": {},
    "hostkey": "",
    "hostkey_andwear": "",
    "htmlheadscripttagsdesktopweb": "<style>\n:focus {outline-width: 2px!important;outline-color: #FD5200!important;outline-style: solid!important;}\nli:focus {outline-offset: -1px!important;}\ndiv[kr='item'] {outline-offset: -2px!important;}\na:focus {outline-offset: -2px!important;}\na:hover {cursor: pointer!important;}\n@media screen and (max-width: 640px) {\nbutton[kwp=\"frmIdentityDetails_IdentityDetails_navButtons_btnSecondary2\"] {\nright: 68%!important;\nwidth: 25%!important;\n}\nbutton[kwp=\"frmIdentityDetails_IdentityDetails_navButtons_btnSecondary1\"] {\nright: 37%!important;\nwidth: 25%!important;\n}\nbutton[kwp=\"frmIdentityDetails_IdentityDetails_navButtons_btnPrimary\"] {\nright: 6%!important;\nwidth: 25%!important;\n}\n}\ninput[kwp=\"frmIdentityDetails_IdentityDetails_atbxTINNumber_tbxAnimatedKA\"], input[kwp=\"frmIdentityDetails_IdentityDetails_atbxIdNumber_tbxAnimatedKA\"] {\noutline-offset: -1px!important;\n}\n.hasTooltip + span {\ncolor: black;\nbackground-color: #FFFFC0;\ndisplay: inline;\nposition: absolute;\nheight: 1px;\nmargin: -1px;\npadding: 0;\noverflow: hidden;\nborder: 0;\nz-index: 10;\n}\ninput[kwp=\"frmPersonalInfod_UserInformationNUO_filterDropdown_tbxDropdownKA\"] {outline-offset: -2px!important;}\n.hasTooltip[tooltipStatus=active] + span,\n.hasTooltip + span:hover {\nborder: 2px solid black;\nheight: auto;\nmargin: auto;\ntop: 1em;\n}\n</style>",
    "htmlheadscripttagsspa": "",
    "hybdridcontextkey": "",
    "hybridaddrkey": "",
    "hybridhttpsportkey": "",
    "hybridportkey": "",
    "ide_appEvents": {
        "desktop": {
            "postappinit": "AS_AppEvents_h971d88028ed43b9afe719243a8b2849"
        }
    },
    "imagewhendownloading": "",
    "initialRotationPreferenceKey": "landscape",
    "inputaccessoryviewtype": "nextprevtoolbar",
    "internetClient": "false",
    "internetClientServer": "false",
    "ioscheckboxcorrection": "true",
    "iospopuptransitioncorrection": "true",
    "iosrespectimagesizecorrection": "true",
    "iostextboxpaddingcorrection": "true",
    "ipad_appicon_1x_76": "",
    "ipad_appicon_2x_76": "",
    "ipad_notificationicon_1x_20": "",
    "ipad_notificationicon_2x_20": "",
    "ipad_proappicon_2x_83Point5": "",
    "ipad_settingsicon_1x_29": "",
    "ipad_settingsicon_2x_29": "",
    "ipad_spotlighticon_1x_40": "",
    "ipad_spotlighticon_2x_40": "",
    "ipadlandscapemodekey": "false",
    "ipadportraitmodekey": "true",
    "iphone_appicon_2x_60": "",
    "iphone_appicon_3x_60": "",
    "iphone_notificationicon_2x_20": "",
    "iphone_notificationicon_3x_20": "",
    "iphone_spotlighticon_2x_29": "",
    "iphone_spotlighticon_2x_40": "",
    "iphone_spotlighticon_3x_29": "",
    "iphone_spotlighticon_3x_40": "",
    "iphonebundleidentifierkey": "com.kony.OnboardingGrid",
    "iphonebundleversionkey": "1.0.0",
    "iphoneipad_appstoreicon_1x_1024": "",
    "iphoneipadglossyeffectkey": "false",
    "iphoneloadindicatorkey": "true",
    "iphoneurlscheme": "",
    "iphonewebshrtcutkey": "",
    "isA11yConfigEnabled": true,
    "isDpScaleFactor": true,
    "isEASAppUpgradable": false,
    "isI18nConfigEnabled": true,
    "isI18nLayoutConfigEnabled": true,
    "isMVC": true,
    "isNewAppWithRespectToAndroidPackageName": "true",
    "isNewAppWithRespectToAndroidWearPackageName": "true",
    "isScreenShotDisabledForTestReports": false,
    "keyAlias": "",
    "keyAliasandwear": "",
    "keyStoreFilePath": "",
    "keyStoreFilePathandwear": "",
    "kfAppInfo": {
        "25e5fd88-a541-4191-b7e4-67b14d97b700": {
            "appName": "App 502",
            "baseId": "6477e177-91fe-47b1-87d6-3b95a9a4d251",
            "id": "6477e177-91fe-47b1-87d6-3b95a9a4d251",
            "version": "1.0"
        },
        "27351359-9e62-4424-9227-9ab813bc38b6": {
            "appName": "OnboardingRefApp",
            "baseId": "8466b033-8960-4ea0-a848-0df7aefb5888",
            "id": "8466b033-8960-4ea0-a848-0df7aefb5888",
            "version": "1.0"
        },
        "2b476d2c-7cb4-44fa-a04e-acf132ee4f86": {
            "appName": "App 1",
            "baseId": "047b2222-6a94-4550-b08d-1d5b5963758b",
            "id": "047b2222-6a94-4550-b08d-1d5b5963758b",
            "version": "1.0"
        },
        "2dc6df41-59ed-41ad-b24f-3edb6b90809e": {
            "appName": "accessibilityApp",
            "baseId": "23d6f743-7c34-454f-8c7a-cd7a5171c405",
            "id": "23d6f743-7c34-454f-8c7a-cd7a5171c405",
            "version": "1.0"
        },
        "3727ef91-93e0-4195-ab5a-902bb5e53273": {
            "appName": "OnboardingRefApp",
            "baseId": "44fa956d-1923-49e8-b186-f17043fca03b",
            "id": "44fa956d-1923-49e8-b186-f17043fca03b",
            "version": "1.0"
        },
        "7699ef79-d10f-42af-a880-2f17e450323c": {
            "appName": "accessibilityApp",
            "baseId": "34a4ce0b-3b0e-4d8f-ace9-074e11505b27",
            "id": "34a4ce0b-3b0e-4d8f-ace9-074e11505b27",
            "version": "1.0"
        },
        "944ad2ba-2fd3-42bc-a25a-88723d35827e": {
            "appName": "OnboardingGrid",
            "baseId": "dcf8e55a-bc7a-4f39-851a-dd50245a8f11",
            "id": "dcf8e55a-bc7a-4f39-851a-dd50245a8f11",
            "version": "1.0"
        },
        "aafb8ef7-f5bb-406d-a4f3-a1b3b79d9109": {
            "appName": "accessibilityApp",
            "baseId": "f1ef3d8c-8b71-46e5-b40a-bebb7be23bc8",
            "id": "f1ef3d8c-8b71-46e5-b40a-bebb7be23bc8",
            "version": "1.0"
        },
        "bf217bac-71e5-4e8c-99c0-6025a77ddd92": {
            "appName": "OnboardingRefApp",
            "baseId": "83b507fc-3de4-4ed3-b5ee-b28f077821f6",
            "id": "83b507fc-3de4-4ed3-b5ee-b28f077821f6",
            "version": "1.0"
        },
        "d21693cb-e5ec-4cbc-8061-6174691e663e": {
            "appName": "accessibilityApp",
            "baseId": "7a62fc8a-7ed7-4406-a4e1-19874455e6be",
            "id": "7a62fc8a-7ed7-4406-a4e1-19874455e6be",
            "version": "1.0"
        }
    },
    "konyVizVersion": "9.2.19",
    "lastmodifiedtime": "1601905915961",
    "location": "false",
    "mangoapptitlekey": ",,,,,,",
    "mapkey": "",
    "marginsincludedinwidgetcontainerweight": "true",
    "metatags": "",
    "microphone": "false",
    "musicLibrary": "false",
    "mwaddrkey": "",
    "mwcontextkey": "",
    "mwhttpsportkey": "",
    "mwportkey": "",
    "objects3D": "false",
    "pasteboardtype": "systemlevel",
    "pathkey": "",
    "pathkey_andwear": "",
    "pathpatternkey": "",
    "pathpatternkey_andwear": "",
    "pathprefixkey": "",
    "pathprefixkey_andwear": "",
    "permissions": {
        "android": {
            "ACCESS_CHECKIN_PROPERTIES": "false",
            "ACCESS_COARSE_LOCATION": "false",
            "ACCESS_FINE_LOCATION": "false",
            "ACCESS_LOCATION_EXTRA_COMMANDS": "false",
            "ACCESS_MOCK_LOCATION": "false",
            "ACCESS_NETWORK_STATE": "true",
            "ACCESS_SURFACE_FLINGER": "false",
            "ACCESS_WIFI_STATE": "false",
            "ACCOUNT_MANAGER": "false",
            "AUTHENTICATE_ACCOUNTS": "false",
            "BATTERY_STATS": "false",
            "BIND_APPWIDGET": "false",
            "BIND_DEVICE_ADMIN": "false",
            "BIND_INPUT_METHOD": "false",
            "BIND_REMOTEVIEWS": "false",
            "BIND_WALLPAPER": "false",
            "BLUETOOTH": "false",
            "BLUETOOTH_ADMIN": "false",
            "BRICK": "false",
            "BROADCAST_PACKAGE_REMOVED": "false",
            "BROADCAST_SMS": "false",
            "BROADCAST_STICKY": "false",
            "BROADCAST_WAP_PUSH": "false",
            "CALL_PHONE": "false",
            "CALL_PRIVILEGED": "false",
            "CAMERA": "false",
            "CHANGE_COMPONENT_ENABLED_STATE": "false",
            "CHANGE_CONFIGURATION": "false",
            "CHANGE_NETWORK_STATE": "false",
            "CHANGE_WIFI_MULTICAST_STATE": "false",
            "CHANGE_WIFI_STATE": "false",
            "CLEAR_APP_CACHE": "false",
            "CLEAR_APP_USER_DATA": "false",
            "CONTROL_LOCATION_UPDATES": "false",
            "DELETE_CACHE_FILES": "false",
            "DELETE_PACKAGES": "false",
            "DEVICE_POWER": "false",
            "DIAGNOSTIC": "false",
            "DISABLE_KEYGUARD": "false",
            "DUMP": "false",
            "EXPAND_STATUS_BAR": "false",
            "FACTORY_TEST": "false",
            "FLASHLIGHT": "false",
            "FORCE_BACK": "false",
            "GET_ACCOUNTS": "false",
            "GET_PACKAGE_SIZE": "false",
            "GET_TASKS": "false",
            "GLOBAL_SEARCH": "false",
            "HARDWARE_TEST": "false",
            "INJECT_EVENTS": "false",
            "INSTALL_LOCATION_PROVIDER": "false",
            "INSTALL_PACKAGES": "false",
            "INTERNAL_SYSTEM_WINDOW": "false",
            "INTERNET": "true",
            "KILL_BACKGROUND_PROCESSES": "false",
            "MANAGE_ACCOUNTS": "false",
            "MANAGE_APP_TOKENS": "false",
            "MASTER_CLEAR": "false",
            "MODIFY_AUDIO_SETTINGS": "false",
            "MODIFY_PHONE_STATE": "false",
            "MOUNT_FORMAT_FILESYSTEMS": "false",
            "MOUNT_UNMOUNT_FILESYSTEMS": "false",
            "NFC": "false",
            "PERSISTENT_ACTIVITY": "false",
            "PROCESS_OUTGOING_CALLS": "false",
            "READ_CALENDAR": "false",
            "READ_CONTACTS": "false",
            "READ_FRAME_BUFFER": "false",
            "READ_HISTORY_BOOKMARKS": "false",
            "READ_INPUT_STATE": "false",
            "READ_LOGS": "false",
            "READ_PHONE_STATE": "false",
            "READ_SMS": "false",
            "READ_SYNC_SETTINGS": "false",
            "READ_SYNC_STATS": "false",
            "REBOOT": "false",
            "RECEIVE_BOOT_COMPLETED": "false",
            "RECEIVE_MMS": "false",
            "RECEIVE_SMS": "false",
            "RECEIVE_WAP_PUSH": "false",
            "RECORD_AUDIO": "false",
            "REORDER_TASKS": "false",
            "RESTART_PACKAGES": "false",
            "SEND_SMS": "false",
            "SET_ACTIVITY_WATCHER": "false",
            "SET_ALARM": "false",
            "SET_ALWAYS_FINISH": "false",
            "SET_ANIMATION_SCALE": "false",
            "SET_DEBUG_APP": "false",
            "SET_ORIENTATION": "false",
            "SET_PREFERRED_APPLICATIONS": "false",
            "SET_PROCESS_LIMIT": "false",
            "SET_TIME": "false",
            "SET_TIME_ZONE": "false",
            "SET_WALLPAPER": "false",
            "SET_WALLPAPER_HINTS": "false",
            "SIGNAL_PERSISTENT_PROCESSES": "false",
            "STATUS_BAR": "false",
            "SUBSCRIBED_FEEDS_READ": "false",
            "SUBSCRIBED_FEEDS_WRITE": "false",
            "SYSTEM_ALERT_WINDOW": "false",
            "UPDATE_DEVICE_STATS": "false",
            "USE_CREDENTIALS": "false",
            "USE_FINGERPRINT": "false",
            "USE_SIP": "false",
            "VIBRATE": "false",
            "WAKE_LOCK": "false",
            "WRITE_APN_SETTINGS": "false",
            "WRITE_CALENDAR": "false",
            "WRITE_CONTACTS": "false",
            "WRITE_EXTERNAL_STORAGE": "false",
            "WRITE_GSERVICES": "false",
            "WRITE_HISTORY_BOOKMARKS": "false",
            "WRITE_SECURE_SETTINGS": "false",
            "WRITE_SETTINGS": "false",
            "WRITE_SMS": "false",
            "WRITE_SYNC_SETTINGS": "false"
        },
        "androidwear": {
            "ACCESS_CHECKIN_PROPERTIES": "false",
            "ACCESS_COARSE_LOCATION": "false",
            "ACCESS_FINE_LOCATION": "false",
            "ACCESS_LOCATION_EXTRA_COMMANDS": "false",
            "ACCESS_MOCK_LOCATION": "false",
            "ACCESS_NETWORK_STATE": "true",
            "ACCESS_SURFACE_FLINGER": "false",
            "ACCESS_WIFI_STATE": "false",
            "ACCOUNT_MANAGER": "false",
            "AUTHENTICATE_ACCOUNTS": "false",
            "BATTERY_STATS": "false",
            "BIND_APPWIDGET": "false",
            "BIND_DEVICE_ADMIN": "false",
            "BIND_INPUT_METHOD": "false",
            "BIND_REMOTEVIEWS": "false",
            "BIND_WALLPAPER": "false",
            "BLUETOOTH": "false",
            "BLUETOOTH_ADMIN": "false",
            "BRICK": "false",
            "BROADCAST_PACKAGE_REMOVED": "false",
            "BROADCAST_SMS": "false",
            "BROADCAST_STICKY": "false",
            "BROADCAST_WAP_PUSH": "false",
            "CALL_PHONE": "false",
            "CALL_PRIVILEGED": "false",
            "CAMERA": "false",
            "CHANGE_COMPONENT_ENABLED_STATE": "false",
            "CHANGE_CONFIGURATION": "false",
            "CHANGE_NETWORK_STATE": "false",
            "CHANGE_WIFI_MULTICAST_STATE": "false",
            "CHANGE_WIFI_STATE": "false",
            "CLEAR_APP_CACHE": "false",
            "CLEAR_APP_USER_DATA": "false",
            "CONTROL_LOCATION_UPDATES": "false",
            "DELETE_CACHE_FILES": "false",
            "DELETE_PACKAGES": "false",
            "DEVICE_POWER": "false",
            "DIAGNOSTIC": "false",
            "DISABLE_KEYGUARD": "false",
            "DUMP": "false",
            "EXPAND_STATUS_BAR": "false",
            "FACTORY_TEST": "false",
            "FLASHLIGHT": "false",
            "FORCE_BACK": "false",
            "GET_ACCOUNTS": "false",
            "GET_PACKAGE_SIZE": "false",
            "GET_TASKS": "false",
            "GLOBAL_SEARCH": "false",
            "HARDWARE_TEST": "false",
            "INJECT_EVENTS": "false",
            "INSTALL_LOCATION_PROVIDER": "false",
            "INSTALL_PACKAGES": "false",
            "INTERNAL_SYSTEM_WINDOW": "false",
            "INTERNET": "true",
            "KILL_BACKGROUND_PROCESSES": "false",
            "MANAGE_ACCOUNTS": "false",
            "MANAGE_APP_TOKENS": "false",
            "MASTER_CLEAR": "false",
            "MODIFY_AUDIO_SETTINGS": "false",
            "MODIFY_PHONE_STATE": "false",
            "MOUNT_FORMAT_FILESYSTEMS": "false",
            "MOUNT_UNMOUNT_FILESYSTEMS": "false",
            "NFC": "false",
            "PERSISTENT_ACTIVITY": "false",
            "PROCESS_OUTGOING_CALLS": "false",
            "READ_CALENDAR": "false",
            "READ_CONTACTS": "false",
            "READ_FRAME_BUFFER": "false",
            "READ_HISTORY_BOOKMARKS": "false",
            "READ_INPUT_STATE": "false",
            "READ_LOGS": "false",
            "READ_PHONE_STATE": "false",
            "READ_SMS": "false",
            "READ_SYNC_SETTINGS": "false",
            "READ_SYNC_STATS": "false",
            "REBOOT": "false",
            "RECEIVE_BOOT_COMPLETED": "false",
            "RECEIVE_MMS": "false",
            "RECEIVE_SMS": "false",
            "RECEIVE_WAP_PUSH": "false",
            "RECORD_AUDIO": "false",
            "REORDER_TASKS": "false",
            "RESTART_PACKAGES": "false",
            "SEND_SMS": "false",
            "SET_ACTIVITY_WATCHER": "false",
            "SET_ALARM": "false",
            "SET_ALWAYS_FINISH": "false",
            "SET_ANIMATION_SCALE": "false",
            "SET_DEBUG_APP": "false",
            "SET_ORIENTATION": "false",
            "SET_PREFERRED_APPLICATIONS": "false",
            "SET_PROCESS_LIMIT": "false",
            "SET_TIME": "false",
            "SET_TIME_ZONE": "false",
            "SET_WALLPAPER": "false",
            "SET_WALLPAPER_HINTS": "false",
            "SIGNAL_PERSISTENT_PROCESSES": "false",
            "STATUS_BAR": "false",
            "SUBSCRIBED_FEEDS_READ": "false",
            "SUBSCRIBED_FEEDS_WRITE": "false",
            "SYSTEM_ALERT_WINDOW": "false",
            "UPDATE_DEVICE_STATS": "false",
            "USE_CREDENTIALS": "false",
            "USE_FINGERPRINT": "false",
            "USE_SIP": "false",
            "VIBRATE": "false",
            "WAKE_LOCK": "false",
            "WRITE_APN_SETTINGS": "false",
            "WRITE_CALENDAR": "false",
            "WRITE_CONTACTS": "false",
            "WRITE_EXTERNAL_STORAGE": "false",
            "WRITE_GSERVICES": "false",
            "WRITE_HISTORY_BOOKMARKS": "false",
            "WRITE_SECURE_SETTINGS": "false",
            "WRITE_SETTINGS": "false",
            "WRITE_SMS": "false",
            "WRITE_SYNC_SETTINGS": "false"
        }
    },
    "phantompath": "",
    "phoneCall": "false",
    "picturesLibrary": "false",
    "portkey": "",
    "portkey_andwear": "",
    "post_notification": "false",
    "previewshowpassword": "false",
    "privateNetworkClientServer": "false",
    "project.type": "js",
    "project_version": "sprint39",
    "protectedModePrivateKey": "",
    "protectedModePublicKey": "",
    "protectedmodeenabled_android": "false",
    "protectedmodeenabled_androidwear": "false",
    "protectedmodeenabled_ios": "false",
    "prototype": {},
    "proximity": "false",
    "read_device_identifying_information": "false",
    "referenceWidth": "375",
    "registerForDeepLink": {
        "androidwear": false,
        "desktop": false,
        "mobile": false,
        "tablet": false,
        "watch": false
    },
    "remoteSystem": "false",
    "removableStorage": "false",
    "schemekey": "",
    "schemekey_andwear": "",
    "secondarytilefunctionkey": "None",
    "seoconfigfilepath": "",
    "serviceworkerfile": "",
    "serviceworkerhelperfile": "",
    "sessionmanager": "Http Session Manager",
    "settings_gradle_attrs": "",
    "settings_gradle_attrs_andwear": "",
    "sharedUserCertificates": "false",
    "sitemapxmlpath": "",
    "spaandroidtab1024basefontsize": "16",
    "spaandroidtab1280basefontsize": "18",
    "spaandroidtab800basefontsize": "14",
    "spaandroidtabbasefontsize": "17",
    "spaipadbasefontsize": "17",
    "spamanifestjson": "",
    "spawindows320basefontsize": "12",
    "spawindows480basefontsize": "12",
    "spawindowstabbasefontsize": "17",
    "splashlogokey": "",
    "startupformkey": "b067182d3d7b441b9648a150b9a581ca",
    "statusBarHidden": "false",
    "statusBarStyle": "STATUS_BAR_STYLE_DEFAULT",
    "support32bit": "false",
    "support64bitandwear": "false",
    "supportX86Devices": "false",
    "supportX86Devicesandwear": "false",
    "tags": {
        "android": {
            "activity_child_tags": "",
            "activityattrs": "",
            "andapplicationattrs": "",
            "andapplicationtags": "",
            "andmanifesttags": "",
            "manifest_tag_attrs": ""
        },
        "androidwear": {
            "activity_child_tags_andwear": "",
            "activityattrs_andwear": "",
            "andwearapplicationattrs": "",
            "andwearapplicationtags": "",
            "andwearmanifesttags": "",
            "manifest_tag_attrs_andwear": ""
        }
    },
    "tcandroid240basefontsize": "10",
    "tcandroid320basefontsize": "12",
    "tcandroid360basefontsize": "13",
    "tcandroid400basefontsize": "14",
    "tcandroid440basefontsize": "15",
    "tcandroid480basefontsize": "16",
    "tcandroid640basefontsize": "19",
    "tcbb240basefontsize": "12",
    "tcbb320basefontsize": "15",
    "tcbb360basefontsize": "13",
    "tcbb400basefontsize": "14",
    "tcbb440basefontsize": "15",
    "tcbb480basefontsize": "17",
    "tciphonebasefontsize": "12",
    "tcnoscriptmessage": "To use this site, first enable your browser's JavaScript support and then refresh this page.",
    "tcphoneformatindicator": "false",
    "tcrequiresGPSfuctionality": "false",
    "thinwebcontextkey": "",
    "tileUpdateRecurrenceKey": "",
    "urlschemanameorder": "",
    "urlschemanameorder_andwear": "",
    "useWatchCommunicationApis": "false",
    "useWatchCommunicationApisAndWear": "false",
    "use_camera": "false",
    "usegoogleplaylocationservices": "false",
    "usegoogleplaylocationservicesandwear": "false",
    "userAccountInformation": "false",
    "userNotificationListener": "false",
    "useridkey": "",
    "usevizactions": "false",
    "vendornamekey": "KonyLabs",
    "videosLibrary": "false",
    "voipCall": "false",
    "wap_android240_fontsize": "10",
    "wap_android320_fontsize": "12",
    "wap_android360_fontsize": "13",
    "wap_android400_fontsize": "14",
    "wap_android440_fontsize": "15",
    "wap_android480_fontsize": "16",
    "wap_android640_fontsize": "19",
    "wap_bb240_fontsize": "12",
    "wap_bb320_fontsize": "15",
    "wap_bb360_fontsize": "13",
    "wap_bb400_fontsize": "14",
    "wap_bb440_fontsize": "15",
    "wap_bb480_fontsize": "17",
    "wap_ip_fontsize": "12",
    "wap_spaandroidtab_fontsize": "17",
    "wap_spaandroidtabhdpi_fontsize": "18",
    "wap_spaandroidtabldpi_fontsize": "14",
    "wap_spaandroidtabmdpi_fontsize": "16",
    "wap_spaandroidtabxhdpi_fontsize": "18",
    "wap_spaipad_fontsize": "17",
    "wap_spawindowstab_fontsize": "17",
    "wap_winphone320_fontsize": "12",
    "wap_winphone480_fontsize": "12",
    "watchos_companionSettings2x29": "",
    "watchos_companionSettings3x29": "",
    "watchos_homeScreen40": "",
    "watchos_longlooknotificationicon_42": "",
    "watchos_notificationcentericon_38": "",
    "watchos_notificationcentericon_42": "",
    "watchos_shortlooknotificationicon_38": "",
    "watchos_shortlooknotificationicon_42": "",
    "watchos_watchMarketing1x": "",
    "webLibraryMode": "css",
    "webcam": "false",
    "win10bgagentclassname": "",
    "win10bgagentnamespace": "",
    "win10bgagentpath": "",
    "win10bgagenttaskname": "",
    "win10pfxkey": "",
    "win6xj2meonlysupported": "false",
    "win8applogokey": "",
    "win8badgelogokey": "",
    "win8bgagentclassname": "",
    "win8bgagentnamespace": "",
    "win8bgagentpath": "",
    "win8bgagenttaskname": "",
    "win8certificatekey": "",
    "win8descriptionkey": "Sample Test Application",
    "win8displaynamekey": "OnboardingGrid",
    "win8enablecrashlogkey": "false",
    "win8lockscreennotificationskey": "Not set",
    "win8packagedisplaynamekey": "OnboardingGrid",
    "win8packagelogokey": "",
    "win8packagenamekey": "OnboardingGrid",
    "win8packagepublichernamekey": "Temenos",
    "win8publisherdisplaynamekey": "Temenos",
    "win8pvkkey": "",
    "win8shortnamekey": "OnboardingGrid",
    "win8shownamekey": "Not set",
    "win8smalllogokey": "",
    "win8toastcapablekey": "Not set",
    "win8versionbuildkey": "0",
    "win8versionmajorkey": "1",
    "win8versionminorkey": "0",
    "win8versionrevisionkey": "0",
    "win8widelogokey": "",
    "winDisableApplicationScreenshot": "false",
    "windesktop_allowselfsignedcertificate": "None",
    "windesktop_disableapplicationminimize": "false",
    "windesktop_enableBackwardCompatibility": "false",
    "windows10guid": "",
    "windowskioskguid": "",
    "windowsloadindicatorkey": "true",
    "windowsmapkey": "",
    "winenablecrashlogkey": "false",
    "winmangotiletitlekey": "OnboardingGrid",
    "winmobileguidkey": "",
    "winmobiletileimagekey": "",
    "winphn10bgagentclassname": "",
    "winphn10bgagentnamespace": "",
    "winphn10bgagentpath": "",
    "winphn10bgagenttaskname": "",
    "winphn81bgagentclassname": "",
    "winphn81bgagentnamespace": "",
    "winphn81bgagentpath": "",
    "winphone_allowselfsignedcertificate": "None",
    "winphoneurlscheme": "",
    "winsmoothscrollkey": "true",
    "wintab_allowselfsignedcertificate": "None",
    "wintaburlscheme": "",
    "wintilebackcolornamekey": "128,128,128",
    "wintileforegroundnamekey": "Light",
    "wp10allJoyn": "false",
    "wp10applogokey": "",
    "wp10appointments": "false",
    "wp10backgroundMediaPlayback": "false",
    "wp10badgelogokey": "",
    "wp10blockedChatMessages": "false",
    "wp10bluetooth": "false",
    "wp10chat": "false",
    "wp10codeGeneration": "false",
    "wp10contacts": "false",
    "wp10descriptionkey": "Sample Test Application",
    "wp10displayname": "OnboardingGrid",
    "wp10enablecrashlogkey": "false",
    "wp10enterpriseAuthentication": "false",
    "wp10initialRotationPreferenceKey": "landscape",
    "wp10internetClient": "false",
    "wp10internetClientServer": "false",
    "wp10location": "false",
    "wp10lockscreennotificationskey": "Not set",
    "wp10microphone": "false",
    "wp10musicLibrary": "false",
    "wp10objects3D": "false",
    "wp10packagedisplaynamekey": "OnboardingGrid",
    "wp10packagelogokey": "",
    "wp10packagenamekey": "OnboardingGrid",
    "wp10packagepublichernamekey": "KonyLabs",
    "wp10pfxkey": "",
    "wp10phoneCall": "false",
    "wp10picturesLibrary": "false",
    "wp10privateNetworkClientServer": "false",
    "wp10proximity": "false",
    "wp10publisherdisplaynamekey": "",
    "wp10remoteSystem": "false",
    "wp10removableStorage": "false",
    "wp10sharedUserCertificates": "false",
    "wp10shortnamekey": "OnboardingGrid",
    "wp10shownamekey": "Not set",
    "wp10smalllogokey": "",
    "wp10tileUpdateRecurrenceKey": "",
    "wp10tilebackcolornamekey": "128,128,128",
    "wp10tileforegroundnamekey": "Light",
    "wp10toastcapablekey": "Not set",
    "wp10userAccountInformation": "false",
    "wp10userNotificationListener": "false",
    "wp10versionbuildkey": "0",
    "wp10versionmajorkey": "1",
    "wp10versionminorkey": "0",
    "wp10versionrevisionkey": "0",
    "wp10videosLibrary": "false",
    "wp10voipCall": "false",
    "wp10webcam": "false",
    "wp10widelogokey": "",
    "wp81sdescriptionkey": "Sample Test Application",
    "wp81sdisplaynamekey": "OnboardingGrid",
    "wp81slockscreennotificationskey": "Not set",
    "wp81spackagedisplaynamekey": "OnboardingGrid",
    "wp81spackagenamekey": "OnboardingGrid",
    "wp81spackagepublichernamekey": "Kony",
    "wp81spublisherdisplaynamekey": "KonyLabs",
    "wp81stoastcapablekey": "Not set",
    "wp8cycle1key": "",
    "wp8cycle2key": "",
    "wp8cycle3key": "",
    "wp8cycle4key": "",
    "wp8cycle5key": "",
    "wp8cycle6key": "",
    "wp8cycle7key": "",
    "wp8cycle8key": "",
    "wp8cycle9key": "",
    "wp8cyclesmallkey": "",
    "wp8doNotInstalllowerMemory": "false",
    "wp8fliplargekey": "",
    "wp8flipmediumkey": "",
    "wp8flipsmallkey": "",
    "wp8iconcountnotificationkey": "false",
    "wp8iconicmediumkey": "",
    "wp8iconicsmallkey": "",
    "wp8iconimagekey": "",
    "wp8lockscreenbackgroundkey": "false",
    "wp8packagepublisheridkey": "",
    "wp8packageversionkey": "",
    "wp8supportlargetileskey": "false",
    "wp8textnotificationkey": "false",
    "wp8tilestemplatekey": "FLIP_TILE",
    "wp8tilestitlekey": "",
    "xhtmlfavicokey": "",
    "export.type": "visualizer"
}