{
    "@class": "com.kony.gen.viz.model.component.KVizUserWidget",
    "DNDConfig": null,
    "_children_": [],
    "_height_": {
        "type": "string",
        "value": "100%"
    },
    "_left_": {
        "type": "string",
        "value": "0dp"
    },
    "_margin_": [
        0,
        0,
        0,
        0
    ],
    "_orientation_": 1,
    "_padding_": [
        0,
        0,
        0,
        0
    ],
    "_percent_": true,
    "_skin_": "s307bb6493fb4b18b029ecc754771a12",
    "_top_": {
        "type": "string",
        "value": "0dp"
    },
    "_width_": {
        "type": "string",
        "value": "100%"
    },
    "canUpdateUI": true,
    "containerweight": 0,
    "data": {
        "chartTitle": "",
        "xAxisTitle": "",
        "yAxisTitle": ""
    },
    "id": "areachart",
    "info": null,
    "isvisible": true,
    "kuid": "j12a303485d04c9ebda7d3a5630085b9",
    "masterType": 1,
    "name": "kony.ui.UserWidgetInstance",
    "parent": "Form4",
    "pf": "Form4",
    "sourceUserWidget": "fb6737ac157b4bfd978fb2b51afce8ea",
    "wType": "UserWidgetInstance"
}