{
    "AS_Button_ebae377927474bd9aa82621daecbd179": {
        "id": "AS_Button_ebae377927474bd9aa82621daecbd179",
        "type": "ACTION_SEQUENCE",
        "params": [{
            "datatype": "collection",
            "name": "eventobject"
        }],
        "language": "js",
        "actions": [{
            "id": "NAVIGATE_TO_FORM__onClick_ae7801306d2349d48360402a9472769e",
            "type": "NAVIGATE_TO_FORM",
            "formId": "frmAclmeterOptions",
            "formKUID": "i8d69fc7bed6440e9c3c83e55b8ec3cf",
            "mappings": {},
            "mappingsOrder": [],
            "parentId": "",
            "callbackType": null,
            "enableMappingEditor": true,
            "package": "",
            "navigationObj": "{\n    \"_meta_\": {\n        \"eventName\": \"\",\n        \"widgetId\": \"\"\n    }\n}",
            "isCustomInput": false
        }]
    }
}