{
    "AS_Button_cf5f0e35a65845608c93b4c153b2e9d3": {
        "id": "AS_Button_cf5f0e35a65845608c93b4c153b2e9d3",
        "type": "ACTION_SEQUENCE",
        "params": [{
            "datatype": "collection",
            "name": "eventobject"
        }],
        "contextObj": {
            "name": "frmAclmeterOptions",
            "type": "forms",
            "platform": null,
            "KUID": "i8d69fc7bed6440e9c3c83e55b8ec3cf"
        },
        "language": "js",
        "actions": [{
            "id": "NAVIGATE_TO_FORM___efa5964d90b746f1a78a516e94662dab",
            "type": "NAVIGATE_TO_FORM",
            "formId": "frmRegisterAccelerometer",
            "formKUID": "aac9ba446cb5408e992cf6228903317f",
            "mappings": {},
            "mappingsOrder": [],
            "parentId": "",
            "callbackType": null,
            "enableMappingEditor": true,
            "package": "",
            "navigationObj": "{\n    \"_meta_\": {\n        \"eventName\": \"onClick\",\n        \"widgetId\": \"btnRgtrShake\"\n    }\n}",
            "isCustomInput": false
        }]
    }
}