{
    "AS_Button_d6457112600e4a569157e82dfc8272c3": {
        "id": "AS_Button_d6457112600e4a569157e82dfc8272c3",
        "type": "ACTION_SEQUENCE",
        "params": [{
            "datatype": "collection",
            "name": "eventobject"
        }],
        "language": "js",
        "actions": [{
            "id": "NAVIGATE_TO_FORM__ide_onClick_g3b01803d3fd47019dcbb6463092dd81",
            "type": "NAVIGATE_TO_FORM",
            "formId": "frmAclmeterOptions",
            "formKUID": "i8d69fc7bed6440e9c3c83e55b8ec3cf",
            "mappings": {},
            "mappingsOrder": [],
            "parentId": "",
            "callbackType": null,
            "enableMappingEditor": true,
            "package": "",
            "navigationObj": "{\n    \"_meta_\": {\n        \"eventName\": \"onClick\",\n        \"widgetId\": \"headerButtonLeft\"\n    }\n}",
            "isCustomInput": false
        }]
    }
}