{
    "AS_Button_ec235a3c2267400494adc0b74cda7c66": {
        "id": "AS_Button_ec235a3c2267400494adc0b74cda7c66",
        "type": "ACTION_SEQUENCE",
        "params": [{
            "datatype": "collection",
            "name": "eventobject"
        }],
        "contextObj": {
            "name": "frmLocalStore",
            "type": "forms",
            "platform": null,
            "KUID": "d0e784ba054344489bd1745d5eab8013"
        },
        "language": "js",
        "actions": [{
            "id": "INVOKE_FUNCTION___a3e4173d2a15437eb44b36377e8a5294",
            "type": "INVOKE_FUNCTION",
            "sequenceKUID": "setItemvalues",
            "display": "setItemvalues",
            "inputparams": [],
            "parentId": null,
            "callbackType": null,
            "disabled": null,
            "source": "controller"
        }]
    }
}