{
    "AS_Button_b17f3e914256493f8ea5269def794556": {
        "id": "AS_Button_b17f3e914256493f8ea5269def794556",
        "type": "ACTION_SEQUENCE",
        "params": [{
            "datatype": "collection",
            "name": "eventobject"
        }],
        "language": "js",
        "actions": [{
            "id": "NAVIGATE_TO_FORM__ide_onClick_c9a26797aead49edbfb030f8335ee5d9",
            "type": "NAVIGATE_TO_FORM",
            "formKUID": "h157161fda6e4850a76c041f0ebaef7c",
            "mappings": {},
            "mappingsOrder": [],
            "parentId": "",
            "callbackType": null,
            "enableMappingEditor": true,
            "package": "",
            "navigationObj": "{\n    \"_meta_\": {\n        \"eventName\": \"\",\n        \"widgetId\": \"\"\n    }\n}",
            "isCustomInput": false
        }]
    }
}