{
    "AS_Button_b5b590d90f764693af67a3915ae0ca06": {
        "id": "AS_Button_b5b590d90f764693af67a3915ae0ca06",
        "type": "ACTION_SEQUENCE",
        "params": [{
            "datatype": "collection",
            "name": "eventobject"
        }],
        "contextObj": {
            "name": "frmLocalStore",
            "type": "forms",
            "platform": "",
            "KUID": "d0e784ba054344489bd1745d5eab8013"
        },
        "language": "js",
        "actions": [{
            "id": "INVOKE_FUNCTION__onClick_b89a45d389b64414ad3b07f541d32743",
            "type": "INVOKE_FUNCTION",
            "sequenceKUID": "getLength",
            "display": "getLength",
            "inputparams": [],
            "callbackType": null,
            "disabled": null,
            "source": "controller"
        }]
    }
}