{
    "AS_Button_f66f20835fb340aea4e5062ac9e59799": {
        "id": "AS_Button_f66f20835fb340aea4e5062ac9e59799",
        "type": "ACTION_SEQUENCE",
        "params": [{
            "datatype": "collection",
            "name": "eventobject"
        }],
        "contextObj": {
            "name": "frmLocalStore",
            "type": "forms",
            "platform": null,
            "KUID": "d0e784ba054344489bd1745d5eab8013"
        },
        "language": "js",
        "actions": [{
            "id": "INVOKE_FUNCTION___accb7c10be564330b671e4410e770762",
            "type": "INVOKE_FUNCTION",
            "sequenceKUID": "RemoveItem",
            "display": "RemoveItem",
            "inputparams": [],
            "parentId": null,
            "callbackType": null,
            "disabled": null,
            "source": "controller"
        }]
    }
}