{
    "AS_Button_c891b866ec564b0993a29e7df5f20ab6": {
        "id": "AS_Button_c891b866ec564b0993a29e7df5f20ab6",
        "type": "ACTION_SEQUENCE",
        "params": [{
            "datatype": "collection",
            "name": "eventobject"
        }],
        "contextObj": {
            "name": "frmLocalStore",
            "type": "forms",
            "platform": "",
            "KUID": "d0e784ba054344489bd1745d5eab8013"
        },
        "language": "js",
        "actions": [{
            "id": "INVOKE_FUNCTION__onClick_c18fdd2b1de3435aaee0a4fb8e80e57a",
            "type": "INVOKE_FUNCTION",
            "sequenceKUID": "ClearItem",
            "display": "ClearItem",
            "inputparams": [],
            "callbackType": null,
            "disabled": null,
            "source": "controller"
        }]
    }
}