{"v":"5.5.7","meta":{"g":"LottieFiles AE 0.1.21","a":"","k":"","d":"","tc":"#FFFFFF"},"fr":60,"ip":0,"op":135,"w":100,"h":100,"nm":"My Account Animation 2","ddd":0,"assets":[{"id":"comp_0","layers":[{"ddd":0,"ind":2,"ty":0,"nm":"Left Coin Comp 1","refId":"comp_1","sr":1,"ks":{"o":{"a":0,"k":100,"ix":11},"r":{"a":0,"k":0,"ix":10},"p":{"a":0,"k":[25.5,87.5,0],"ix":2},"a":{"a":0,"k":[25.5,83.5,0],"ix":1},"s":{"a":1,"k":[{"i":{"x":[0.667,0.667,0.667],"y":[1,1,1]},"o":{"x":[0.333,0.333,0.333],"y":[0,0,0]},"t":62,"s":[0,0,100]},{"t":83,"s":[100,100,100]}],"ix":6}},"ao":0,"w":100,"h":100,"ip":0,"op":180,"st":0,"bm":0},{"ddd":0,"ind":3,"ty":0,"nm":"Pre-comp 1","refId":"comp_2","sr":1,"ks":{"o":{"a":0,"k":100,"ix":11},"r":{"a":0,"k":0,"ix":10},"p":{"a":0,"k":[73,86.5,0],"ix":2},"a":{"a":0,"k":[70,84,0],"ix":1},"s":{"a":1,"k":[{"i":{"x":[0.667,0.667,0.667],"y":[1,1,1]},"o":{"x":[0.333,0.333,0.333],"y":[0,0,0]},"t":63,"s":[19,19,100]},{"t":83,"s":[100,100,100]}],"ix":6}},"ao":0,"w":100,"h":100,"ip":63,"op":243,"st":63,"bm":0},{"ddd":0,"ind":5,"ty":0,"nm":"Bag","refId":"comp_3","sr":1,"ks":{"o":{"a":0,"k":100,"ix":11},"r":{"a":0,"k":0,"ix":10},"p":{"a":0,"k":[53.5,73,0],"ix":2},"a":{"a":0,"k":[46,73,0],"ix":1},"s":{"a":0,"k":[100,100,100],"ix":6}},"ao":0,"w":100,"h":100,"ip":0,"op":180,"st":0,"bm":0}]},{"id":"comp_1","layers":[{"ddd":0,"ind":1,"ty":4,"nm":"Left Coin","sr":1,"ks":{"o":{"a":0,"k":100,"ix":11},"r":{"a":0,"k":0,"ix":10},"p":{"a":0,"k":[25.039,81.11,0],"ix":2},"a":{"a":0,"k":[6.885,4.839,0],"ix":1},"s":{"a":0,"k":[100,100,100],"ix":6}},"ao":0,"shapes":[{"ty":"gr","it":[{"ind":0,"ty":"sh","ix":1,"ks":{"a":0,"k":{"i":[[3.711,0],[0,-0.423],[-3.711,0],[0,0.423]],"o":[[-3.711,0],[0,0.423],[3.711,0],[0,-0.423]],"v":[[0,-1.414],[-5.625,0],[0,1.414],[5.625,0]],"c":true},"ix":2},"nm":"Path 1","mn":"ADBE Vector Shape - Group","hd":false},{"ind":1,"ty":"sh","ix":2,"ks":{"a":0,"k":{"i":[[3.191,0],[0,1.658],[-3.191,0],[0,-1.658]],"o":[[-3.191,0],[0,-1.658],[3.191,0],[0,1.658]],"v":[[0,2.414],[-6.625,0],[0,-2.414],[6.625,0]],"c":true},"ix":2},"nm":"Path 2","mn":"ADBE Vector Shape - Group","hd":false},{"ty":"mm","mm":1,"nm":"Merge Paths 1","mn":"ADBE Vector Filter - Merge","hd":false},{"ty":"fl","c":{"a":0,"k":[0.2027960235,0.297225413603,0.446054107068,1],"ix":4},"o":{"a":0,"k":100,"ix":5},"r":1,"bm":0,"nm":"Fill 1","mn":"ADBE Vector Graphic - Fill","hd":false},{"ty":"tr","p":{"a":0,"k":[6.879,2.664],"ix":2},"a":{"a":0,"k":[0,0],"ix":1},"s":{"a":0,"k":[100,100],"ix":3},"r":{"a":0,"k":0,"ix":6},"o":{"a":0,"k":100,"ix":7},"sk":{"a":0,"k":0,"ix":4},"sa":{"a":0,"k":0,"ix":5},"nm":"Transform"}],"nm":"Group 1","np":4,"cix":2,"bm":0,"ix":1,"mn":"ADBE Vector Group","hd":false},{"ty":"gr","it":[{"ind":0,"ty":"sh","ix":1,"ks":{"a":0,"k":{"i":[[-3.383,0],[0,1.057],[3.382,0],[0,-1.058]],"o":[[3.382,0],[0,-1.058],[-3.383,0],[0,1.057]],"v":[[0,1.914],[6.125,0],[0,-1.914],[-6.125,0]],"c":true},"ix":2},"nm":"Path 1","mn":"ADBE Vector Shape - Group","hd":false},{"ty":"fl","c":{"a":0,"k":[0.530481854607,0.639795041552,0.756699206782,1],"ix":4},"o":{"a":0,"k":100,"ix":5},"r":1,"bm":0,"nm":"Fill 1","mn":"ADBE Vector Graphic - Fill","hd":false},{"ty":"tr","p":{"a":0,"k":[6.879,2.664],"ix":2},"a":{"a":0,"k":[0,0],"ix":1},"s":{"a":0,"k":[100,100],"ix":3},"r":{"a":0,"k":0,"ix":6},"o":{"a":0,"k":100,"ix":7},"sk":{"a":0,"k":0,"ix":4},"sa":{"a":0,"k":0,"ix":5},"nm":"Transform"}],"nm":"Group 2","np":2,"cix":2,"bm":0,"ix":2,"mn":"ADBE Vector Group","hd":false},{"ty":"gr","it":[{"ind":0,"ty":"sh","ix":1,"ks":{"a":0,"k":{"i":[[0,0],[0,0]],"o":[[0,0],[0,0]],"v":[[-6.113,1.13],[-6.103,1.13]],"c":true},"ix":2},"nm":"Path 1","mn":"ADBE Vector Shape - Group","hd":false},{"ind":1,"ty":"sh","ix":2,"ks":{"a":0,"k":{"i":[[0.361,0.22],[0,0],[0,0],[-3.71,-0.066],[-1.116,0.327],[-0.003,0.164],[0,0],[2.294,0.632]],"o":[[0,0],[0,0],[-0.007,0.423],[1.588,0.025],[1.057,-0.311],[0,0],[-3.042,1.841],[-0.638,-0.176]],"v":[[-5.613,-2.027],[-5.613,1.13],[-5.613,1.139],[-0.014,2.65],[4.177,2.186],[5.635,1.335],[5.622,-2.146],[-4.13,-1.406]],"c":true},"ix":2},"nm":"Path 2","mn":"ADBE Vector Shape - Group","hd":false},{"ind":2,"ty":"sh","ix":3,"ks":{"a":0,"k":{"i":[[1.553,0],[0.118,0.001],[-0.022,1.654],[0,0],[-0.213,0.063],[-0.12,-0.187],[-1.375,-0.378],[-2.347,1.955],[-0.175,-0.081],[-0.001,-0.194],[0,0],[1.783,-0.524]],"o":[[-0.118,0],[-3.187,-0.057],[0,0],[0,-0.222],[0.212,-0.061],[0,0],[3.009,0.829],[0.149,-0.126],[0.176,0.082],[0,0],[-0.01,0.54],[-1.125,0.329]],"v":[[0.323,3.652],[-0.031,3.65],[-6.613,1.126],[-6.613,-3.111],[-6.254,-3.592],[-5.692,-3.382],[-3.865,-2.37],[5.799,-3.495],[6.33,-3.564],[6.619,-3.113],[6.635,1.342],[4.458,3.146]],"c":true},"ix":2},"nm":"Path 3","mn":"ADBE Vector Shape - Group","hd":false},{"ty":"mm","mm":1,"nm":"Merge Paths 1","mn":"ADBE Vector Filter - Merge","hd":false},{"ty":"fl","c":{"a":0,"k":[0.2027960235,0.297225413603,0.446054107068,1],"ix":4},"o":{"a":0,"k":100,"ix":5},"r":1,"bm":0,"nm":"Fill 1","mn":"ADBE Vector Graphic - Fill","hd":false},{"ty":"tr","p":{"a":0,"k":[6.885,5.776],"ix":2},"a":{"a":0,"k":[0,0],"ix":1},"s":{"a":0,"k":[100,100],"ix":3},"r":{"a":0,"k":0,"ix":6},"o":{"a":0,"k":100,"ix":7},"sk":{"a":0,"k":0,"ix":4},"sa":{"a":0,"k":0,"ix":5},"nm":"Transform"}],"nm":"Group 3","np":5,"cix":2,"bm":0,"ix":3,"mn":"ADBE Vector Group","hd":false},{"ty":"gr","it":[{"ind":0,"ty":"sh","ix":1,"ks":{"a":0,"k":{"i":[[-0.019,1.057],[0,0],[-1.616,-0.444],[-2.71,2.257],[0,0],[3.383,0.058]],"o":[[0,0],[0,0],[2.695,0.741],[0,0],[-0.019,1.058],[-3.382,-0.06]],"v":[[-6.115,1.081],[-6.115,-3.16],[-3.999,-1.937],[6.118,-3.16],[6.133,1.294],[-0.025,3.102]],"c":true},"ix":2},"nm":"Path 1","mn":"ADBE Vector Shape - Group","hd":false},{"ty":"fl","c":{"a":0,"k":[1,0.999998863071,1,1],"ix":4},"o":{"a":0,"k":100,"ix":5},"r":1,"bm":0,"nm":"Fill 1","mn":"ADBE Vector Graphic - Fill","hd":false},{"ty":"tr","p":{"a":0,"k":[6.887,5.824],"ix":2},"a":{"a":0,"k":[0,0],"ix":1},"s":{"a":0,"k":[100,100],"ix":3},"r":{"a":0,"k":0,"ix":6},"o":{"a":0,"k":100,"ix":7},"sk":{"a":0,"k":0,"ix":4},"sa":{"a":0,"k":0,"ix":5},"nm":"Transform"}],"nm":"Group 4","np":2,"cix":2,"bm":0,"ix":4,"mn":"ADBE Vector Group","hd":false}],"ip":0,"op":180,"st":0,"bm":0}]},{"id":"comp_2","layers":[{"ddd":0,"ind":1,"ty":4,"nm":"Top coin","sr":1,"ks":{"o":{"a":0,"k":100,"ix":11},"r":{"a":0,"k":0,"ix":10},"p":{"a":0,"k":[68.233,67.745,0],"ix":2},"a":{"a":0,"k":[6.883,4.839,0],"ix":1},"s":{"a":0,"k":[100,100,100],"ix":6}},"ao":0,"shapes":[{"ty":"gr","it":[{"ind":0,"ty":"sh","ix":1,"ks":{"a":0,"k":{"i":[[3.711,0],[0,-0.423],[-3.711,0],[0,0.423]],"o":[[-3.711,0],[0,0.423],[3.711,0],[0,-0.423]],"v":[[0,-1.414],[-5.625,0],[0,1.414],[5.625,0]],"c":true},"ix":2},"nm":"Path 1","mn":"ADBE Vector Shape - Group","hd":false},{"ind":1,"ty":"sh","ix":2,"ks":{"a":0,"k":{"i":[[3.19,0],[0,1.658],[-3.19,0],[0,-1.658]],"o":[[-3.19,0],[0,-1.658],[3.19,0],[0,1.658]],"v":[[0,2.414],[-6.625,0],[0,-2.414],[6.625,0]],"c":true},"ix":2},"nm":"Path 2","mn":"ADBE Vector Shape - Group","hd":false},{"ty":"mm","mm":1,"nm":"Merge Paths 1","mn":"ADBE Vector Filter - Merge","hd":false},{"ty":"fl","c":{"a":0,"k":[0.2027960235,0.297225413603,0.446054107068,1],"ix":4},"o":{"a":0,"k":100,"ix":5},"r":1,"bm":0,"nm":"Fill 1","mn":"ADBE Vector Graphic - Fill","hd":false},{"ty":"tr","p":{"a":0,"k":[6.875,2.664],"ix":2},"a":{"a":0,"k":[0,0],"ix":1},"s":{"a":0,"k":[100,100],"ix":3},"r":{"a":0,"k":0,"ix":6},"o":{"a":0,"k":100,"ix":7},"sk":{"a":0,"k":0,"ix":4},"sa":{"a":0,"k":0,"ix":5},"nm":"Transform"}],"nm":"Group 1","np":4,"cix":2,"bm":0,"ix":1,"mn":"ADBE Vector Group","hd":false},{"ty":"gr","it":[{"ind":0,"ty":"sh","ix":1,"ks":{"a":0,"k":{"i":[[-3.383,0],[0,1.058],[3.383,0],[0,-1.057]],"o":[[3.383,0],[0,-1.057],[-3.383,0],[0,1.058]],"v":[[0,1.914],[6.125,0],[0,-1.914],[-6.125,0]],"c":true},"ix":2},"nm":"Path 1","mn":"ADBE Vector Shape - Group","hd":false},{"ty":"fl","c":{"a":0,"k":[0.530481854607,0.639795041552,0.756699206782,1],"ix":4},"o":{"a":0,"k":100,"ix":5},"r":1,"bm":0,"nm":"Fill 1","mn":"ADBE Vector Graphic - Fill","hd":false},{"ty":"tr","p":{"a":0,"k":[6.875,2.664],"ix":2},"a":{"a":0,"k":[0,0],"ix":1},"s":{"a":0,"k":[100,100],"ix":3},"r":{"a":0,"k":0,"ix":6},"o":{"a":0,"k":100,"ix":7},"sk":{"a":0,"k":0,"ix":4},"sa":{"a":0,"k":0,"ix":5},"nm":"Transform"}],"nm":"Group 2","np":2,"cix":2,"bm":0,"ix":2,"mn":"ADBE Vector Group","hd":false},{"ty":"gr","it":[{"ind":0,"ty":"sh","ix":1,"ks":{"a":0,"k":{"i":[[0,0],[0,0]],"o":[[0,0],[0,0]],"v":[[-6.12,1.13],[-6.111,1.13]],"c":true},"ix":2},"nm":"Path 1","mn":"ADBE Vector Shape - Group","hd":false},{"ind":1,"ty":"sh","ix":2,"ks":{"a":0,"k":{"i":[[0.36,0.22],[0,0],[0,0],[-1.046,-0.347],[-1.586,-0.028],[-1.116,0.328],[-0.003,0.164],[0,0],[2.294,0.631]],"o":[[0,0],[0,0],[-0.003,0.164],[1.103,0.366],[1.582,0.022],[1.057,-0.31],[0,0],[-3.041,1.842],[-0.638,-0.176]],"v":[[-5.62,-2.027],[-5.62,1.13],[-5.62,1.139],[-4.193,2.04],[-0.02,2.651],[4.169,2.186],[5.628,1.335],[5.615,-2.146],[-4.137,-1.405]],"c":true},"ix":2},"nm":"Path 2","mn":"ADBE Vector Shape - Group","hd":false},{"ind":2,"ty":"sh","ix":3,"ks":{"a":0,"k":{"i":[[1.551,0],[0.12,0.001],[1.198,0.398],[-0.007,0.529],[0,0],[-0.213,0.063],[-0.12,-0.187],[-1.375,-0.378],[-2.346,1.954],[-0.174,-0.081],[-0.001,-0.194],[0,0],[1.783,-0.524]],"o":[[-0.119,0],[-1.685,-0.03],[-1.758,-0.583],[0,0],[0,-0.222],[0.215,-0.062],[0,0],[3.009,0.829],[0.15,-0.126],[0.176,0.082],[0,0],[-0.01,0.54],[-1.124,0.33]],"v":[[0.32,3.653],[-0.038,3.651],[-4.507,2.989],[-6.62,1.126],[-6.62,-3.111],[-6.262,-3.591],[-5.699,-3.381],[-3.872,-2.37],[5.792,-3.495],[6.322,-3.564],[6.611,-3.113],[6.628,1.342],[4.451,3.146]],"c":true},"ix":2},"nm":"Path 3","mn":"ADBE Vector Shape - Group","hd":false},{"ty":"mm","mm":1,"nm":"Merge Paths 1","mn":"ADBE Vector Filter - Merge","hd":false},{"ty":"fl","c":{"a":0,"k":[0.2027960235,0.297225413603,0.446054107068,1],"ix":4},"o":{"a":0,"k":100,"ix":5},"r":1,"bm":0,"nm":"Fill 1","mn":"ADBE Vector Graphic - Fill","hd":false},{"ty":"tr","p":{"a":0,"k":[6.888,5.775],"ix":2},"a":{"a":0,"k":[0,0],"ix":1},"s":{"a":0,"k":[100,100],"ix":3},"r":{"a":0,"k":0,"ix":6},"o":{"a":0,"k":100,"ix":7},"sk":{"a":0,"k":0,"ix":4},"sa":{"a":0,"k":0,"ix":5},"nm":"Transform"}],"nm":"Group 3","np":5,"cix":2,"bm":0,"ix":3,"mn":"ADBE Vector Group","hd":false},{"ty":"gr","it":[{"ind":0,"ty":"sh","ix":1,"ks":{"a":0,"k":{"i":[[-0.018,1.057],[0,0],[-1.616,-0.444],[-2.71,2.258],[0,0],[3.383,0.058]],"o":[[0,0],[0,0],[2.695,0.742],[0,0],[-0.019,1.057],[-3.382,-0.06]],"v":[[-6.115,1.081],[-6.115,-3.16],[-3.999,-1.937],[6.117,-3.16],[6.133,1.295],[-0.024,3.102]],"c":true},"ix":2},"nm":"Path 1","mn":"ADBE Vector Shape - Group","hd":false},{"ty":"fl","c":{"a":0,"k":[1,0.999998863071,1,1],"ix":4},"o":{"a":0,"k":100,"ix":5},"r":1,"bm":0,"nm":"Fill 1","mn":"ADBE Vector Graphic - Fill","hd":false},{"ty":"tr","p":{"a":0,"k":[6.883,5.824],"ix":2},"a":{"a":0,"k":[0,0],"ix":1},"s":{"a":0,"k":[100,100],"ix":3},"r":{"a":0,"k":0,"ix":6},"o":{"a":0,"k":100,"ix":7},"sk":{"a":0,"k":0,"ix":4},"sa":{"a":0,"k":0,"ix":5},"nm":"Transform"}],"nm":"Group 4","np":2,"cix":2,"bm":0,"ix":4,"mn":"ADBE Vector Group","hd":false}],"ip":0,"op":180,"st":0,"bm":0},{"ddd":0,"ind":2,"ty":4,"nm":"Lcoin01","sr":1,"ks":{"o":{"a":0,"k":100,"ix":11},"r":{"a":0,"k":0,"ix":10},"p":{"a":0,"k":[63.233,73.745,0],"ix":2},"a":{"a":0,"k":[6.883,4.839,0],"ix":1},"s":{"a":0,"k":[100,100,100],"ix":6}},"ao":0,"shapes":[{"ty":"gr","it":[{"ind":0,"ty":"sh","ix":1,"ks":{"a":0,"k":{"i":[[3.711,0],[0,-0.423],[-3.711,0],[0,0.423]],"o":[[-3.711,0],[0,0.423],[3.711,0],[0,-0.423]],"v":[[0,-1.414],[-5.625,0],[0,1.414],[5.625,0]],"c":true},"ix":2},"nm":"Path 1","mn":"ADBE Vector Shape - Group","hd":false},{"ind":1,"ty":"sh","ix":2,"ks":{"a":0,"k":{"i":[[3.19,0],[0,1.658],[-3.19,0],[0,-1.658]],"o":[[-3.19,0],[0,-1.658],[3.19,0],[0,1.658]],"v":[[0,2.414],[-6.625,0],[0,-2.414],[6.625,0]],"c":true},"ix":2},"nm":"Path 2","mn":"ADBE Vector Shape - Group","hd":false},{"ty":"mm","mm":1,"nm":"Merge Paths 1","mn":"ADBE Vector Filter - Merge","hd":false},{"ty":"fl","c":{"a":0,"k":[0.2027960235,0.297225413603,0.446054107068,1],"ix":4},"o":{"a":0,"k":100,"ix":5},"r":1,"bm":0,"nm":"Fill 1","mn":"ADBE Vector Graphic - Fill","hd":false},{"ty":"tr","p":{"a":0,"k":[6.875,2.664],"ix":2},"a":{"a":0,"k":[0,0],"ix":1},"s":{"a":0,"k":[100,100],"ix":3},"r":{"a":0,"k":0,"ix":6},"o":{"a":0,"k":100,"ix":7},"sk":{"a":0,"k":0,"ix":4},"sa":{"a":0,"k":0,"ix":5},"nm":"Transform"}],"nm":"Group 1","np":4,"cix":2,"bm":0,"ix":1,"mn":"ADBE Vector Group","hd":false},{"ty":"gr","it":[{"ind":0,"ty":"sh","ix":1,"ks":{"a":0,"k":{"i":[[-3.383,0],[0,1.058],[3.383,0],[0,-1.057]],"o":[[3.383,0],[0,-1.057],[-3.383,0],[0,1.058]],"v":[[0,1.914],[6.125,0],[0,-1.914],[-6.125,0]],"c":true},"ix":2},"nm":"Path 1","mn":"ADBE Vector Shape - Group","hd":false},{"ty":"fl","c":{"a":0,"k":[0.530481854607,0.639795041552,0.756699206782,1],"ix":4},"o":{"a":0,"k":100,"ix":5},"r":1,"bm":0,"nm":"Fill 1","mn":"ADBE Vector Graphic - Fill","hd":false},{"ty":"tr","p":{"a":0,"k":[6.875,2.664],"ix":2},"a":{"a":0,"k":[0,0],"ix":1},"s":{"a":0,"k":[100,100],"ix":3},"r":{"a":0,"k":0,"ix":6},"o":{"a":0,"k":100,"ix":7},"sk":{"a":0,"k":0,"ix":4},"sa":{"a":0,"k":0,"ix":5},"nm":"Transform"}],"nm":"Group 2","np":2,"cix":2,"bm":0,"ix":2,"mn":"ADBE Vector Group","hd":false},{"ty":"gr","it":[{"ind":0,"ty":"sh","ix":1,"ks":{"a":0,"k":{"i":[[0,0],[0,0]],"o":[[0,0],[0,0]],"v":[[-6.12,1.13],[-6.111,1.13]],"c":true},"ix":2},"nm":"Path 1","mn":"ADBE Vector Shape - Group","hd":false},{"ind":1,"ty":"sh","ix":2,"ks":{"a":0,"k":{"i":[[0.36,0.22],[0,0],[0,0],[-1.046,-0.347],[-1.586,-0.028],[-1.116,0.328],[-0.003,0.164],[0,0],[2.294,0.631]],"o":[[0,0],[0,0],[-0.003,0.164],[1.103,0.366],[1.582,0.022],[1.057,-0.31],[0,0],[-3.041,1.842],[-0.638,-0.176]],"v":[[-5.62,-2.027],[-5.62,1.13],[-5.62,1.139],[-4.193,2.04],[-0.02,2.651],[4.169,2.186],[5.628,1.335],[5.615,-2.146],[-4.137,-1.405]],"c":true},"ix":2},"nm":"Path 2","mn":"ADBE Vector Shape - Group","hd":false},{"ind":2,"ty":"sh","ix":3,"ks":{"a":0,"k":{"i":[[1.551,0],[0.12,0.001],[1.198,0.398],[-0.007,0.529],[0,0],[-0.213,0.063],[-0.12,-0.187],[-1.375,-0.378],[-2.346,1.954],[-0.174,-0.081],[-0.001,-0.194],[0,0],[1.783,-0.524]],"o":[[-0.119,0],[-1.685,-0.03],[-1.758,-0.583],[0,0],[0,-0.222],[0.215,-0.062],[0,0],[3.009,0.829],[0.15,-0.126],[0.176,0.082],[0,0],[-0.01,0.54],[-1.124,0.33]],"v":[[0.32,3.653],[-0.038,3.651],[-4.507,2.989],[-6.62,1.126],[-6.62,-3.111],[-6.262,-3.591],[-5.699,-3.381],[-3.872,-2.37],[5.792,-3.495],[6.322,-3.564],[6.611,-3.113],[6.628,1.342],[4.451,3.146]],"c":true},"ix":2},"nm":"Path 3","mn":"ADBE Vector Shape - Group","hd":false},{"ty":"mm","mm":1,"nm":"Merge Paths 1","mn":"ADBE Vector Filter - Merge","hd":false},{"ty":"fl","c":{"a":0,"k":[0.2027960235,0.297225413603,0.446054107068,1],"ix":4},"o":{"a":0,"k":100,"ix":5},"r":1,"bm":0,"nm":"Fill 1","mn":"ADBE Vector Graphic - Fill","hd":false},{"ty":"tr","p":{"a":0,"k":[6.888,5.775],"ix":2},"a":{"a":0,"k":[0,0],"ix":1},"s":{"a":0,"k":[100,100],"ix":3},"r":{"a":0,"k":0,"ix":6},"o":{"a":0,"k":100,"ix":7},"sk":{"a":0,"k":0,"ix":4},"sa":{"a":0,"k":0,"ix":5},"nm":"Transform"}],"nm":"Group 3","np":5,"cix":2,"bm":0,"ix":3,"mn":"ADBE Vector Group","hd":false},{"ty":"gr","it":[{"ind":0,"ty":"sh","ix":1,"ks":{"a":0,"k":{"i":[[-0.018,1.057],[0,0],[-1.616,-0.444],[-2.71,2.258],[0,0],[3.383,0.058]],"o":[[0,0],[0,0],[2.695,0.742],[0,0],[-0.019,1.057],[-3.382,-0.06]],"v":[[-6.115,1.081],[-6.115,-3.16],[-3.999,-1.937],[6.117,-3.16],[6.133,1.295],[-0.024,3.102]],"c":true},"ix":2},"nm":"Path 1","mn":"ADBE Vector Shape - Group","hd":false},{"ty":"fl","c":{"a":0,"k":[1,0.999998863071,1,1],"ix":4},"o":{"a":0,"k":100,"ix":5},"r":1,"bm":0,"nm":"Fill 1","mn":"ADBE Vector Graphic - Fill","hd":false},{"ty":"tr","p":{"a":0,"k":[6.883,5.824],"ix":2},"a":{"a":0,"k":[0,0],"ix":1},"s":{"a":0,"k":[100,100],"ix":3},"r":{"a":0,"k":0,"ix":6},"o":{"a":0,"k":100,"ix":7},"sk":{"a":0,"k":0,"ix":4},"sa":{"a":0,"k":0,"ix":5},"nm":"Transform"}],"nm":"Group 4","np":2,"cix":2,"bm":0,"ix":4,"mn":"ADBE Vector Group","hd":false}],"ip":0,"op":180,"st":0,"bm":0},{"ddd":0,"ind":3,"ty":4,"nm":"R coin","sr":1,"ks":{"o":{"a":0,"k":100,"ix":11},"r":{"a":0,"k":0,"ix":10},"p":{"a":0,"k":[75.343,73.745,0],"ix":2},"a":{"a":0,"k":[6.883,4.839,0],"ix":1},"s":{"a":0,"k":[100,100,100],"ix":6}},"ao":0,"shapes":[{"ty":"gr","it":[{"ind":0,"ty":"sh","ix":1,"ks":{"a":0,"k":{"i":[[3.711,0],[0,-0.423],[-3.711,0],[0,0.423]],"o":[[-3.711,0],[0,0.423],[3.711,0],[0,-0.423]],"v":[[0,-1.414],[-5.625,0],[0,1.414],[5.625,0]],"c":true},"ix":2},"nm":"Path 1","mn":"ADBE Vector Shape - Group","hd":false},{"ind":1,"ty":"sh","ix":2,"ks":{"a":0,"k":{"i":[[3.19,0],[0,1.658],[-3.19,0],[0,-1.658]],"o":[[-3.19,0],[0,-1.658],[3.19,0],[0,1.658]],"v":[[0,2.414],[-6.625,0],[0,-2.414],[6.625,0]],"c":true},"ix":2},"nm":"Path 2","mn":"ADBE Vector Shape - Group","hd":false},{"ty":"mm","mm":1,"nm":"Merge Paths 1","mn":"ADBE Vector Filter - Merge","hd":false},{"ty":"fl","c":{"a":0,"k":[0.2027960235,0.297225413603,0.446054107068,1],"ix":4},"o":{"a":0,"k":100,"ix":5},"r":1,"bm":0,"nm":"Fill 1","mn":"ADBE Vector Graphic - Fill","hd":false},{"ty":"tr","p":{"a":0,"k":[6.875,2.664],"ix":2},"a":{"a":0,"k":[0,0],"ix":1},"s":{"a":0,"k":[100,100],"ix":3},"r":{"a":0,"k":0,"ix":6},"o":{"a":0,"k":100,"ix":7},"sk":{"a":0,"k":0,"ix":4},"sa":{"a":0,"k":0,"ix":5},"nm":"Transform"}],"nm":"Group 1","np":4,"cix":2,"bm":0,"ix":1,"mn":"ADBE Vector Group","hd":false},{"ty":"gr","it":[{"ind":0,"ty":"sh","ix":1,"ks":{"a":0,"k":{"i":[[-3.383,0],[0,1.058],[3.383,0],[0,-1.057]],"o":[[3.383,0],[0,-1.057],[-3.383,0],[0,1.058]],"v":[[0,1.914],[6.125,0],[0,-1.914],[-6.125,0]],"c":true},"ix":2},"nm":"Path 1","mn":"ADBE Vector Shape - Group","hd":false},{"ty":"fl","c":{"a":0,"k":[0.530481854607,0.639795041552,0.756699206782,1],"ix":4},"o":{"a":0,"k":100,"ix":5},"r":1,"bm":0,"nm":"Fill 1","mn":"ADBE Vector Graphic - Fill","hd":false},{"ty":"tr","p":{"a":0,"k":[6.875,2.664],"ix":2},"a":{"a":0,"k":[0,0],"ix":1},"s":{"a":0,"k":[100,100],"ix":3},"r":{"a":0,"k":0,"ix":6},"o":{"a":0,"k":100,"ix":7},"sk":{"a":0,"k":0,"ix":4},"sa":{"a":0,"k":0,"ix":5},"nm":"Transform"}],"nm":"Group 2","np":2,"cix":2,"bm":0,"ix":2,"mn":"ADBE Vector Group","hd":false},{"ty":"gr","it":[{"ind":0,"ty":"sh","ix":1,"ks":{"a":0,"k":{"i":[[0,0],[0,0]],"o":[[0,0],[0,0]],"v":[[-6.12,1.13],[-6.111,1.13]],"c":true},"ix":2},"nm":"Path 1","mn":"ADBE Vector Shape - Group","hd":false},{"ind":1,"ty":"sh","ix":2,"ks":{"a":0,"k":{"i":[[0.36,0.22],[0,0],[0,0],[-1.046,-0.347],[-1.586,-0.028],[-1.116,0.328],[-0.003,0.164],[0,0],[2.294,0.631]],"o":[[0,0],[0,0],[-0.003,0.164],[1.103,0.366],[1.582,0.022],[1.057,-0.31],[0,0],[-3.041,1.842],[-0.638,-0.176]],"v":[[-5.62,-2.027],[-5.62,1.13],[-5.62,1.139],[-4.193,2.04],[-0.02,2.651],[4.169,2.186],[5.628,1.335],[5.615,-2.146],[-4.137,-1.405]],"c":true},"ix":2},"nm":"Path 2","mn":"ADBE Vector Shape - Group","hd":false},{"ind":2,"ty":"sh","ix":3,"ks":{"a":0,"k":{"i":[[1.551,0],[0.12,0.001],[1.198,0.398],[-0.007,0.529],[0,0],[-0.213,0.063],[-0.12,-0.187],[-1.375,-0.378],[-2.346,1.954],[-0.174,-0.081],[-0.001,-0.194],[0,0],[1.783,-0.524]],"o":[[-0.119,0],[-1.685,-0.03],[-1.758,-0.583],[0,0],[0,-0.222],[0.215,-0.062],[0,0],[3.009,0.829],[0.15,-0.126],[0.176,0.082],[0,0],[-0.01,0.54],[-1.124,0.33]],"v":[[0.32,3.653],[-0.038,3.651],[-4.507,2.989],[-6.62,1.126],[-6.62,-3.111],[-6.262,-3.591],[-5.699,-3.381],[-3.872,-2.37],[5.792,-3.495],[6.322,-3.564],[6.611,-3.113],[6.628,1.342],[4.451,3.146]],"c":true},"ix":2},"nm":"Path 3","mn":"ADBE Vector Shape - Group","hd":false},{"ty":"mm","mm":1,"nm":"Merge Paths 1","mn":"ADBE Vector Filter - Merge","hd":false},{"ty":"fl","c":{"a":0,"k":[0.2027960235,0.297225413603,0.446054107068,1],"ix":4},"o":{"a":0,"k":100,"ix":5},"r":1,"bm":0,"nm":"Fill 1","mn":"ADBE Vector Graphic - Fill","hd":false},{"ty":"tr","p":{"a":0,"k":[6.888,5.775],"ix":2},"a":{"a":0,"k":[0,0],"ix":1},"s":{"a":0,"k":[100,100],"ix":3},"r":{"a":0,"k":0,"ix":6},"o":{"a":0,"k":100,"ix":7},"sk":{"a":0,"k":0,"ix":4},"sa":{"a":0,"k":0,"ix":5},"nm":"Transform"}],"nm":"Group 3","np":5,"cix":2,"bm":0,"ix":3,"mn":"ADBE Vector Group","hd":false},{"ty":"gr","it":[{"ind":0,"ty":"sh","ix":1,"ks":{"a":0,"k":{"i":[[-0.018,1.057],[0,0],[-1.616,-0.444],[-2.71,2.258],[0,0],[3.383,0.058]],"o":[[0,0],[0,0],[2.695,0.742],[0,0],[-0.019,1.057],[-3.382,-0.06]],"v":[[-6.115,1.081],[-6.115,-3.16],[-3.999,-1.937],[6.117,-3.16],[6.133,1.295],[-0.024,3.102]],"c":true},"ix":2},"nm":"Path 1","mn":"ADBE Vector Shape - Group","hd":false},{"ty":"fl","c":{"a":0,"k":[1,0.999998863071,1,1],"ix":4},"o":{"a":0,"k":100,"ix":5},"r":1,"bm":0,"nm":"Fill 1","mn":"ADBE Vector Graphic - Fill","hd":false},{"ty":"tr","p":{"a":0,"k":[6.883,5.824],"ix":2},"a":{"a":0,"k":[0,0],"ix":1},"s":{"a":0,"k":[100,100],"ix":3},"r":{"a":0,"k":0,"ix":6},"o":{"a":0,"k":100,"ix":7},"sk":{"a":0,"k":0,"ix":4},"sa":{"a":0,"k":0,"ix":5},"nm":"Transform"}],"nm":"Group 4","np":2,"cix":2,"bm":0,"ix":4,"mn":"ADBE Vector Group","hd":false}],"ip":0,"op":180,"st":0,"bm":0},{"ddd":0,"ind":4,"ty":4,"nm":"Lcoin02","sr":1,"ks":{"o":{"a":0,"k":100,"ix":11},"r":{"a":0,"k":0,"ix":10},"p":{"a":0,"k":[63.158,78.141,0],"ix":2},"a":{"a":0,"k":[6.883,4.839,0],"ix":1},"s":{"a":0,"k":[100,100,100],"ix":6}},"ao":0,"shapes":[{"ty":"gr","it":[{"ind":0,"ty":"sh","ix":1,"ks":{"a":0,"k":{"i":[[3.711,0],[0,-0.423],[-3.711,0],[0,0.423]],"o":[[-3.711,0],[0,0.423],[3.711,0],[0,-0.423]],"v":[[0.001,-1.413],[-5.624,0.001],[0.001,1.413],[5.624,0.001]],"c":true},"ix":2},"nm":"Path 1","mn":"ADBE Vector Shape - Group","hd":false},{"ind":1,"ty":"sh","ix":2,"ks":{"a":0,"k":{"i":[[3.19,0],[0,1.658],[-3.19,0],[0,-1.658]],"o":[[-3.19,0],[0,-1.658],[3.19,0],[0,1.658]],"v":[[0.001,2.413],[-6.624,0.001],[0.001,-2.413],[6.624,0.001]],"c":true},"ix":2},"nm":"Path 2","mn":"ADBE Vector Shape - Group","hd":false},{"ty":"mm","mm":1,"nm":"Merge Paths 1","mn":"ADBE Vector Filter - Merge","hd":false},{"ty":"fl","c":{"a":0,"k":[0.2027960235,0.297225413603,0.446054107068,1],"ix":4},"o":{"a":0,"k":100,"ix":5},"r":1,"bm":0,"nm":"Fill 1","mn":"ADBE Vector Graphic - Fill","hd":false},{"ty":"tr","p":{"a":0,"k":[6.874,2.663],"ix":2},"a":{"a":0,"k":[0,0],"ix":1},"s":{"a":0,"k":[100,100],"ix":3},"r":{"a":0,"k":0,"ix":6},"o":{"a":0,"k":100,"ix":7},"sk":{"a":0,"k":0,"ix":4},"sa":{"a":0,"k":0,"ix":5},"nm":"Transform"}],"nm":"Group 1","np":4,"cix":2,"bm":0,"ix":1,"mn":"ADBE Vector Group","hd":false},{"ty":"gr","it":[{"ind":0,"ty":"sh","ix":1,"ks":{"a":0,"k":{"i":[[-3.383,0],[0,1.058],[3.383,0],[0,-1.057]],"o":[[3.383,0],[0,-1.057],[-3.383,0],[0,1.058]],"v":[[0,1.914],[6.125,0],[0,-1.914],[-6.125,0]],"c":true},"ix":2},"nm":"Path 1","mn":"ADBE Vector Shape - Group","hd":false},{"ty":"fl","c":{"a":0,"k":[0.530481854607,0.639795041552,0.756699206782,1],"ix":4},"o":{"a":0,"k":100,"ix":5},"r":1,"bm":0,"nm":"Fill 1","mn":"ADBE Vector Graphic - Fill","hd":false},{"ty":"tr","p":{"a":0,"k":[6.875,2.663],"ix":2},"a":{"a":0,"k":[0,0],"ix":1},"s":{"a":0,"k":[100,100],"ix":3},"r":{"a":0,"k":0,"ix":6},"o":{"a":0,"k":100,"ix":7},"sk":{"a":0,"k":0,"ix":4},"sa":{"a":0,"k":0,"ix":5},"nm":"Transform"}],"nm":"Group 2","np":2,"cix":2,"bm":0,"ix":2,"mn":"ADBE Vector Group","hd":false},{"ty":"gr","it":[{"ind":0,"ty":"sh","ix":1,"ks":{"a":0,"k":{"i":[[0,0],[0,0]],"o":[[0,0],[0,0]],"v":[[-6.12,1.129],[-6.111,1.129]],"c":true},"ix":2},"nm":"Path 1","mn":"ADBE Vector Shape - Group","hd":false},{"ind":1,"ty":"sh","ix":2,"ks":{"a":0,"k":{"i":[[0.36,0.219],[0,0],[0,0],[-1.046,-0.347],[-1.586,-0.028],[-1.116,0.328],[-0.003,0.164],[0,0],[2.293,0.628]],"o":[[0,0],[0,0],[-0.003,0.164],[1.103,0.366],[1.59,0.032],[1.057,-0.31],[0,0],[-3.042,1.838],[-0.638,-0.176]],"v":[[-5.62,-2.027],[-5.62,1.129],[-5.62,1.138],[-4.193,2.039],[-0.021,2.65],[4.169,2.185],[5.628,1.334],[5.615,-2.146],[-4.137,-1.405]],"c":true},"ix":2},"nm":"Path 2","mn":"ADBE Vector Shape - Group","hd":false},{"ind":2,"ty":"sh","ix":3,"ks":{"a":0,"k":{"i":[[1.552,0],[0.12,0.001],[1.198,0.398],[-0.007,0.528],[0,0],[-0.213,0.063],[-0.12,-0.187],[-1.376,-0.379],[-2.343,1.952],[-0.174,-0.082],[-0.001,-0.194],[0,0],[1.783,-0.524]],"o":[[-0.119,0],[-1.685,-0.03],[-1.758,-0.584],[0,0],[0,-0.222],[0.214,-0.061],[0,0],[3.012,0.827],[0.15,-0.125],[0.176,0.082],[0,0],[-0.01,0.54],[-1.124,0.33]],"v":[[0.32,3.652],[-0.04,3.65],[-4.508,2.988],[-6.62,1.125],[-6.62,-3.111],[-6.262,-3.591],[-5.699,-3.381],[-3.872,-2.37],[5.79,-3.495],[6.322,-3.564],[6.611,-3.113],[6.628,1.341],[4.451,3.145]],"c":true},"ix":2},"nm":"Path 3","mn":"ADBE Vector Shape - Group","hd":false},{"ty":"mm","mm":1,"nm":"Merge Paths 1","mn":"ADBE Vector Filter - Merge","hd":false},{"ty":"fl","c":{"a":0,"k":[0.2027960235,0.297225413603,0.446054107068,1],"ix":4},"o":{"a":0,"k":100,"ix":5},"r":1,"bm":0,"nm":"Fill 1","mn":"ADBE Vector Graphic - Fill","hd":false},{"ty":"tr","p":{"a":0,"k":[6.888,5.775],"ix":2},"a":{"a":0,"k":[0,0],"ix":1},"s":{"a":0,"k":[100,100],"ix":3},"r":{"a":0,"k":0,"ix":6},"o":{"a":0,"k":100,"ix":7},"sk":{"a":0,"k":0,"ix":4},"sa":{"a":0,"k":0,"ix":5},"nm":"Transform"}],"nm":"Group 3","np":5,"cix":2,"bm":0,"ix":3,"mn":"ADBE Vector Group","hd":false},{"ty":"gr","it":[{"ind":0,"ty":"sh","ix":1,"ks":{"a":0,"k":{"i":[[-0.019,1.057],[0,0],[-1.617,-0.444],[-2.711,2.258],[0,0],[3.382,0.059]],"o":[[0,0],[0,0],[2.695,0.742],[0,0],[-0.019,1.057],[-3.383,-0.059]],"v":[[-6.115,1.081],[-6.115,-3.161],[-3.999,-1.938],[6.117,-3.161],[6.133,1.294],[-0.023,3.102]],"c":true},"ix":2},"nm":"Path 1","mn":"ADBE Vector Shape - Group","hd":false},{"ty":"fl","c":{"a":0,"k":[1,0.999998863071,1,1],"ix":4},"o":{"a":0,"k":100,"ix":5},"r":1,"bm":0,"nm":"Fill 1","mn":"ADBE Vector Graphic - Fill","hd":false},{"ty":"tr","p":{"a":0,"k":[6.882,5.824],"ix":2},"a":{"a":0,"k":[0,0],"ix":1},"s":{"a":0,"k":[100,100],"ix":3},"r":{"a":0,"k":0,"ix":6},"o":{"a":0,"k":100,"ix":7},"sk":{"a":0,"k":0,"ix":4},"sa":{"a":0,"k":0,"ix":5},"nm":"Transform"}],"nm":"Group 4","np":2,"cix":2,"bm":0,"ix":4,"mn":"ADBE Vector Group","hd":false}],"ip":0,"op":180,"st":0,"bm":0},{"ddd":0,"ind":5,"ty":4,"nm":"Rcoin02","sr":1,"ks":{"o":{"a":0,"k":100,"ix":11},"r":{"a":0,"k":0,"ix":10},"p":{"a":0,"k":[75.658,78.141,0],"ix":2},"a":{"a":0,"k":[6.883,4.839,0],"ix":1},"s":{"a":0,"k":[100,100,100],"ix":6}},"ao":0,"shapes":[{"ty":"gr","it":[{"ind":0,"ty":"sh","ix":1,"ks":{"a":0,"k":{"i":[[3.711,0],[0,-0.423],[-3.711,0],[0,0.423]],"o":[[-3.711,0],[0,0.423],[3.711,0],[0,-0.423]],"v":[[0.001,-1.413],[-5.624,0.001],[0.001,1.413],[5.624,0.001]],"c":true},"ix":2},"nm":"Path 1","mn":"ADBE Vector Shape - Group","hd":false},{"ind":1,"ty":"sh","ix":2,"ks":{"a":0,"k":{"i":[[3.19,0],[0,1.658],[-3.19,0],[0,-1.658]],"o":[[-3.19,0],[0,-1.658],[3.19,0],[0,1.658]],"v":[[0.001,2.413],[-6.624,0.001],[0.001,-2.413],[6.624,0.001]],"c":true},"ix":2},"nm":"Path 2","mn":"ADBE Vector Shape - Group","hd":false},{"ty":"mm","mm":1,"nm":"Merge Paths 1","mn":"ADBE Vector Filter - Merge","hd":false},{"ty":"fl","c":{"a":0,"k":[0.2027960235,0.297225413603,0.446054107068,1],"ix":4},"o":{"a":0,"k":100,"ix":5},"r":1,"bm":0,"nm":"Fill 1","mn":"ADBE Vector Graphic - Fill","hd":false},{"ty":"tr","p":{"a":0,"k":[6.874,2.663],"ix":2},"a":{"a":0,"k":[0,0],"ix":1},"s":{"a":0,"k":[100,100],"ix":3},"r":{"a":0,"k":0,"ix":6},"o":{"a":0,"k":100,"ix":7},"sk":{"a":0,"k":0,"ix":4},"sa":{"a":0,"k":0,"ix":5},"nm":"Transform"}],"nm":"Group 1","np":4,"cix":2,"bm":0,"ix":1,"mn":"ADBE Vector Group","hd":false},{"ty":"gr","it":[{"ind":0,"ty":"sh","ix":1,"ks":{"a":0,"k":{"i":[[-3.383,0],[0,1.058],[3.383,0],[0,-1.057]],"o":[[3.383,0],[0,-1.057],[-3.383,0],[0,1.058]],"v":[[0,1.914],[6.125,0],[0,-1.914],[-6.125,0]],"c":true},"ix":2},"nm":"Path 1","mn":"ADBE Vector Shape - Group","hd":false},{"ty":"fl","c":{"a":0,"k":[0.530481854607,0.639795041552,0.756699206782,1],"ix":4},"o":{"a":0,"k":100,"ix":5},"r":1,"bm":0,"nm":"Fill 1","mn":"ADBE Vector Graphic - Fill","hd":false},{"ty":"tr","p":{"a":0,"k":[6.875,2.663],"ix":2},"a":{"a":0,"k":[0,0],"ix":1},"s":{"a":0,"k":[100,100],"ix":3},"r":{"a":0,"k":0,"ix":6},"o":{"a":0,"k":100,"ix":7},"sk":{"a":0,"k":0,"ix":4},"sa":{"a":0,"k":0,"ix":5},"nm":"Transform"}],"nm":"Group 2","np":2,"cix":2,"bm":0,"ix":2,"mn":"ADBE Vector Group","hd":false},{"ty":"gr","it":[{"ind":0,"ty":"sh","ix":1,"ks":{"a":0,"k":{"i":[[0,0],[0,0]],"o":[[0,0],[0,0]],"v":[[-6.12,1.129],[-6.111,1.129]],"c":true},"ix":2},"nm":"Path 1","mn":"ADBE Vector Shape - Group","hd":false},{"ind":1,"ty":"sh","ix":2,"ks":{"a":0,"k":{"i":[[0.36,0.219],[0,0],[0,0],[-1.046,-0.347],[-1.586,-0.028],[-1.116,0.328],[-0.003,0.164],[0,0],[2.293,0.628]],"o":[[0,0],[0,0],[-0.003,0.164],[1.103,0.366],[1.59,0.032],[1.057,-0.31],[0,0],[-3.042,1.838],[-0.638,-0.176]],"v":[[-5.62,-2.027],[-5.62,1.129],[-5.62,1.138],[-4.193,2.039],[-0.021,2.65],[4.169,2.185],[5.628,1.334],[5.615,-2.146],[-4.137,-1.405]],"c":true},"ix":2},"nm":"Path 2","mn":"ADBE Vector Shape - Group","hd":false},{"ind":2,"ty":"sh","ix":3,"ks":{"a":0,"k":{"i":[[1.552,0],[0.12,0.001],[1.198,0.398],[-0.007,0.528],[0,0],[-0.213,0.063],[-0.12,-0.187],[-1.376,-0.379],[-2.343,1.952],[-0.174,-0.082],[-0.001,-0.194],[0,0],[1.783,-0.524]],"o":[[-0.119,0],[-1.685,-0.03],[-1.758,-0.584],[0,0],[0,-0.222],[0.214,-0.061],[0,0],[3.012,0.827],[0.15,-0.125],[0.176,0.082],[0,0],[-0.01,0.54],[-1.124,0.33]],"v":[[0.32,3.652],[-0.04,3.65],[-4.508,2.988],[-6.62,1.125],[-6.62,-3.111],[-6.262,-3.591],[-5.699,-3.381],[-3.872,-2.37],[5.79,-3.495],[6.322,-3.564],[6.611,-3.113],[6.628,1.341],[4.451,3.145]],"c":true},"ix":2},"nm":"Path 3","mn":"ADBE Vector Shape - Group","hd":false},{"ty":"mm","mm":1,"nm":"Merge Paths 1","mn":"ADBE Vector Filter - Merge","hd":false},{"ty":"fl","c":{"a":0,"k":[0.2027960235,0.297225413603,0.446054107068,1],"ix":4},"o":{"a":0,"k":100,"ix":5},"r":1,"bm":0,"nm":"Fill 1","mn":"ADBE Vector Graphic - Fill","hd":false},{"ty":"tr","p":{"a":0,"k":[6.888,5.775],"ix":2},"a":{"a":0,"k":[0,0],"ix":1},"s":{"a":0,"k":[100,100],"ix":3},"r":{"a":0,"k":0,"ix":6},"o":{"a":0,"k":100,"ix":7},"sk":{"a":0,"k":0,"ix":4},"sa":{"a":0,"k":0,"ix":5},"nm":"Transform"}],"nm":"Group 3","np":5,"cix":2,"bm":0,"ix":3,"mn":"ADBE Vector Group","hd":false},{"ty":"gr","it":[{"ind":0,"ty":"sh","ix":1,"ks":{"a":0,"k":{"i":[[-0.019,1.057],[0,0],[-1.617,-0.444],[-2.711,2.258],[0,0],[3.382,0.059]],"o":[[0,0],[0,0],[2.695,0.742],[0,0],[-0.019,1.057],[-3.383,-0.059]],"v":[[-6.115,1.081],[-6.115,-3.161],[-3.999,-1.938],[6.117,-3.161],[6.133,1.294],[-0.023,3.102]],"c":true},"ix":2},"nm":"Path 1","mn":"ADBE Vector Shape - Group","hd":false},{"ty":"fl","c":{"a":0,"k":[1,0.999998863071,1,1],"ix":4},"o":{"a":0,"k":100,"ix":5},"r":1,"bm":0,"nm":"Fill 1","mn":"ADBE Vector Graphic - Fill","hd":false},{"ty":"tr","p":{"a":0,"k":[6.882,5.824],"ix":2},"a":{"a":0,"k":[0,0],"ix":1},"s":{"a":0,"k":[100,100],"ix":3},"r":{"a":0,"k":0,"ix":6},"o":{"a":0,"k":100,"ix":7},"sk":{"a":0,"k":0,"ix":4},"sa":{"a":0,"k":0,"ix":5},"nm":"Transform"}],"nm":"Group 4","np":2,"cix":2,"bm":0,"ix":4,"mn":"ADBE Vector Group","hd":false}],"ip":0,"op":180,"st":0,"bm":0},{"ddd":0,"ind":6,"ty":4,"nm":"Lcoin03","sr":1,"ks":{"o":{"a":0,"k":100,"ix":11},"r":{"a":0,"k":0,"ix":10},"p":{"a":0,"k":[63.158,82.891,0],"ix":2},"a":{"a":0,"k":[6.883,4.839,0],"ix":1},"s":{"a":0,"k":[100,100,100],"ix":6}},"ao":0,"shapes":[{"ty":"gr","it":[{"ind":0,"ty":"sh","ix":1,"ks":{"a":0,"k":{"i":[[3.711,0],[0,-0.423],[-3.711,0],[0,0.423]],"o":[[-3.711,0],[0,0.423],[3.711,0],[0,-0.423]],"v":[[0.001,-1.413],[-5.624,0.001],[0.001,1.413],[5.624,0.001]],"c":true},"ix":2},"nm":"Path 1","mn":"ADBE Vector Shape - Group","hd":false},{"ind":1,"ty":"sh","ix":2,"ks":{"a":0,"k":{"i":[[3.19,0],[0,1.658],[-3.19,0],[0,-1.658]],"o":[[-3.19,0],[0,-1.658],[3.19,0],[0,1.658]],"v":[[0.001,2.413],[-6.624,0.001],[0.001,-2.413],[6.624,0.001]],"c":true},"ix":2},"nm":"Path 2","mn":"ADBE Vector Shape - Group","hd":false},{"ty":"mm","mm":1,"nm":"Merge Paths 1","mn":"ADBE Vector Filter - Merge","hd":false},{"ty":"fl","c":{"a":0,"k":[0.2027960235,0.297225413603,0.446054107068,1],"ix":4},"o":{"a":0,"k":100,"ix":5},"r":1,"bm":0,"nm":"Fill 1","mn":"ADBE Vector Graphic - Fill","hd":false},{"ty":"tr","p":{"a":0,"k":[6.874,2.663],"ix":2},"a":{"a":0,"k":[0,0],"ix":1},"s":{"a":0,"k":[100,100],"ix":3},"r":{"a":0,"k":0,"ix":6},"o":{"a":0,"k":100,"ix":7},"sk":{"a":0,"k":0,"ix":4},"sa":{"a":0,"k":0,"ix":5},"nm":"Transform"}],"nm":"Group 1","np":4,"cix":2,"bm":0,"ix":1,"mn":"ADBE Vector Group","hd":false},{"ty":"gr","it":[{"ind":0,"ty":"sh","ix":1,"ks":{"a":0,"k":{"i":[[-3.383,0],[0,1.058],[3.383,0],[0,-1.057]],"o":[[3.383,0],[0,-1.057],[-3.383,0],[0,1.058]],"v":[[0,1.914],[6.125,0],[0,-1.914],[-6.125,0]],"c":true},"ix":2},"nm":"Path 1","mn":"ADBE Vector Shape - Group","hd":false},{"ty":"fl","c":{"a":0,"k":[0.530481854607,0.639795041552,0.756699206782,1],"ix":4},"o":{"a":0,"k":100,"ix":5},"r":1,"bm":0,"nm":"Fill 1","mn":"ADBE Vector Graphic - Fill","hd":false},{"ty":"tr","p":{"a":0,"k":[6.875,2.663],"ix":2},"a":{"a":0,"k":[0,0],"ix":1},"s":{"a":0,"k":[100,100],"ix":3},"r":{"a":0,"k":0,"ix":6},"o":{"a":0,"k":100,"ix":7},"sk":{"a":0,"k":0,"ix":4},"sa":{"a":0,"k":0,"ix":5},"nm":"Transform"}],"nm":"Group 2","np":2,"cix":2,"bm":0,"ix":2,"mn":"ADBE Vector Group","hd":false},{"ty":"gr","it":[{"ind":0,"ty":"sh","ix":1,"ks":{"a":0,"k":{"i":[[0,0],[0,0]],"o":[[0,0],[0,0]],"v":[[-6.12,1.13],[-6.111,1.13]],"c":true},"ix":2},"nm":"Path 1","mn":"ADBE Vector Shape - Group","hd":false},{"ind":1,"ty":"sh","ix":2,"ks":{"a":0,"k":{"i":[[0.36,0.219],[0,0],[0,0],[-1.046,-0.347],[-1.586,-0.028],[-1.116,0.327],[-0.003,0.164],[0,0],[2.293,0.629]],"o":[[0,0],[0,0],[-0.003,0.164],[1.103,0.366],[1.59,0.027],[1.057,-0.31],[0,0],[-3.042,1.838],[-0.638,-0.176]],"v":[[-5.62,-2.027],[-5.62,1.13],[-5.62,1.139],[-4.193,2.04],[-0.021,2.65],[4.169,2.186],[5.628,1.335],[5.615,-2.145],[-4.137,-1.404]],"c":true},"ix":2},"nm":"Path 2","mn":"ADBE Vector Shape - Group","hd":false},{"ind":2,"ty":"sh","ix":3,"ks":{"a":0,"k":{"i":[[1.552,0],[0.12,0.001],[1.198,0.398],[-0.007,0.528],[0,0],[-0.213,0.063],[-0.12,-0.187],[-1.376,-0.379],[-2.343,1.952],[-0.174,-0.081],[-0.001,-0.194],[0,0],[1.783,-0.524]],"o":[[-0.119,0],[-1.685,-0.03],[-1.758,-0.584],[0,0],[0,-0.222],[0.214,-0.062],[0,0],[3.012,0.827],[0.15,-0.125],[0.176,0.082],[0,0],[-0.01,0.54],[-1.124,0.33]],"v":[[0.32,3.652],[-0.04,3.65],[-4.508,2.988],[-6.62,1.126],[-6.62,-3.111],[-6.262,-3.59],[-5.699,-3.38],[-3.872,-2.37],[5.79,-3.495],[6.322,-3.564],[6.611,-3.113],[6.628,1.342],[4.451,3.145]],"c":true},"ix":2},"nm":"Path 3","mn":"ADBE Vector Shape - Group","hd":false},{"ty":"mm","mm":1,"nm":"Merge Paths 1","mn":"ADBE Vector Filter - Merge","hd":false},{"ty":"fl","c":{"a":0,"k":[0.2027960235,0.297225413603,0.446054107068,1],"ix":4},"o":{"a":0,"k":100,"ix":5},"r":1,"bm":0,"nm":"Fill 1","mn":"ADBE Vector Graphic - Fill","hd":false},{"ty":"tr","p":{"a":0,"k":[6.888,5.775],"ix":2},"a":{"a":0,"k":[0,0],"ix":1},"s":{"a":0,"k":[100,100],"ix":3},"r":{"a":0,"k":0,"ix":6},"o":{"a":0,"k":100,"ix":7},"sk":{"a":0,"k":0,"ix":4},"sa":{"a":0,"k":0,"ix":5},"nm":"Transform"}],"nm":"Group 3","np":5,"cix":2,"bm":0,"ix":3,"mn":"ADBE Vector Group","hd":false},{"ty":"gr","it":[{"ind":0,"ty":"sh","ix":1,"ks":{"a":0,"k":{"i":[[-0.019,1.057],[0,0],[-1.617,-0.444],[-2.711,2.258],[0,0],[3.382,0.059]],"o":[[0,0],[0,0],[2.695,0.742],[0,0],[-0.019,1.057],[-3.383,-0.059]],"v":[[-6.115,1.081],[-6.115,-3.161],[-3.999,-1.938],[6.117,-3.161],[6.133,1.294],[-0.023,3.102]],"c":true},"ix":2},"nm":"Path 1","mn":"ADBE Vector Shape - Group","hd":false},{"ty":"fl","c":{"a":0,"k":[1,0.999998863071,1,1],"ix":4},"o":{"a":0,"k":100,"ix":5},"r":1,"bm":0,"nm":"Fill 1","mn":"ADBE Vector Graphic - Fill","hd":false},{"ty":"tr","p":{"a":0,"k":[6.882,5.824],"ix":2},"a":{"a":0,"k":[0,0],"ix":1},"s":{"a":0,"k":[100,100],"ix":3},"r":{"a":0,"k":0,"ix":6},"o":{"a":0,"k":100,"ix":7},"sk":{"a":0,"k":0,"ix":4},"sa":{"a":0,"k":0,"ix":5},"nm":"Transform"}],"nm":"Group 4","np":2,"cix":2,"bm":0,"ix":4,"mn":"ADBE Vector Group","hd":false}],"ip":0,"op":180,"st":0,"bm":0},{"ddd":0,"ind":7,"ty":4,"nm":"Rcoin03","sr":1,"ks":{"o":{"a":0,"k":100,"ix":11},"r":{"a":0,"k":0,"ix":10},"p":{"a":0,"k":[75.249,81.299,0],"ix":2},"a":{"a":0,"k":[6.977,5.681,0],"ix":1},"s":{"a":0,"k":[100,100,100],"ix":6}},"ao":0,"shapes":[{"ty":"gr","it":[{"ind":0,"ty":"sh","ix":1,"ks":{"a":0,"k":{"i":[[3.437,0],[0,-0.643],[-3.437,0],[0,0.644]],"o":[[-3.437,0],[0,0.644],[3.437,0],[0,-0.643]],"v":[[0,-1.206],[-5.717,0.41],[0,2.025],[5.717,0.41]],"c":true},"ix":2},"nm":"Path 1","mn":"ADBE Vector Shape - Group","hd":false},{"ind":1,"ty":"sh","ix":2,"ks":{"a":0,"k":{"i":[[3.338,0],[0,1.718],[0,-3.435]],"o":[[-3.338,0],[0,-3.435],[0,1.718]],"v":[[0,3.025],[-6.717,0.41],[6.717,0.41]],"c":true},"ix":2},"nm":"Path 2","mn":"ADBE Vector Shape - Group","hd":false},{"ty":"mm","mm":1,"nm":"Merge Paths 1","mn":"ADBE Vector Filter - Merge","hd":false},{"ty":"fl","c":{"a":0,"k":[0.2027960235,0.297225413603,0.446054107068,1],"ix":4},"o":{"a":0,"k":100,"ix":5},"r":1,"bm":0,"nm":"Fill 1","mn":"ADBE Vector Graphic - Fill","hd":false},{"ty":"tr","p":{"a":0,"k":[6.97,3.276],"ix":2},"a":{"a":0,"k":[0,0],"ix":1},"s":{"a":0,"k":[100,100],"ix":3},"r":{"a":0,"k":0,"ix":6},"o":{"a":0,"k":100,"ix":7},"sk":{"a":0,"k":0,"ix":4},"sa":{"a":0,"k":0,"ix":5},"nm":"Transform"}],"nm":"Group 1","np":4,"cix":2,"bm":0,"ix":1,"mn":"ADBE Vector Group","hd":false},{"ty":"gr","it":[{"ind":0,"ty":"sh","ix":1,"ks":{"a":0,"k":{"i":[[-3.434,0],[0,1.168],[3.434,0],[0,-1.169]],"o":[[3.434,0],[0,-1.169],[-3.434,0],[0,1.168]],"v":[[-0.001,2.117],[6.217,0.001],[-0.001,-2.117],[-6.217,0.001]],"c":true},"ix":2},"nm":"Path 1","mn":"ADBE Vector Shape - Group","hd":false},{"ty":"fl","c":{"a":0,"k":[0.530481854607,0.639795041552,0.756699206782,1],"ix":4},"o":{"a":0,"k":100,"ix":5},"r":1,"bm":0,"nm":"Fill 1","mn":"ADBE Vector Graphic - Fill","hd":false},{"ty":"tr","p":{"a":0,"k":[6.971,3.685],"ix":2},"a":{"a":0,"k":[0,0],"ix":1},"s":{"a":0,"k":[100,100],"ix":3},"r":{"a":0,"k":0,"ix":6},"o":{"a":0,"k":100,"ix":7},"sk":{"a":0,"k":0,"ix":4},"sa":{"a":0,"k":0,"ix":5},"nm":"Transform"}],"nm":"Group 2","np":2,"cix":2,"bm":0,"ix":2,"mn":"ADBE Vector Group","hd":false},{"ty":"gr","it":[{"ind":0,"ty":"sh","ix":1,"ks":{"a":0,"k":{"i":[[0,0],[0,0]],"o":[[0,0],[0,0]],"v":[[-6.206,1.246],[-6.196,1.246]],"c":true},"ix":2},"nm":"Path 1","mn":"ADBE Vector Shape - Group","hd":false},{"ind":1,"ty":"sh","ix":2,"ks":{"a":0,"k":{"i":[[0.365,0.243],[0,0],[0,0],[-3.437,-0.065],[-0.63,0.607],[-0.002,0.119],[0,0],[2.332,0.698]],"o":[[0,0],[0,0],[-0.011,0.644],[2.932,0.046],[0.084,-0.082],[0,0],[-3.093,2.037],[-0.649,-0.194]],"v":[[-5.706,-2.297],[-5.706,1.246],[-5.706,1.254],[-0.014,2.98],[5.539,1.798],[5.727,1.475],[5.714,-2.429],[-4.201,-1.612]],"c":true},"ix":2},"nm":"Path 2","mn":"ADBE Vector Shape - Group","hd":false},{"ind":2,"ty":"sh","ix":3,"ks":{"a":0,"k":{"i":[[2.678,0],[0.121,0.002],[-0.021,1.714],[0,0],[-0.217,0.06],[-0.114,-0.195],[-1.401,-0.419],[-2.379,2.158],[-0.182,-0.083],[-0.001,-0.198],[0,0],[0.401,-0.386]],"o":[[-0.12,0],[-3.334,-0.063],[0,0],[0,-0.226],[0.218,-0.057],[0.001,0.001],[3.046,0.913],[0.147,-0.132],[0.181,0.079],[0,0],[-0.004,0.265],[-0.933,0.902]],"v":[[0.328,3.983],[-0.033,3.98],[-6.706,1.242],[-6.706,-3.443],[-6.338,-3.926],[-5.775,-3.697],[-3.914,-2.57],[5.874,-3.814],[6.412,-3.9],[6.71,-3.445],[6.727,1.48],[6.233,2.517]],"c":true},"ix":2},"nm":"Path 3","mn":"ADBE Vector Shape - Group","hd":false},{"ty":"mm","mm":1,"nm":"Merge Paths 1","mn":"ADBE Vector Filter - Merge","hd":false},{"ty":"fl","c":{"a":0,"k":[0.2027960235,0.297225413603,0.446054107068,1],"ix":4},"o":{"a":0,"k":100,"ix":5},"r":1,"bm":0,"nm":"Fill 1","mn":"ADBE Vector Graphic - Fill","hd":false},{"ty":"tr","p":{"a":0,"k":[6.977,7.129],"ix":2},"a":{"a":0,"k":[0,0],"ix":1},"s":{"a":0,"k":[100,100],"ix":3},"r":{"a":0,"k":0,"ix":6},"o":{"a":0,"k":100,"ix":7},"sk":{"a":0,"k":0,"ix":4},"sa":{"a":0,"k":0,"ix":5},"nm":"Transform"}],"nm":"Group 3","np":5,"cix":2,"bm":0,"ix":3,"mn":"ADBE Vector Group","hd":false},{"ty":"gr","it":[{"ind":0,"ty":"sh","ix":1,"ks":{"a":0,"k":{"i":[[-0.019,1.169],[0,0],[-1.641,-0.491],[-2.752,2.496],[0,0],[3.432,0.066]],"o":[[0,0],[0,0],[2.735,0.819],[0,0],[-0.019,1.169],[-3.434,-0.065]],"v":[[-6.207,1.194],[-6.207,-3.494],[-4.059,-2.142],[6.21,-3.494],[6.226,1.43],[-0.024,3.428]],"c":true},"ix":2},"nm":"Path 1","mn":"ADBE Vector Shape - Group","hd":false},{"ty":"fl","c":{"a":0,"k":[1,0.999998863071,1,1],"ix":4},"o":{"a":0,"k":100,"ix":5},"r":1,"bm":0,"nm":"Fill 1","mn":"ADBE Vector Graphic - Fill","hd":false},{"ty":"tr","p":{"a":0,"k":[6.978,7.18],"ix":2},"a":{"a":0,"k":[0,0],"ix":1},"s":{"a":0,"k":[100,100],"ix":3},"r":{"a":0,"k":0,"ix":6},"o":{"a":0,"k":100,"ix":7},"sk":{"a":0,"k":0,"ix":4},"sa":{"a":0,"k":0,"ix":5},"nm":"Transform"}],"nm":"Group 4","np":2,"cix":2,"bm":0,"ix":4,"mn":"ADBE Vector Group","hd":false}],"ip":0,"op":180,"st":0,"bm":0}]},{"id":"comp_3","layers":[{"ddd":0,"ind":1,"ty":4,"nm":"Shape Layer 2","sr":1,"ks":{"o":{"a":0,"k":100,"ix":11},"r":{"a":0,"k":0,"ix":10},"p":{"a":0,"k":[50,49.25,0],"ix":2},"a":{"a":0,"k":[0,0,0],"ix":1},"s":{"a":0,"k":[100,100,100],"ix":6}},"ao":0,"shapes":[{"ty":"gr","it":[{"ty":"rc","d":1,"s":{"a":0,"k":[30.981,8.621],"ix":2},"p":{"a":0,"k":[0,0],"ix":3},"r":{"a":0,"k":20,"ix":4},"nm":"Rectangle Path 1","mn":"ADBE Vector Shape - Rect","hd":false},{"ty":"st","c":{"a":0,"k":[0.203921568627,0.298039215686,0.447058823529,1],"ix":3},"o":{"a":0,"k":100,"ix":4},"w":{"a":0,"k":1,"ix":5},"lc":1,"lj":1,"ml":4,"bm":0,"nm":"Stroke 1","mn":"ADBE Vector Graphic - Stroke","hd":false},{"ty":"tr","p":{"a":0,"k":[-6.509,-16.939],"ix":2},"a":{"a":0,"k":[0,0],"ix":1},"s":{"a":0,"k":[100,100],"ix":3},"r":{"a":0,"k":0,"ix":6},"o":{"a":0,"k":100,"ix":7},"sk":{"a":0,"k":0,"ix":4},"sa":{"a":0,"k":0,"ix":5},"nm":"Transform"}],"nm":"Rectangle 1","np":3,"cix":2,"bm":0,"ix":1,"mn":"ADBE Vector Group","hd":false},{"ty":"tm","s":{"a":1,"k":[{"i":{"x":[0.667],"y":[1]},"o":{"x":[0.333],"y":[0]},"t":21,"s":[0]},{"t":58,"s":[0]}],"ix":1},"e":{"a":1,"k":[{"i":{"x":[0.667],"y":[1]},"o":{"x":[0.333],"y":[0]},"t":21,"s":[0]},{"t":58,"s":[100]}],"ix":2},"o":{"a":0,"k":-91,"ix":3},"m":1,"ix":2,"nm":"Trim Paths 1","mn":"ADBE Vector Filter - Trim","hd":false}],"ip":21,"op":201,"st":21,"bm":0},{"ddd":0,"ind":2,"ty":4,"nm":"Shape Layer 1","sr":1,"ks":{"o":{"a":1,"k":[{"i":{"x":[0.833],"y":[0.833]},"o":{"x":[0.167],"y":[0.167]},"t":60,"s":[0]},{"t":70,"s":[100]}],"ix":11},"r":{"a":0,"k":0,"ix":10},"p":{"a":0,"k":[50,49.75,0],"ix":2},"a":{"a":0,"k":[0,0,0],"ix":1},"s":{"a":0,"k":[100,100,100],"ix":6}},"ao":0,"shapes":[{"ty":"gr","it":[{"ty":"rc","d":1,"s":{"a":0,"k":[30.981,8.621],"ix":2},"p":{"a":0,"k":[0,0],"ix":3},"r":{"a":0,"k":20,"ix":4},"nm":"Rectangle Path 1","mn":"ADBE Vector Shape - Rect","hd":false},{"ty":"tm","s":{"a":0,"k":0,"ix":1},"e":{"a":0,"k":100,"ix":2},"o":{"a":0,"k":0,"ix":3},"m":1,"ix":2,"nm":"Trim Paths 1","mn":"ADBE Vector Filter - Trim","hd":false},{"ty":"fl","c":{"a":0,"k":[0.658823529412,0.745098039216,0.81568627451,1],"ix":4},"o":{"a":0,"k":100,"ix":5},"r":1,"bm":4,"nm":"Fill 1","mn":"ADBE Vector Graphic - Fill","hd":false},{"ty":"tr","p":{"a":0,"k":[-6.509,-16.939],"ix":2},"a":{"a":0,"k":[0,0],"ix":1},"s":{"a":0,"k":[100,100],"ix":3},"r":{"a":0,"k":0,"ix":6},"o":{"a":0,"k":100,"ix":7},"sk":{"a":0,"k":0,"ix":4},"sa":{"a":0,"k":0,"ix":5},"nm":"Transform"}],"nm":"Rectangle 1","np":4,"cix":2,"bm":0,"ix":1,"mn":"ADBE Vector Group","hd":false}],"ip":60,"op":240,"st":60,"bm":0},{"ddd":0,"ind":3,"ty":4,"nm":"DOller","sr":1,"ks":{"o":{"a":0,"k":100,"ix":11},"r":{"a":1,"k":[{"i":{"x":[0.667],"y":[1]},"o":{"x":[0.333],"y":[0]},"t":63,"s":[0]},{"i":{"x":[0.667],"y":[1]},"o":{"x":[0.333],"y":[0]},"t":71,"s":[24]},{"i":{"x":[0.667],"y":[1]},"o":{"x":[0.333],"y":[0]},"t":79,"s":[-14]},{"t":88,"s":[0]}],"ix":10},"p":{"a":0,"k":[43.185,60.168,0],"ix":2},"a":{"a":0,"k":[4.742,12.124,0],"ix":1},"s":{"a":1,"k":[{"i":{"x":[0.833,0.833,0.833],"y":[0.833,0.833,0.833]},"o":{"x":[0.167,0.167,0.167],"y":[0.167,0.167,0.167]},"t":63,"s":[0,0,100]},{"t":78,"s":[100,100,100]}],"ix":6}},"ao":0,"shapes":[{"ty":"gr","it":[{"ind":0,"ty":"sh","ix":1,"ks":{"a":0,"k":{"i":[[2.343,0],[0,0],[0,1.909],[-1.909,0],[0,0],[0,-1.609],[-0.276,0],[0,0.277],[2.16,0],[0,0],[0,0],[0.277,0],[0,-0.276],[0,0],[0,-2.286],[-2.46,0],[0,0],[0,-1.792],[1.792,0],[0,0],[0,1.294],[0.276,0],[0,-0.276],[-1.845,0],[0,0],[0,0],[-0.276,0],[0,0.277],[0,0],[0,2.269]],"o":[[0,0],[-1.909,0],[0,-1.91],[0,0],[1.609,0],[0,0.277],[0.276,0],[0,-2.16],[0,0],[0,0],[0,-0.276],[-0.276,0],[0,0],[-2.218,0.257],[0,2.461],[0,0],[1.792,0],[0,1.792],[0,0],[-1.294,0],[0,-0.276],[-0.277,0],[0,1.846],[0,0],[0,0],[0,0.277],[0.277,0],[0,0],[2.24,-0.117],[0,-2.344]],"v":[[0.242,-0.488],[-0.03,-0.488],[-3.492,-3.951],[-0.03,-7.415],[0.574,-7.415],[3.492,-4.497],[3.992,-3.997],[4.492,-4.497],[0.574,-8.415],[0.46,-8.415],[0.46,-11.374],[-0.04,-11.874],[-0.54,-11.374],[-0.54,-8.363],[-4.492,-3.951],[-0.03,0.512],[0.242,0.512],[3.492,3.762],[0.242,7.012],[-1.146,7.012],[-3.492,4.665],[-3.992,4.165],[-4.492,4.665],[-1.146,8.012],[-0.54,8.012],[-0.54,11.374],[-0.04,11.874],[0.46,11.374],[0.46,7.99],[4.492,3.762]],"c":true},"ix":2},"nm":"Path 1","mn":"ADBE Vector Shape - Group","hd":false},{"ty":"fl","c":{"a":0,"k":[0.2027960235,0.297225413603,0.446054107068,1],"ix":4},"o":{"a":0,"k":100,"ix":5},"r":1,"bm":0,"nm":"Fill 1","mn":"ADBE Vector Graphic - Fill","hd":false},{"ty":"tr","p":{"a":0,"k":[4.742,12.124],"ix":2},"a":{"a":0,"k":[0,0],"ix":1},"s":{"a":0,"k":[100,100],"ix":3},"r":{"a":0,"k":0,"ix":6},"o":{"a":0,"k":100,"ix":7},"sk":{"a":0,"k":0,"ix":4},"sa":{"a":0,"k":0,"ix":5},"nm":"Transform"}],"nm":"Group 1","np":2,"cix":2,"bm":0,"ix":1,"mn":"ADBE Vector Group","hd":false}],"ip":63,"op":243,"st":63,"bm":0},{"ddd":0,"ind":4,"ty":4,"nm":"Layer 12 Outlines","sr":1,"ks":{"o":{"a":0,"k":100,"ix":11},"r":{"a":0,"k":0,"ix":10},"p":{"a":0,"k":[33.003,21.623,0],"ix":2},"a":{"a":0,"k":[5.749,9.129,0],"ix":1},"s":{"a":0,"k":[100,100,100],"ix":6}},"ao":0,"shapes":[{"ty":"gr","it":[{"ind":0,"ty":"sh","ix":1,"ks":{"a":0,"k":{"i":[[0,0],[2.507,-0.779],[-0.081,-0.836],[-4.624,-2.961]],"o":[[0,0],[-0.801,0.249],[0.24,2.47],[0,0]],"v":[[3.249,-6.629],[-1.954,-5.838],[-3.169,-3.958],[2.758,6.629]],"c":false},"ix":2},"nm":"Path 1","mn":"ADBE Vector Shape - Group","hd":false},{"ty":"st","c":{"a":0,"k":[0.2027960235,0.297225413603,0.446054107068,1],"ix":3},"o":{"a":0,"k":100,"ix":4},"w":{"a":0,"k":1,"ix":5},"lc":1,"lj":1,"ml":10,"bm":0,"nm":"Stroke 1","mn":"ADBE Vector Graphic - Stroke","hd":false},{"ty":"tr","p":{"a":0,"k":[5.749,9.129],"ix":2},"a":{"a":0,"k":[0,0],"ix":1},"s":{"a":0,"k":[100,100],"ix":3},"r":{"a":0,"k":0,"ix":6},"o":{"a":0,"k":100,"ix":7},"sk":{"a":0,"k":0,"ix":4},"sa":{"a":0,"k":0,"ix":5},"nm":"Transform"}],"nm":"Group 1","np":2,"cix":2,"bm":0,"ix":1,"mn":"ADBE Vector Group","hd":false},{"ty":"tm","s":{"a":1,"k":[{"i":{"x":[0.833],"y":[0.833]},"o":{"x":[0.167],"y":[0.167]},"t":0,"s":[0]},{"t":17,"s":[0]}],"ix":1},"e":{"a":1,"k":[{"i":{"x":[0.833],"y":[0.833]},"o":{"x":[0.167],"y":[0.167]},"t":0,"s":[0]},{"t":17,"s":[100]}],"ix":2},"o":{"a":0,"k":0,"ix":3},"m":1,"ix":2,"nm":"Trim Paths 1","mn":"ADBE Vector Filter - Trim","hd":false}],"ip":0,"op":180,"st":0,"bm":0},{"ddd":0,"ind":5,"ty":4,"nm":"Layer 13 Outlines","sr":1,"ks":{"o":{"a":0,"k":100,"ix":11},"r":{"a":0,"k":0,"ix":10},"p":{"a":0,"k":[52.994,21.623,0],"ix":2},"a":{"a":0,"k":[5.729,9.129,0],"ix":1},"s":{"a":0,"k":[100,100,100],"ix":6}},"ao":0,"shapes":[{"ty":"gr","it":[{"ind":0,"ty":"sh","ix":1,"ks":{"a":0,"k":{"i":[[0,0],[-2.528,-0.802],[0.105,-0.76],[4.311,-2.451]],"o":[[0,0],[0.732,0.232],[-0.352,2.55],[0,0]],"v":[[-3.23,-6.629],[2.048,-5.814],[3.124,-4.088],[-2.795,6.629]],"c":false},"ix":2},"nm":"Path 1","mn":"ADBE Vector Shape - Group","hd":false},{"ty":"st","c":{"a":0,"k":[0.2027960235,0.297225413603,0.446054107068,1],"ix":3},"o":{"a":0,"k":100,"ix":4},"w":{"a":0,"k":1,"ix":5},"lc":1,"lj":1,"ml":10,"bm":0,"nm":"Stroke 1","mn":"ADBE Vector Graphic - Stroke","hd":false},{"ty":"tr","p":{"a":0,"k":[5.729,9.129],"ix":2},"a":{"a":0,"k":[0,0],"ix":1},"s":{"a":0,"k":[100,100],"ix":3},"r":{"a":0,"k":0,"ix":6},"o":{"a":0,"k":100,"ix":7},"sk":{"a":0,"k":0,"ix":4},"sa":{"a":0,"k":0,"ix":5},"nm":"Transform"}],"nm":"Group 1","np":2,"cix":2,"bm":0,"ix":1,"mn":"ADBE Vector Group","hd":false},{"ty":"tm","s":{"a":1,"k":[{"i":{"x":[0.833],"y":[0.833]},"o":{"x":[0.167],"y":[0.167]},"t":7,"s":[0]},{"t":24,"s":[0]}],"ix":1},"e":{"a":1,"k":[{"i":{"x":[0.833],"y":[0.833]},"o":{"x":[0.167],"y":[0.167]},"t":7,"s":[0]},{"t":24,"s":[100]}],"ix":2},"o":{"a":0,"k":0,"ix":3},"m":1,"ix":2,"nm":"Trim Paths 1","mn":"ADBE Vector Filter - Trim","hd":false}],"ip":7,"op":187,"st":7,"bm":0},{"ddd":0,"ind":6,"ty":4,"nm":"Layer 14 Outlines","sr":1,"ks":{"o":{"a":0,"k":100,"ix":11},"r":{"a":0,"k":0,"ix":10},"p":{"a":0,"k":[43.069,15.758,0],"ix":2},"a":{"a":0,"k":[11.182,9.697,0],"ix":1},"s":{"a":0,"k":[100,100,100],"ix":6}},"ao":0,"shapes":[{"ty":"gr","it":[{"ind":0,"ty":"sh","ix":1,"ks":{"a":0,"k":{"i":[[0,0],[-1.742,5.875],[-7.043,-3.677],[5.068,-7.235]],"o":[[0,0],[0,0],[0,0],[0,0]],"v":[[-3.661,7.197],[-6.939,-3.368],[5.896,-3.52],[3.613,6.867]],"c":false},"ix":2},"nm":"Path 1","mn":"ADBE Vector Shape - Group","hd":false},{"ty":"st","c":{"a":0,"k":[0.2027960235,0.297225413603,0.446054107068,1],"ix":3},"o":{"a":0,"k":100,"ix":4},"w":{"a":0,"k":1,"ix":5},"lc":2,"lj":1,"ml":10,"bm":0,"nm":"Stroke 1","mn":"ADBE Vector Graphic - Stroke","hd":false},{"ty":"tr","p":{"a":0,"k":[11.182,9.697],"ix":2},"a":{"a":0,"k":[0,0],"ix":1},"s":{"a":0,"k":[100,100],"ix":3},"r":{"a":0,"k":0,"ix":6},"o":{"a":0,"k":100,"ix":7},"sk":{"a":0,"k":0,"ix":4},"sa":{"a":0,"k":0,"ix":5},"nm":"Transform"}],"nm":"Group 1","np":2,"cix":2,"bm":0,"ix":1,"mn":"ADBE Vector Group","hd":false},{"ty":"tm","s":{"a":1,"k":[{"i":{"x":[0.833],"y":[0.833]},"o":{"x":[0.167],"y":[0.167]},"t":0,"s":[0]},{"t":17,"s":[0]}],"ix":1},"e":{"a":1,"k":[{"i":{"x":[0.833],"y":[0.833]},"o":{"x":[0.167],"y":[0.167]},"t":0,"s":[0]},{"t":17,"s":[100]}],"ix":2},"o":{"a":0,"k":0,"ix":3},"m":1,"ix":2,"nm":"Trim Paths 1","mn":"ADBE Vector Filter - Trim","hd":false}],"ip":0,"op":180,"st":0,"bm":0},{"ddd":0,"ind":8,"ty":4,"nm":"Layer 16 Outlines","sr":1,"ks":{"o":{"a":0,"k":100,"ix":11},"r":{"a":0,"k":0,"ix":10},"p":{"a":0,"k":[43.752,37.149,0],"ix":2},"a":{"a":0,"k":[31.079,3.188,0],"ix":1},"s":{"a":1,"k":[{"i":{"x":[0.179,0.179,0.667],"y":[0.984,0.979,1]},"o":{"x":[0.333,0.333,0.333],"y":[0,0,0]},"t":74,"s":[100,100,100]},{"t":105,"s":[114.944,111.838,100]}],"ix":6}},"ao":0,"shapes":[{"ty":"gr","it":[{"ind":0,"ty":"sh","ix":1,"ks":{"a":0,"k":{"i":[[-0.142,-3.535],[7.91,0],[3.389,-0.013],[0,0],[-0.063,8.378],[-0.598,1.829],[0,0],[0,0],[-5.108,-17.664]],"o":[[0.317,7.902],[0,0],[-3.078,0.012],[-8.378,0],[0.024,-3.206],[5.422,-16.579],[0,0],[0,0],[0.551,1.906]],"v":[[27.762,8.679],[12.91,23.188],[-0.606,22.188],[-12.878,23.188],[-28.016,7.999],[-27.171,-0.001],[-11.171,-23.188],[10.561,-23.188],[26.561,-0.001]],"c":true},"ix":2},"nm":"Path 1","mn":"ADBE Vector Shape - Group","hd":false},{"ty":"st","c":{"a":0,"k":[0.2027960235,0.297225413603,0.446054107068,1],"ix":3},"o":{"a":0,"k":100,"ix":4},"w":{"a":0,"k":1,"ix":5},"lc":2,"lj":1,"ml":10,"bm":0,"nm":"Stroke 1","mn":"ADBE Vector Graphic - Stroke","hd":false},{"ty":"tr","p":{"a":0,"k":[30.579,25.688],"ix":2},"a":{"a":0,"k":[0,0],"ix":1},"s":{"a":0,"k":[100,100],"ix":3},"r":{"a":0,"k":0,"ix":6},"o":{"a":0,"k":100,"ix":7},"sk":{"a":0,"k":0,"ix":4},"sa":{"a":0,"k":0,"ix":5},"nm":"Transform"}],"nm":"Group 1","np":2,"cix":2,"bm":0,"ix":1,"mn":"ADBE Vector Group","hd":false},{"ty":"tm","s":{"a":1,"k":[{"i":{"x":[0.667],"y":[1]},"o":{"x":[0.333],"y":[0]},"t":20,"s":[0]},{"t":80,"s":[0]}],"ix":1},"e":{"a":1,"k":[{"i":{"x":[0.667],"y":[1]},"o":{"x":[0.333],"y":[0]},"t":20,"s":[0]},{"t":80,"s":[100]}],"ix":2},"o":{"a":0,"k":-106,"ix":3},"m":1,"ix":2,"nm":"Trim Paths 1","mn":"ADBE Vector Filter - Trim","hd":false}],"ip":20,"op":200,"st":20,"bm":0}]}],"layers":[{"ddd":0,"ind":1,"ty":0,"nm":"My Account Animation","refId":"comp_0","sr":1,"ks":{"o":{"a":0,"k":100,"ix":11},"r":{"a":0,"k":0,"ix":10},"p":{"a":0,"k":[50,50,0],"ix":2},"a":{"a":0,"k":[50,50,0],"ix":1},"s":{"a":0,"k":[100,100,100],"ix":6}},"ao":0,"w":100,"h":100,"ip":1,"op":181,"st":1,"bm":0}],"markers":[]}