{
    "@class": "com.kony.gen.viz.model.component.KVizButton",
    "DNDConfig": null,
    "_height_": {
        "type": "string",
        "value": "50dp"
    },
    "_left_": {
        "type": "string",
        "value": "74dp"
    },
    "_margin_": [
        6,
        6,
        6,
        6
    ],
    "_padding_": [
        0,
        0,
        0,
        0
    ],
    "_skin_": "s83f3506bd524056aa366b44047e504e",
    "_text_": "Button",
    "_top_": {
        "type": "string",
        "value": "214dp"
    },
    "_width_": {
        "type": "string",
        "value": "300dp"
    },
    "canUpdateUI": true,
    "containerweight": 100,
    "contentalignment": 5,
    "displaytext": true,
    "focusskin": "s61ea6191900430c86fcb7a591de08b2",
    "id": "Button0cbf90132ac6649",
    "info": null,
    "iscustomlayout": false,
    "isvisible": true,
    "kuid": "e9b5f54655884473be931ff1bf190c19",
    "name": "kony.ui.Button",
    "parent": "FlexContainer0b424a8ee7d2644",
    "pf": "Form1",
    "retaincontentalignment": false,
    "retainflexpositionproperties": false,
    "wType": "Button",
    "zindex": 1
}