{
    "@class": "com.kony.gen.viz.model.component.KVizButton",
    "DNDConfig": null,
    "__parentReadjusting__": false,
    "_height_": {
        "type": "string",
        "value": "50dp"
    },
    "_left_": {
        "type": "string",
        "value": "13.54%"
    },
    "_margin_": [
        6,
        6,
        6,
        6
    ],
    "_padding_": [
        0,
        0,
        0,
        0
    ],
    "_skin_": "s70c44c68e024cccaa0a5633bb74bae5",
    "_text_": "Dial",
    "_top_": {
        "type": "string",
        "value": "87dp"
    },
    "_width_": {
        "type": "string",
        "value": "237dp"
    },
    "canUpdateUI": true,
    "centerx": {
        "type": "string",
        "value": "50.03%"
    },
    "containerweight": 100,
    "contentalignment": 5,
    "displaytext": true,
    "focusskin": "s96119c0d6954576be2654a4938b7f3e",
    "id": "btnDial",
    "info": null,
    "iscustomlayout": false,
    "isvisible": true,
    "kuid": "j10ab85257b14b56bc31ab0ef721b4a9",
    "name": "kony.ui.Button",
    "onclick": "AS_Button_de52b6812e9c4d5ea2e3c0ea532a567e",
    "parent": "flxDial",
    "pf": "frmPhone",
    "retaincontentalignment": false,
    "retainflexpositionproperties": false,
    "wType": "Button",
    "zindex": 1
}