{
    "@class": "com.kony.gen.viz.model.component.KVizButton",
    "DNDConfig": null,
    "__parentReadjusting__": false,
    "_height_": {
        "type": "string",
        "value": "50dp"
    },
    "_left_": {
        "type": "string",
        "value": "10.00%"
    },
    "_margin_": [
        6,
        6,
        6,
        6
    ],
    "_padding_": [
        0,
        0,
        0,
        0
    ],
    "_skin_": "saac0cc0a3a14cf19611db6eb9ac4601",
    "_text_": "Remove calendar event",
    "_top_": {
        "type": "string",
        "value": "15dp"
    },
    "_width_": {
        "type": "string",
        "value": "300dp"
    },
    "canUpdateUI": true,
    "centerx": {
        "type": "string",
        "value": "50%"
    },
    "containerweight": 100,
    "contentalignment": 5,
    "displaytext": true,
    "focusskin": "saac0cc0a3a14cf19611db6eb9ac4601",
    "id": "btnRemove",
    "info": null,
    "iscustomlayout": false,
    "isvisible": true,
    "kuid": "d70a829ff6804a0a8848ad6d8bf5eb2c",
    "name": "kony.ui.Button",
    "onclick": "AS_Button_bd0e7bb3f95b46a5b8bf283c6f5eea4f",
    "parent": "flxBody",
    "pf": "frmPhone",
    "retaincontentalignment": false,
    "retainflexpositionproperties": false,
    "wType": "Button",
    "zindex": 1
}