{
    "DNDConfig": null,
    "__parentReadjusting__": false,
    "_height_": {
        "type": "string",
        "value": "160dp"
    },
    "_left_": {
        "type": "string",
        "value": "6.26%"
    },
    "_margin_": [
        0,
        0,
        0,
        0
    ],
    "_orientation_": 6,
    "_padding_": [
        0,
        0,
        0,
        0
    ],
    "_percent_": true,
    "_skin_": "sf82af151ea14a4da9e8978a9b82f9af",
    "_top_": {
        "type": "string",
        "value": "33dp"
    },
    "_width_": {
        "type": "string",
        "value": "87.83%"
    },
    "allboxes": [],
    "autogrowmode": 0,
    "canUpdateUI": true,
    "children": [
        "btnDial",
        "tbxDial"
    ],
    "clipbounds": true,
    "containerweight": 100,
    "enablescrolling": true,
    "id": "flxDial",
    "info": null,
    "iscustomlayout": false,
    "isvisible": true,
    "kuid": "b22d95b344b94b669a068337604f5df0",
    "layouttype": 2,
    "name": "kony.ui.FlexContainer",
    "parent": "flxBody",
    "pf": "frmPhone",
    "retaincontentalignment": false,
    "retainflexpositionproperties": false,
    "retainflowhorizontalalignment": false,
    "snapgridsize": 10,
    "snaptogrid": true,
    "wType": "FlexContainer",
    "widgetalignment": 1,
    "zindex": 1
}