{
    "AS_Button_be32fa7887fe4c6c8f2bc3e63d10951b": {
        "id": "AS_Button_be32fa7887fe4c6c8f2bc3e63d10951b",
        "type": "ACTION_SEQUENCE",
        "params": [{
            "datatype": "collection",
            "name": "eventobject"
        }],
        "contextObj": {
            "name": "frmWebSQL",
            "type": "forms",
            "platform": null,
            "KUID": "dbfc4483128249b39ea41c0597ddee12"
        },
        "language": "js",
        "actions": [{
            "id": "INVOKE_FUNCTION___g2dd36d2798944a495c9c54cb1a62484",
            "type": "INVOKE_FUNCTION",
            "display": "<>",
            "inputparams": [],
            "parentId": null,
            "callbackType": null,
            "disabled": null,
            "source": "module"
        }]
    }
}