{
    "AS_Button_h71a304b6b7048f0b18b3bfe6039a29d": {
        "id": "AS_Button_h71a304b6b7048f0b18b3bfe6039a29d",
        "type": "ACTION_SEQUENCE",
        "params": [{
            "datatype": "collection",
            "name": "eventobject"
        }],
        "contextObj": {
            "name": "frmWebSQL",
            "type": "forms",
            "platform": null,
            "KUID": "dbfc4483128249b39ea41c0597ddee12"
        },
        "language": "js",
        "actions": [{
            "id": "INVOKE_FUNCTION___afb248d20d1e4373a0ca5659b2fb9c3c",
            "type": "INVOKE_FUNCTION",
            "sequenceKUID": "doTransactionsqlSelect",
            "display": "doTransactionsqlSelect",
            "inputparams": [],
            "parentId": null,
            "callbackType": null,
            "disabled": null,
            "source": "controller"
        }]
    }
}