{
    "AS_Button_d46dabca132342849668fb1b6b937bb7": {
        "id": "AS_Button_d46dabca132342849668fb1b6b937bb7",
        "type": "ACTION_SEQUENCE",
        "params": [{
            "datatype": "collection",
            "name": "eventobject"
        }],
        "contextObj": {
            "name": "frmWebSQL",
            "type": "forms",
            "platform": "",
            "KUID": "dbfc4483128249b39ea41c0597ddee12"
        },
        "language": "js",
        "actions": [{
            "id": "INVOKE_FUNCTION__onClick_e90beec083554a9398ac73228e0b825b",
            "type": "INVOKE_FUNCTION",
            "display": "doTransactionDelete",
            "inputparams": [],
            "callbackType": null,
            "disabled": null,
            "source": "controller"
        }]
    }
}