{
    "AS_Button_h9a64bdb7d0e49b1ae11252287fd753e": {
        "id": "AS_Button_h9a64bdb7d0e49b1ae11252287fd753e",
        "type": "ACTION_SEQUENCE",
        "params": [{
            "datatype": "collection",
            "name": "eventobject"
        }],
        "language": "js",
        "actions": [{
            "id": "NAVIGATE_TO_FORM__ide_onClick_a7b3f2f627f8416889d8ab81a064b8dd",
            "type": "NAVIGATE_TO_FORM",
            "formKUID": "h157161fda6e4850a76c041f0ebaef7c",
            "mappings": {},
            "mappingsOrder": [],
            "parentId": "",
            "callbackType": null,
            "enableMappingEditor": true,
            "package": "",
            "navigationObj": "{\n    \"_meta_\": {\n        \"eventName\": \"\",\n        \"widgetId\": \"\"\n    }\n}",
            "isCustomInput": false
        }]
    }
}