{
    "DNDConfig": null,
    "_height_": {
        "type": "string",
        "value": "40dp"
    },
    "_left_": {
        "type": "string",
        "value": "0dp"
    },
    "_margin_": [
        0,
        0,
        0,
        0
    ],
    "_orientation_": 6,
    "_padding_": [
        0,
        0,
        0,
        0
    ],
    "_percent_": true,
    "_skin_": "s04caf1d22ba4135af1acb3c13ba1f0d",
    "_top_": {
        "type": "string",
        "value": "0dp"
    },
    "_width_": {
        "type": "string",
        "value": "100%"
    },
    "allboxes": [],
    "autogrowmode": 0,
    "canUpdateUI": true,
    "children": [
        "btnRowClick",
        "flxCountry"
    ],
    "clipbounds": true,
    "containerId": true,
    "containerweight": 100,
    "controllerInfo": {
        "default": {
            "channel": "desktop",
            "name": "CopyflxDropdownKAController"
        }
    },
    "desktopweb": {
        "psp": {
            "hoverSkin": "sce3bd1b67cd4b38b6f42b149e1c6c4e"
        }
    },
    "disabledSkins": {},
    "enablescrolling": true,
    "id": "CopyflxDropdownKA",
    "info": null,
    "isTemplate": true,
    "iscustomlayout": false,
    "isvisible": true,
    "kuid": "aa0048ed47df44fea98791154fab4a9d",
    "layouttype": 2,
    "name": "kony.ui.FlexContainer",
    "parent": "CopytmpDropdownKA",
    "pf": "CopytmpDropdownKA",
    "retaincontentalignment": false,
    "retainflexpositionproperties": false,
    "retainflowhorizontalalignment": false,
    "snapgridsize": 10,
    "snaptogrid": true,
    "wType": "FlexContainer",
    "widgetalignment": 1
}