{
    "DNDConfig": null,
    "_height_": {
        "type": "string",
        "value": "100%"
    },
    "_left_": {
        "type": "string",
        "value": "0dp"
    },
    "_margin_": [
        0,
        0,
        0,
        0
    ],
    "_orientation_": 6,
    "_padding_": [
        0,
        0,
        0,
        0
    ],
    "_percent_": true,
    "_skin_": "s04caf1d22ba4135af1acb3c13ba1f0d",
    "_top_": {
        "type": "string",
        "value": "0dp"
    },
    "_width_": {
        "type": "string",
        "value": "100%"
    },
    "allboxes": [],
    "autogrowmode": 0,
    "canUpdateUI": true,
    "children": [
        "lblCountryNameKA",
        "lblLeftBracketKA",
        "lblCountryCodeKA",
        "lblRightBracketKA"
    ],
    "clipbounds": true,
    "containerId": true,
    "containerweight": 100,
    "desktopweb": {
        "psp": {}
    },
    "disabledSkins": {
        "hoverSkin": "s04caf1d22ba4135af1acb3c13ba1f0d"
    },
    "enablescrolling": true,
    "id": "flxCountry",
    "info": null,
    "iscustomlayout": false,
    "isvisible": true,
    "kuid": "jd80535eb710480db902ac796eb9845a",
    "layouttype": 3,
    "name": "kony.ui.FlexContainer",
    "parent": "CopyflxDropdownKA",
    "pf": "CopytmpDropdownKA",
    "retaincontentalignment": false,
    "retainflexpositionproperties": false,
    "retainflowhorizontalalignment": false,
    "snapgridsize": 10,
    "snaptogrid": true,
    "wType": "FlexContainer",
    "widgetalignment": 1,
    "zindex": 2
}