{
    "@class": "com.kony.gen.viz.model.component.KVizButton",
    "DNDConfig": null,
    "__parentReadjusting__": false,
    "_height_": {
        "type": "string",
        "value": "45dp"
    },
    "_left_": {
        "type": "string",
        "value": "2%"
    },
    "_margin_": [
        6,
        6,
        6,
        6
    ],
    "_padding_": [
        0,
        0,
        0,
        0
    ],
    "_skin_": "saac0cc0a3a14cf19611db6eb9ac4601",
    "_text_": "GetItem",
    "_top_": {
        "type": "string",
        "value": "90dp"
    },
    "_width_": {
        "type": "string",
        "value": "96%"
    },
    "canUpdateUI": true,
    "containerweight": 100,
    "contentalignment": 5,
    "displaytext": true,
    "focusskin": "saac0cc0a3a14cf19611db6eb9ac4601",
    "id": "CopybtnSetItem0h6f9c6db89d144",
    "info": null,
    "iscustomlayout": false,
    "isvisible": true,
    "kuid": "ace5053980994aa7bdad693813696f51",
    "name": "kony.ui.Button",
    "onclick": "AS_Button_b79609314a9643f4b2887c0e18773c48",
    "parent": "CopyFlexContainer0a251f0e0b7a449",
    "pf": "frmLocalStore",
    "retaincontentalignment": false,
    "retainflexpositionproperties": false,
    "wType": "Button",
    "zindex": 1
}