{
    "@class": "com.kony.gen.viz.model.component.KVizButton",
    "DNDConfig": null,
    "__parentReadjusting__": false,
    "_height_": {
        "type": "string",
        "value": "45dp"
    },
    "_left_": {
        "type": "string",
        "value": "2%"
    },
    "_margin_": [
        6,
        6,
        6,
        6
    ],
    "_padding_": [
        0,
        0,
        0,
        0
    ],
    "_skin_": "saac0cc0a3a14cf19611db6eb9ac4601",
    "_text_": "RemoveItem",
    "_top_": {
        "type": "string",
        "value": "90dp"
    },
    "_width_": {
        "type": "string",
        "value": "96%"
    },
    "canUpdateUI": true,
    "containerweight": 100,
    "contentalignment": 5,
    "displaytext": true,
    "focusskin": "saac0cc0a3a14cf19611db6eb9ac4601",
    "id": "CopybtnSetItem0hf8fbd88ed854e",
    "info": null,
    "iscustomlayout": false,
    "isvisible": true,
    "kuid": "e1c9bae2eb244f578af47d7e4faa4c3e",
    "name": "kony.ui.Button",
    "onclick": "AS_Button_f66f20835fb340aea4e5062ac9e59799",
    "parent": "CopyFlexContainer0h6f685ef89384e",
    "pf": "frmLocalStore",
    "retaincontentalignment": false,
    "retainflexpositionproperties": false,
    "wType": "Button",
    "zindex": 1
}