{
    "@class": "com.kony.gen.viz.model.component.KVizButton",
    "DNDConfig": null,
    "__parentReadjusting__": false,
    "_height_": {
        "type": "string",
        "value": "45dp"
    },
    "_left_": {
        "type": "string",
        "value": "2%"
    },
    "_margin_": [
        6,
        6,
        6,
        6
    ],
    "_padding_": [
        0,
        0,
        0,
        0
    ],
    "_skin_": "saac0cc0a3a14cf19611db6eb9ac4601",
    "_text_": "Clear",
    "_top_": {
        "type": "string",
        "value": "10dp"
    },
    "_width_": {
        "type": "string",
        "value": "96%"
    },
    "canUpdateUI": true,
    "containerweight": 100,
    "contentalignment": 5,
    "displaytext": true,
    "focusskin": "saac0cc0a3a14cf19611db6eb9ac4601",
    "id": "CopybtnSetItem0da11cb2c387646",
    "info": null,
    "iscustomlayout": false,
    "isvisible": true,
    "kuid": "e1aa5bdba2764b46a68427bd7a682d47",
    "name": "kony.ui.Button",
    "onclick": "AS_Button_bbdb456e692d4233901c5257bf4f4c1e",
    "parent": "CopyFlexContainer0jdc23c9b1aaa40",
    "pf": "frmLocalStore",
    "retaincontentalignment": false,
    "retainflexpositionproperties": false,
    "wType": "Button",
    "zindex": 1
}