{
    "DNDConfig": null,
    "__parentReadjusting__": false,
    "_height_": {
        "type": "string",
        "value": "145dp"
    },
    "_left_": {
        "type": "string",
        "value": "2%"
    },
    "_margin_": [
        0,
        0,
        0,
        0
    ],
    "_orientation_": 6,
    "_padding_": [
        0,
        0,
        0,
        0
    ],
    "_percent_": true,
    "_skin_": "s3adbe7a333e4525a3431bd48b4d74c2",
    "_top_": {
        "type": "string",
        "value": "15dp"
    },
    "_width_": {
        "type": "string",
        "value": "96%"
    },
    "allboxes": [],
    "autogrowmode": 0,
    "canUpdateUI": true,
    "children": [
        "CopylblTitle0df9b46139f994d",
        "CopyFlexContainer0d1c52e2271ad4f",
        "CopybtnSetItem0h6f9c6db89d144"
    ],
    "clipbounds": true,
    "containerweight": 100,
    "enablescrolling": true,
    "id": "CopyFlexContainer0a251f0e0b7a449",
    "info": null,
    "iscustomlayout": false,
    "isvisible": true,
    "kuid": "a9a08741843a4a32869c72c082160c41",
    "layouttype": 2,
    "name": "kony.ui.FlexContainer",
    "parent": "frmLocalStore",
    "pf": "frmLocalStore",
    "retaincontentalignment": false,
    "retainflexpositionproperties": false,
    "snapgridsize": 10,
    "snaptogrid": true,
    "wType": "FlexContainer",
    "widgetalignment": 1,
    "zindex": 1
}