{
    "DNDConfig": null,
    "__parentReadjusting__": false,
    "_height_": {
        "type": "string",
        "value": "145dp"
    },
    "_left_": {
        "type": "string",
        "value": "2%"
    },
    "_margin_": [
        0,
        0,
        0,
        0
    ],
    "_orientation_": 6,
    "_padding_": [
        0,
        0,
        0,
        0
    ],
    "_percent_": true,
    "_skin_": "s3adbe7a333e4525a3431bd48b4d74c2",
    "_top_": {
        "type": "string",
        "value": "15dp"
    },
    "_width_": {
        "type": "string",
        "value": "96%"
    },
    "allboxes": [],
    "autogrowmode": 0,
    "canUpdateUI": true,
    "children": [
        "CopylblTitle0b9ef211f6d274f",
        "CopyFlexContainer0bc9cf742c02245",
        "CopybtnSetItem0c2bb99ccbce141"
    ],
    "clipbounds": true,
    "containerweight": 100,
    "enablescrolling": true,
    "id": "CopyFlexContainer0c1c7e3699e1947",
    "info": null,
    "iscustomlayout": false,
    "isvisible": true,
    "kuid": "ba55f025fd0645adbb1ebfd6d039531f",
    "layouttype": 2,
    "name": "kony.ui.FlexContainer",
    "parent": "frmLocalStore",
    "pf": "frmLocalStore",
    "retaincontentalignment": false,
    "retainflexpositionproperties": false,
    "snapgridsize": 10,
    "snaptogrid": true,
    "wType": "FlexContainer",
    "widgetalignment": 1,
    "zindex": 1
}