{
    "AS_AppEvents_h971d88028ed43b9afe719243a8b2849": {
        "id": "AS_AppEvents_h971d88028ed43b9afe719243a8b2849",
        "type": "ACTION_SEQUENCE",
        "params": [{
            "datatype": "collection",
            "name": "eventobject"
        }],
        "language": "js",
        "actions": [{
            "id": "ADD_SNIPPET_e42a0f81810743b5b44f8f586435abd9",
            "type": "ADD_SNIPPET",
            "codeSnippet": "kony.application.setApplicationBehaviors({buttonAsLabel:false});",
            "parentId": null
        }]
    }
}