{
    "AS_Button_c617e375817649fbb6fd6fbacdb9250f": {
        "id": "AS_Button_c617e375817649fbb6fd6fbacdb9250f",
        "type": "ACTION_SEQUENCE",
        "params": [{
            "datatype": "collection",
            "name": "eventobject"
        }],
        "contextObj": {
            "type": "forms",
            "platform": null,
            "KUID": "b8f00344403149b2979a95f9ff8e4e41",
            "name": "frmPersonalInfod"
        },
        "language": "js",
        "actions": [{
            "id": "NAVIGATE_TO_FORM__d0de9a8467c144dca5349cff08bcf1d9",
            "type": "NAVIGATE_TO_FORM",
            "formId": "frmIdentityDetails",
            "friendlyName": "frmIdentityDetails",
            "formKUID": "d1d0382677224871aeef5dd6eacb5b07",
            "mappings": {},
            "mappingsOrder": [],
            "enableMappingEditor": true,
            "package": "",
            "isCustomInput": false
        }]
    }
}