{
    "AS_Button_ea2253f6493c433da079268b3d1778e6": {
        "id": "AS_Button_ea2253f6493c433da079268b3d1778e6",
        "type": "ACTION_SEQUENCE",
        "params": [{
            "datatype": "collection",
            "name": "eventobject"
        }],
        "contextObj": {
            "type": "forms",
            "platform": "",
            "KUID": "b811f087da774e4cb228335481ca54be",
            "name": "frmProductSelection"
        },
        "language": "js",
        "actions": [{
            "id": "ADD_SNIPPET_af0e4361ed9749ef93608ec7eee2f689",
            "type": "ADD_SNIPPET",
            "codeSnippet": "this.onKnowMore(2);",
            "parentId": null
        }]
    }
}