{
    "AS_Button_bf71c5b9df644f5c93f52bca315725b0": {
        "id": "AS_Button_bf71c5b9df644f5c93f52bca315725b0",
        "type": "ACTION_SEQUENCE",
        "params": [{
            "datatype": "collection",
            "name": "eventobject"
        }],
        "contextObj": {
            "type": "forms",
            "platform": null,
            "KUID": "ia17bad9e4a14a4f91267a513b377d59"
        },
        "language": "js",
        "actions": [{
            "id": "NAVIGATE_TO_FORM__ide_onClick_ja10669b5a7540ef88041d0e4fa548e0",
            "type": "NAVIGATE_TO_FORM",
            "formId": "frmExistingCustomer",
            "friendlyName": "frmExistingCustomer",
            "formKUID": "b3cf100829da49e8a57e78a1b769a4b9",
            "mappings": {},
            "mappingsOrder": [],
            "enableMappingEditor": true,
            "package": "",
            "isCustomInput": false
        }]
    }
}