{
    "AS_Button_a1d3a386d56b403dab9429ceebcf352d": {
        "id": "AS_Button_a1d3a386d56b403dab9429ceebcf352d",
        "type": "ACTION_SEQUENCE",
        "params": [{
            "datatype": "collection",
            "name": "eventobject"
        }],
        "contextObj": {
            "type": "forms",
            "platform": null,
            "KUID": "b8f00344403149b2979a95f9ff8e4e41",
            "name": "frmPersonalInfod"
        },
        "language": "js",
        "actions": [{
            "id": "ADD_SNIPPET_f121097d93c547188c5c2fe1e26a13e4",
            "type": "ADD_SNIPPET",
            "codeSnippet": "kony.store.setItem(\"PREV_FORM\",\"frmExistingCustomer\");"
        }, {
            "id": "NAVIGATE_TO_FORM__b7aea25a0a41417fb5fd1c0629fdcce5",
            "type": "NAVIGATE_TO_FORM",
            "formId": "frmExistingCustomer",
            "friendlyName": "frmExistingCustomer",
            "formKUID": "b3cf100829da49e8a57e78a1b769a4b9",
            "mappings": {},
            "mappingsOrder": [],
            "enableMappingEditor": true,
            "package": "",
            "isCustomInput": false
        }]
    }
}