{
    "AS_Button_fe752cfe9152486facc0ab4ccb415cc5": {
        "id": "AS_Button_fe752cfe9152486facc0ab4ccb415cc5",
        "type": "ACTION_SEQUENCE",
        "params": [{
            "datatype": "collection",
            "name": "eventobject"
        }],
        "contextObj": {
            "type": "forms",
            "platform": "",
            "KUID": "b811f087da774e4cb228335481ca54be",
            "name": "frmProductSelection"
        },
        "language": "js",
        "actions": [{
            "id": "ADD_SNIPPET_de3195cbd9b44662a47d194966db5fcb",
            "type": "ADD_SNIPPET",
            "codeSnippet": "this.onKnowMore(3);",
            "parentId": null
        }]
    }
}