{
    "AS_Button_bb3da333926e4d42a799ca5130f82a67": {
        "id": "AS_Button_bb3da333926e4d42a799ca5130f82a67",
        "type": "ACTION_SEQUENCE",
        "params": [{
            "datatype": "collection",
            "name": "eventobject"
        }],
        "contextObj": {
            "type": "forms",
            "platform": null,
            "KUID": "b8f00344403149b2979a95f9ff8e4e41",
            "name": "frmPersonalInfod"
        },
        "language": "js",
        "actions": [{
            "id": "ADD_SNIPPET_af776710e2f84117bd18cd9a1a4c3e65",
            "type": "ADD_SNIPPET",
            "codeSnippet": "kony.store.setItem(\"PREV_FORM\",\"frmExistingCustomer\");"
        }, {
            "id": "NAVIGATE_TO_FORM__a9eb724f9ba64bb788599ae6996eebfb",
            "type": "NAVIGATE_TO_FORM",
            "formId": "frmExistingCustomer",
            "friendlyName": "frmExistingCustomer",
            "formKUID": "b3cf100829da49e8a57e78a1b769a4b9",
            "mappings": {},
            "mappingsOrder": [],
            "enableMappingEditor": true,
            "package": "",
            "isCustomInput": false
        }]
    }
}