{
    "AS_Form_g0097f89151847288410c48b231ab5ff": {
        "id": "AS_Form_g0097f89151847288410c48b231ab5ff",
        "type": "ACTION_SEQUENCE",
        "params": [{
            "datatype": "collection",
            "name": "eventobject"
        }],
        "contextObj": {
            "name": "frmExistingCustomer",
            "type": "forms",
            "platform": "",
            "KUID": "b3cf100829da49e8a57e78a1b769a4b9"
        },
        "language": "js",
        "actions": [{
            "id": "ADD_SNIPPET_d8e85198dbfc43bfad5138b04f2ed11a",
            "type": "ADD_SNIPPET",
            "codeSnippet": "this.preshow();",
            "parentId": null
        }]
    }
}