{
    "AS_Form_c3a743f642b74471a927ddb97cb454b1": {
        "id": "AS_Form_c3a743f642b74471a927ddb97cb454b1",
        "type": "ACTION_SEQUENCE",
        "params": [{
            "datatype": "collection",
            "name": "eventobject"
        }],
        "contextObj": {
            "type": "forms",
            "platform": null,
            "KUID": "b811f087da774e4cb228335481ca54be",
            "name": "frmProductSelection"
        },
        "language": "js",
        "actions": [{
            "id": "INVOKE_FUNCTION__d2c71c2f42e94b599aadfe935be4de21",
            "type": "INVOKE_FUNCTION",
            "sequenceKUID": "postShowFunc",
            "display": "postShowFunc",
            "inputparams": [],
            "parentId": null,
            "callbackType": null,
            "disabled": null,
            "source": "controller"
        }, {
            "id": "ADD_SNIPPET_a255c02ec6124d6daa5368e2f8aecc54",
            "type": "ADD_SNIPPET",
            "codeSnippet": "document.querySelectorAll('label').forEach(function(elem){\nif(elem.textContent === \"\"){\nelem.remove();\n}\n});\nkony.store.setItem(\"PREV_FORM\",kony.application.getCurrentForm().id);",
            "callbackType": null
        }]
    }
}