{
    "AS_Form_a5e80be9e2494af288a5a7e77ce828a2": {
        "id": "AS_Form_a5e80be9e2494af288a5a7e77ce828a2",
        "type": "ACTION_SEQUENCE",
        "params": [{
            "datatype": "collection",
            "name": "eventobject"
        }],
        "contextObj": {
            "name": "frmExistingCustomer",
            "type": "forms",
            "platform": "",
            "KUID": "b3cf100829da49e8a57e78a1b769a4b9"
        },
        "language": "js",
        "actions": [{
            "id": "ADD_SNIPPET_fad707729eb3469387eb43d6beeffa05",
            "type": "ADD_SNIPPET",
            "codeSnippet": "\nthis.postshow();\nvar PREV_FORM = kony.store.getItem(\"PREV_FORM\");\nif(PREV_FORM !== \"frmExistingCustomer\" && PREV_FORM !== null){\n  var navigateToForm = new kony.mvc.Navigation(PREV_FORM);\n  navigateToForm.navigate();\n}\nelse\n  kony.store.setItem(\"PREV_FORM\",kony.application.getCurrentForm().id);\n\n\n  // Add javascript event for all tooltips\n  obj = document.querySelectorAll(\".hasTooltip\");\n  for (c = 0; c < obj.length; c++) {\n    obj[c].setAttribute(\"tooltipStatus\", \"inactive\");\n    obj[c].addEventListener(\"mouseenter\", function() {\n      this.setAttribute(\"tooltipStatus\", \"active\");\n    });\n      obj[c].addEventListener(\"mouseleave\", function() {\n        this.setAttribute(\"tooltipStatus\", \"inactive\");\n      });\n    obj[c].addEventListener(\"focus\", function() {\n      this.setAttribute(\"tooltipStatus\", \"active\");\n    });\n    obj[c].addEventListener(\"blur\", function() {\n      this.setAttribute(\"tooltipStatus\", \"inactive\");\n    });\n  }\n  // Check for all tooltip being active an inactivate them when 'Esc' is pressed\ndocument.addEventListener(\"keyup\", function(e) {\n  if ((e.keyCode || e.which) === 27) {\n    obj =\n      document.querySelectorAll(\".hasTooltip[tooltipStatus=active]\");\n    for (c = 0; c < obj.length; c++) { makeInActive(obj[c]); }\n  } });",
            "parentId": null
        }]
    }
}