{
    "AS_Form_a5976c2477f34476bbd151a3edab84bc": {
        "id": "AS_Form_a5976c2477f34476bbd151a3edab84bc",
        "type": "ACTION_SEQUENCE",
        "params": [{
            "datatype": "collection",
            "name": "eventobject"
        }],
        "contextObj": {
            "type": "forms",
            "platform": null,
            "KUID": "b8f00344403149b2979a95f9ff8e4e41",
            "name": "frmPersonalInfod"
        },
        "language": "js",
        "actions": [{
            "id": "INVOKE_FUNCTION__j401f741fb904d1ea7061037cd143505",
            "type": "INVOKE_FUNCTION",
            "sequenceKUID": "postShowFunc",
            "display": "postShowFunc",
            "inputparams": [],
            "parentId": null,
            "callbackType": null,
            "disabled": null,
            "source": "controller"
        }, {
            "id": "ADD_SNIPPET_ja251485d00a433aa748c55822cd38f1",
            "type": "ADD_SNIPPET",
            "codeSnippet": "kony.store.setItem(\"PREV_FORM\",kony.application.getCurrentForm().id);\n\ndocument.querySelector('input[kw=\"TextBox2\"][kwp*=\"frmPersonalInfod_UserInformationNUO_filterDropdown_tbxDropdownKA\"]').onkeyup = function(e) {\n//   if(e.keyCode === 40) {   \n//     document.querySelector('li[kii=\"-1,0\"]').focus();\n//     //document.querySelector('li\"]').focus();\n//     //document.querySelector('input[kw=\"TextBox2\"][kwp*=\"frmPersonalInfod_UserInformationNUO_filterDropdown_tbxDropdownKA\"]').focus();\n//   }\n};\n\nvar liCounter = '1';\n//document.querySelector('ul[role=\"grid\"][kv=\"tabelview\"]').addEventListener('keyup', function (e)  {\n//document.querySelector('li[kii=\"-1,0\"][role=\"row\"]').onkeyup = function(e){\ndocument.querySelector('li[kii=\"-1,0\"]').addEventListener('keyup', function (e) {\nif(e.target.tagName.toLowerCase() === 'li' && liCounter === '1' && e.target.ariaRowIndex === '1' && e.keyCode === 38) {\n  document.querySelector('input[kw=\"TextBox2\"][kwp*=\"frmPersonalInfod_UserInformationNUO_filterDropdown_tbxDropdownKA\"]').focus();\n  this.view.UserInformationNUO.filterDropdown.segDropdownKA.isVisible = false;\n} else if (e.keyCode === 27) {\n  document.querySelector('input[kw=\"TextBox2\"][kwp*=\"frmPersonalInfod_UserInformationNUO_filterDropdown_tbxDropdownKA\"]').focus();\n}\n  liCounter = e.target.ariaRowIndex;\n});\n",
            "parentId": null,
            "callbackType": null
        }]
    }
}