{
    "AS_FlexContainer_a20b8f5eb65f4348829324f62bc46af6": {
        "id": "AS_FlexContainer_a20b8f5eb65f4348829324f62bc46af6",
        "type": "ACTION_SEQUENCE",
        "params": [{
            "datatype": "collection",
            "name": "eventobject"
        }],
        "contextObj": {
            "type": "forms",
            "platform": "",
            "KUID": "b811f087da774e4cb228335481ca54be",
            "name": "frmProductSelection"
        },
        "language": "js",
        "actions": [{
            "id": "ADD_SNIPPET_c030b545564a4157b967d453ab6b5803",
            "type": "ADD_SNIPPET",
            "codeSnippet": "this.toggleCheckBox(4);",
            "parentId": null
        }]
    }
}