{
    "AS_Form_adfc5cd1d156407f99805a6442f6092b": {
        "id": "AS_Form_adfc5cd1d156407f99805a6442f6092b",
        "type": "ACTION_SEQUENCE",
        "params": [{
            "datatype": "collection",
            "name": "eventobject"
        }],
        "contextObj": {
            "KUID": "d43881f13d364c258df5e1c6ef0cee9e",
            "platform": "",
            "type": "forms"
        },
        "language": "js",
        "actions": [{
            "id": "ADD_SNIPPET_e9370aac32414a3e8c42e24e47ba411a",
            "type": "ADD_SNIPPET",
            "codeSnippet": "this.init();",
            "parentId": null,
            "callbackType": null
        }]
    }
}