{
    "AS_FlexContainer_afd1c7c6ec694515b471eead1fea23c4": {
        "id": "AS_FlexContainer_afd1c7c6ec694515b471eead1fea23c4",
        "type": "ACTION_SEQUENCE",
        "params": [{
            "datatype": "collection",
            "name": "eventobject"
        }],
        "contextObj": {
            "type": "forms",
            "platform": null,
            "KUID": "b811f087da774e4cb228335481ca54be",
            "name": "frmProductSelection"
        },
        "language": "js",
        "actions": [{
            "id": "ADD_SNIPPET_abe9eea87afa4e5bbb32f33514578aa2",
            "type": "ADD_SNIPPET",
            "codeSnippet": "this.view.flxSegContainer.isVisible = true;",
            "parentId": null,
            "callbackType": null
        }]
    }
}