{
    "AS_Form_c303f6d270b04ecaa23cbc902b1aae0e": {
        "id": "AS_Form_c303f6d270b04ecaa23cbc902b1aae0e",
        "type": "ACTION_SEQUENCE",
        "params": [{
            "datatype": "collection",
            "name": "eventobject"
        }],
        "contextObj": {
            "type": "forms",
            "platform": "",
            "KUID": "d1d0382677224871aeef5dd6eacb5b07",
            "name": "frmIdentityDetails"
        },
        "language": "js",
        "actions": [{
            "id": "INVOKE_FUNCTION__d0ca7e0d8d3f4be986de6679c2d82d61",
            "type": "INVOKE_FUNCTION",
            "sequenceKUID": "postShowFunc",
            "display": "postShowFunc",
            "inputparams": [],
            "parentId": null,
            "callbackType": null,
            "disabled": null,
            "source": "controller"
        }, {
            "id": "ADD_SNIPPET_bb2c07bb95224d9b80e1d8cffa8ed6a7",
            "type": "ADD_SNIPPET",
            "codeSnippet": "kony.store.setItem(\"PREV_FORM\",kony.application.getCurrentForm().id);\n\n// document.querySelector('input[kw=\"TextBox2\"][kwp*=\"frmIdentityDetails_IdentityDetails_InternationalAddress_tbxCountry\"]').onkeyup = function(e) {\n//   if(e.keyCode === 40) {   \n//     document.querySelector('li[kii=\"-1,0\"][kr=\"item\"]').focus();\n//   }\n// };\n\nvar liCounter = '1';\ndocument.querySelector('li[kii=\"-1,0\"][kr=\"item\"]').addEventListener('keyup', function (e) {\nif(e.target.tagName.toLowerCase() === 'li' && liCounter === '1' && e.target.ariaRowIndex === '1' && e.keyCode === 38) {\n  document.querySelector('input[kw=\"TextBox2\"][kwp*=\"frmIdentityDetails_IdentityDetails_InternationalAddress_tbxCountry\"]').focus();\n  this.view.IdentityDetails.InternationalAddress.segCountry.isVisible = false;\n} else if (e.keyCode === 27) {\n  document.querySelector('input[kw=\"TextBox2\"][kwp*=\"frmIdentityDetails_IdentityDetails_InternationalAddress_tbxCountry\"]').focus();\n}\n  liCounter = e.target.ariaRowIndex;\n});\n\n// State\n\n\n// document.querySelector('input[kw=\"TextBox2\"][kwp*=\"frmIdentityDetails_IdentityDetails_InternationalAddress_tbxState\"]').onkeyup = function(e) {\n//   if(e.keyCode === 40) {   \n//     document.querySelector('li[kii=\"-1,0\"][kr=\"item\"]').focus();\n//   }\n// };\n\nvar liCounter1 = '1';\ndocument.querySelector('li[kii=\"-1,0\"][kr=\"item\"]').addEventListener('keyup', function (e) {\nif(e.target.tagName.toLowerCase() === 'li' && liCounter1 === '1' && e.target.ariaRowIndex === '1' && e.keyCode === 38) {\n  document.querySelector('input[kw=\"TextBox2\"][kwp*=\"frmIdentityDetails_IdentityDetails_InternationalAddress_tbxState\"]').focus();\n  this.view.IdentityDetails.InternationalAddress.segCountry.isVisible = false;\n} else if (e.keyCode === 27) {\n  document.querySelector('input[kw=\"TextBox2\"][kwp*=\"frmIdentityDetails_IdentityDetails_InternationalAddress_tbxState\"]').focus();\n}\n  liCounter1 = e.target.ariaRowIndex;\n});\n",
            "parentId": null,
            "callbackType": null
        }]
    }
}