{
    "AS_Form_ja031b84e5c543ceb4402cac16e0387f": {
        "id": "AS_Form_ja031b84e5c543ceb4402cac16e0387f",
        "type": "ACTION_SEQUENCE",
        "params": [{
            "datatype": "collection",
            "name": "eventobject"
        }],
        "contextObj": {
            "type": "forms",
            "platform": null,
            "KUID": "b811f087da774e4cb228335481ca54be",
            "name": "frmProductSelection"
        },
        "language": "js",
        "actions": [{
            "id": "INVOKE_FUNCTION__ide_preShow_a820f3d8711e4bcb9dce12deb8dfaa05",
            "type": "INVOKE_FUNCTION",
            "sequenceKUID": "invokeProductSelectionComponent",
            "display": "invokeProductSelectionComponent",
            "inputparams": [],
            "disabled": true,
            "source": "controller"
        }, {
            "id": "INVOKE_FUNCTION__bad3cd0f8fba4513aa4e9bcaa7d2bfa8",
            "type": "INVOKE_FUNCTION",
            "sequenceKUID": "preShowFun",
            "display": "preShowFun",
            "inputparams": [],
            "disabled": null,
            "source": "controller"
        }]
    }
}