{
    "AS_Form_h26564eb7fb843dfb6bd23c648b66a25": {
        "id": "AS_Form_h26564eb7fb843dfb6bd23c648b66a25",
        "type": "ACTION_SEQUENCE",
        "params": [{
            "datatype": "collection",
            "name": "eventobject"
        }],
        "contextObj": {
            "KUID": "d1d0382677224871aeef5dd6eacb5b07",
            "platform": "",
            "type": "forms",
            "name": "frmIdentityDetails"
        },
        "language": "js",
        "actions": [{
            "id": "ADD_SNIPPET__ja4505534a4048ceb0aebb78ea86e458",
            "type": "ADD_SNIPPET",
            "codeSnippet": "this.preShow();",
            "parentId": null,
            "callbackType": null
        }]
    }
}