{
    "AS_Form_jc404c9f3c5f4e55b56fa5f9e10c9928": {
        "id": "AS_Form_jc404c9f3c5f4e55b56fa5f9e10c9928",
        "type": "ACTION_SEQUENCE",
        "params": [{
            "datatype": "collection",
            "name": "eventobject"
        }],
        "contextObj": {
            "type": "forms",
            "platform": null,
            "KUID": "b8f00344403149b2979a95f9ff8e4e41",
            "name": "frmPersonalInfod"
        },
        "language": "js",
        "actions": [{
            "id": "ADD_SNIPPET_c3cdabe2764041d9998fb54dab9f517a",
            "type": "ADD_SNIPPET",
            "codeSnippet": "var scope = this.view; \n//scopePresonalInfo = this.view;\nthis.view.UserInformationNUO.atxtPhoneNumber.tbxAnimatedKA.onBeginEditing = function(){\n  scope.UserInformationNUO.filterDropdown.flxDropdownKA.setVisibility(false);\n  scope.UserInformationNUO.filterDropdown.tbxDropdownKA.accessibilityConfig = {\n    \"a11yLabel\": \"Country Code\",\n    \"a11yARIA\": {\n      \"aria-haspopup\":\"listbox\",\n      \"aria-expanded\":\"false\",\n    },\n    \"role\":\"combobox\"\n  };  \n  var scope1 = scope.UserInformationNUO.atxtPhoneNumber;\n  if (scope.UserInformationNUO.atxtPhoneNumber.errorCounter > 0) {\n    scope1.lblErrorMsgKA.setVisibility(false);\n    scope1.flxUnderlineKA.skin = skins.separator;\n    scope1.flxUnderlineKA.height = \"2\";\n    scope1.errorCounter--;\n  }\n  scope1.callAnimationPlace();\n};\n\nthis.view.UserInformationNUO.atbxEmail.tbxAnimatedKA.onBeginEditing = function(){\n  scope.UserInformationNUO.filterDropdown.flxDropdownKA.setVisibility(false);\n  scope.UserInformationNUO.filterDropdown.tbxDropdownKA.accessibilityConfig = {\n    \"a11yLabel\": \"Country Code\",\n    \"a11yARIA\": {\n      \"aria-haspopup\":\"listbox\",\n      \"aria-expanded\":\"false\",\n    },\n    \"role\":\"combobox\"\n  };   \n  var scope2 = scope.UserInformationNUO.atbxEmail;\n  if (scope.UserInformationNUO.atbxEmail.errorCounter > 0) {\n    scope2.lblErrorMsgKA.setVisibility(false);\n    scope2.flxUnderlineKA.skin = skins.separator;\n    scope2.flxUnderlineKA.height = \"2\";\n    scope2.errorCounter--;\n  }\n  scope2.callAnimationPlace();\n};\n\nthis.view.UserInformationNUO.atbxLastName.tbxAnimatedKA.onBeginEditing = function(){\n  scope.UserInformationNUO.filterDropdown.flxDropdownKA.setVisibility(false);\n  scope.UserInformationNUO.filterDropdown.tbxDropdownKA.accessibilityConfig = {\n    \"a11yLabel\": \"Country Code\",\n    \"a11yARIA\": {\n      \"aria-haspopup\":\"listbox\",\n      \"aria-expanded\":\"false\",\n    },\n    \"role\":\"combobox\"\n  };  \n  var scope3 = scope.UserInformationNUO.atbxLastName;\n  if (scope.UserInformationNUO.atbxLastName.errorCounter > 0) {\n    scope3.lblErrorMsgKA.setVisibility(false);\n    scope3.flxUnderlineKA.skin = skins.separator;\n    scope3.flxUnderlineKA.height = \"2\";\n    scope3.errorCounter--;\n  }\n  scope3.callAnimationPlace();\n};\n\nthis.view.UserInformationNUO.atbxFirstName.tbxAnimatedKA.onBeginEditing = function(){\n  scope.UserInformationNUO.filterDropdown.flxDropdownKA.setVisibility(false);\n scope.UserInformationNUO.filterDropdown.tbxDropdownKA.accessibilityConfig = {\n   \"a11yLabel\": \"Country Code\", \n   \"a11yARIA\": {\n      \"aria-haspopup\":\"listbox\",\n      \"aria-expanded\":\"false\",\n    },\n    \"role\":\"combobox\"\n  };  \n  var scope4 = scope.UserInformationNUO.atbxFirstName;\n  if (scope.UserInformationNUO.atbxFirstName.errorCounter > 0) {\n    scope4.lblErrorMsgKA.setVisibility(false);\n    scope4.flxUnderlineKA.skin = skins.separator;\n    scope4.flxUnderlineKA.height = \"2\";\n    scope4.errorCounter--;\n  }\n  scope4.callAnimationPlace();\n};",
            "parentId": null
        }, {
            "id": "INVOKE_FUNCTION__b6261ff17d604ad6b9e2614fd0593b9a",
            "type": "INVOKE_FUNCTION",
            "sequenceKUID": "preShowForm",
            "display": "preShowForm",
            "inputparams": [],
            "parentId": null,
            "disabled": null,
            "source": "controller"
        }]
    }
}