{
    "AS_Form_fd0c8d70b53046c880b9ee33cbc36af5": {
        "id": "AS_Form_fd0c8d70b53046c880b9ee33cbc36af5",
        "type": "ACTION_SEQUENCE",
        "params": [{
            "datatype": "collection",
            "name": "eventobject"
        }],
        "contextObj": {
            "type": "forms",
            "platform": "",
            "KUID": "b3cf100829da49e8a57e78a1b769a4b9",
            "name": "frmExistingCustomer"
        },
        "language": "js",
        "actions": [{
            "id": "INVOKE_FUNCTION__d6e373543a564d20844f24c4a69c54f2",
            "type": "INVOKE_FUNCTION",
            "display": "<>",
            "inputparams": [],
            "parentId": null,
            "callbackType": null,
            "disabled": null,
            "source": "module"
        }, {
            "id": "ADD_SNIPPET_b0123867727d49188c7f2dae82ea4a8d",
            "type": "ADD_SNIPPET",
            "codeSnippet": "",
            "parentId": null,
            "callbackType": null
        }]
    }
}