{
    "AS_TextField_h5d797bdb13c483f87b3014b6075ec18": {
        "id": "AS_TextField_h5d797bdb13c483f87b3014b6075ec18",
        "type": "ACTION_SEQUENCE",
        "params": [{
            "datatype": "collection",
            "name": "eventobject"
        }],
        "contextObj": {
            "type": "forms",
            "platform": "",
            "KUID": "b8f00344403149b2979a95f9ff8e4e41",
            "name": "frmPersonalInfod"
        },
        "language": "js",
        "actions": [{
            "id": "INVOKE_FUNCTION__c3548f4a5f9a42598cd8ebf874b46e6e",
            "type": "INVOKE_FUNCTION",
            "sequenceKUID": "onKeyUp",
            "display": "onKeyUp",
            "inputparams": [{
                "name": "e",
                "value": " eventobject"
            }],
            "parentId": null,
            "callbackType": null,
            "disabled": null,
            "source": "controller"
        }]
    }
}