{
    "AS_TextField_ca4e89bc7b164e6d9a910460a162a463": {
        "id": "AS_TextField_ca4e89bc7b164e6d9a910460a162a463",
        "type": "ACTION_SEQUENCE",
        "params": [{
            "datatype": "collection",
            "name": "eventobject"
        }, {
            "datatype": "string",
            "name": "x"
        }, {
            "datatype": "string",
            "name": "y"
        }],
        "contextObj": {
            "name": "frmPersonalInfod",
            "type": "forms",
            "platform": "",
            "KUID": "b8f00344403149b2979a95f9ff8e4e41"
        },
        "language": "js",
        "actions": [{
            "id": "ADD_SNIPPET_b1effb93e8dd42b6b3b04d34a24018ff",
            "type": "ADD_SNIPPET",
            "codeSnippet": "document.querySelectorAll('li[kr=\"item\"][class=\"seg2Normal\"]').forEach(function(elem){elem.setAttribute(\"tabindex\",\"0\");});",
            "parentId": null
        }]
    }
}