{
    "@class": "com.kony.gen.viz.model.component.KVizButton",
    "DNDConfig": null,
    "__parentReadjusting__": false,
    "_height_": {
        "type": "string",
        "value": "50dp"
    },
    "_left_": {
        "type": "string",
        "value": "9.77%"
    },
    "_margin_": [
        6,
        6,
        6,
        6
    ],
    "_padding_": [
        0,
        0,
        0,
        0
    ],
    "_skin_": "s1a4d1a81209462087b0397b0482c173",
    "_text_": "Asymmetric Encryption",
    "_top_": {
        "type": "string",
        "value": "15.50%"
    },
    "_width_": {
        "type": "string",
        "value": "300dp"
    },
    "canUpdateUI": true,
    "centerx": {
        "type": "string",
        "value": "50%"
    },
    "containerweight": 100,
    "contentalignment": 5,
    "displaytext": true,
    "focusskin": "scd37b5b06434866b8dda6e042194bd6",
    "id": "Button0d5346db2200845",
    "info": null,
    "iscustomlayout": false,
    "isvisible": true,
    "kuid": "b4b87d8c6b944e2a97763adabd9adc4c",
    "name": "kony.ui.Button",
    "onclick": "AS_Button_b519ed0338d845cba83a5ba4aa55ec6c",
    "parent": "FlexContainer0e9d98368e22747",
    "pf": "frmHome",
    "retaincontentalignment": false,
    "retainflexpositionproperties": false,
    "wType": "Button",
    "zindex": 1
}