{
    "@class": "com.kony.gen.viz.model.component.KVizButton",
    "DNDConfig": null,
    "__parentReadjusting__": false,
    "_height_": {
        "type": "string",
        "value": "50dp"
    },
    "_left_": {
        "type": "string",
        "value": "9.78%"
    },
    "_margin_": [
        6,
        6,
        6,
        6
    ],
    "_padding_": [
        0,
        0,
        0,
        0
    ],
    "_skin_": "s23df67c6c34430b8f09dd690c10ec72",
    "_text_": "Symmetric Encryption",
    "_top_": {
        "type": "string",
        "value": "5.80%"
    },
    "_width_": {
        "type": "string",
        "value": "300dp"
    },
    "canUpdateUI": true,
    "centerx": {
        "type": "string",
        "value": "50%"
    },
    "containerweight": 100,
    "contentalignment": 5,
    "displaytext": true,
    "focusskin": "scd37b5b06434866b8dda6e042194bd6",
    "id": "Button0h760a3249cec4c",
    "info": null,
    "iscustomlayout": false,
    "isvisible": true,
    "kuid": "d825c0d9b89a4c6b883e16e095b45d0a",
    "name": "kony.ui.Button",
    "onclick": "AS_Button_ad2f01a91da14854bd99265158d06555",
    "parent": "FlexContainer0e9d98368e22747",
    "pf": "frmHome",
    "retaincontentalignment": false,
    "retainflexpositionproperties": false,
    "wType": "Button",
    "zindex": 1
}