{
    "@class": "com.kony.gen.viz.model.component.KVizButton",
    "DNDConfig": null,
    "__parentReadjusting__": false,
    "_height_": {
        "type": "string",
        "value": "50dp"
    },
    "_left_": {
        "type": "string",
        "value": "4.99%"
    },
    "_margin_": [
        6,
        6,
        6,
        6
    ],
    "_padding_": [
        0,
        0,
        0,
        0
    ],
    "_skin_": "se51931b3578450c9a5a828216c58c3d",
    "_text_": "Copy Text",
    "_top_": {
        "type": "string",
        "value": "50.73%"
    },
    "_width_": {
        "type": "string",
        "value": "127dp"
    },
    "canUpdateUI": true,
    "centerx": {
        "type": "string",
        "value": "21.70%"
    },
    "containerweight": 100,
    "contentalignment": 5,
    "displaytext": true,
    "focusskin": "sfd4d1d77494470b807080e5bff98a25",
    "id": "buttonCopy",
    "ide_onClick": "AS_Button_cc953626df3844709cb06d64e300e421",
    "info": null,
    "iscustomlayout": false,
    "isvisible": true,
    "kuid": "d633425f08ef4a838664db8f9adc147c",
    "name": "kony.ui.Button",
    "onclick": "AS_Button_d636a37577ae4828a69dd26afdc5abfa",
    "parent": "flxHome",
    "pf": "frmHome",
    "retaincontentalignment": false,
    "retainflexpositionproperties": false,
    "wType": "Button",
    "zindex": 1
}