{
    "@class": "com.kony.gen.viz.model.component.KVizTextBox2",
    "DNDConfig": null,
    "Default": {
        "contentAlignment": 1
    },
    "__parentReadjusting__": false,
    "_height_": {
        "type": "string",
        "value": "127dp"
    },
    "_left_": {
        "type": "string",
        "value": "5.02%"
    },
    "_margin_": [
        0,
        0,
        0,
        0
    ],
    "_padding_": [
        3,
        0,
        0,
        0
    ],
    "_placeholder_": "Enter text",
    "_skin_": "s1eb82b62f6b46198c9998da90f0771e",
    "_text_": "",
    "_top_": {
        "type": "string",
        "value": "150dp"
    },
    "_width_": {
        "type": "string",
        "value": "90.50%"
    },
    "autocapitalize": "none",
    "autocomplete": false,
    "autocorrect": false,
    "autofilter": false,
    "canUpdateUI": true,
    "centerx": {
        "type": "string",
        "value": "50.00%"
    },
    "containerheight": "",
    "containerheightmode": 1,
    "containerweight": 100,
    "contentalignment": 1,
    "focusskin": "s86750209e984167be44a520fbd24c72",
    "id": "tbxCopy",
    "info": null,
    "iphone": {},
    "iscustomlayout": false,
    "isvisible": true,
    "keyboardtype": "A",
    "kuid": "cc23b24ae63d489098960261ebdabefd",
    "mode": "A",
    "name": "kony.ui.TextBox2",
    "parent": "flxHome",
    "pf": "frmHome",
    "placeholderskin": "sb7b22e6ac03454abe79646dc1b50c3c",
    "retaincontentalignment": false,
    "retainflexpositionproperties": false,
    "securetextentry": false,
    "textinputmode": "A",
    "tooltip": "",
    "viewtype": "default",
    "wType": "TextField",
    "zindex": 1
}