{
    "DNDConfig": null,
    "__parentReadjusting__": false,
    "_height_": {
        "type": "ref",
        "value": "preferred"
    },
    "_left_": {
        "type": "string",
        "value": "2%"
    },
    "_margin_": [
        0,
        0,
        0,
        0
    ],
    "_orientation_": 6,
    "_padding_": [
        0,
        0,
        0,
        0
    ],
    "_percent_": true,
    "_render_": true,
    "_skin_": "s3adbe7a333e4525a3431bd48b4d74c2",
    "_top_": {
        "type": "string",
        "value": "15dp"
    },
    "_width_": {
        "type": "string",
        "value": "96%"
    },
    "allboxes": [],
    "android": {
        "render": true
    },
    "autogrowmode": 1,
    "canUpdateUI": true,
    "children": [
        "CopyButton0a134b0a3f8ab48",
        "CopyButton0b32ce106aaf948",
        "CopyButton0cb26337c5f6442",
        "CopyButton0e9e1543f06c648",
        "lblKey"
    ],
    "clipbounds": true,
    "containerweight": 100,
    "enablescrolling": true,
    "id": "CopyFlexContainer0h12ba98d2cf141",
    "info": null,
    "iphone": {
        "render": true
    },
    "iscustomlayout": false,
    "isvisible": true,
    "kuid": "abaec277a3834b8282db038f9c13293d",
    "layouttype": 4,
    "name": "kony.ui.FlexContainer",
    "parent": "FlexScrollGroup0fb416aca2a5444",
    "pf": "frmSymmetric",
    "retaincontentalignment": false,
    "retainflexpositionproperties": false,
    "snapgridsize": 10,
    "snaptogrid": true,
    "spaan": {
        "render": true
    },
    "spabb": {
        "render": true
    },
    "spaip": {
        "render": true
    },
    "spawinphone8": {
        "render": true
    },
    "wType": "FlexContainer",
    "widgetalignment": 1,
    "winphone8": {
        "render": false
    },
    "zindex": 1
}