{
    "DNDConfig": null,
    "__parentReadjusting__": false,
    "_height_": {
        "type": "ref",
        "value": "preferred"
    },
    "_left_": {
        "type": "string",
        "value": "2%"
    },
    "_margin_": [
        0,
        0,
        0,
        0
    ],
    "_orientation_": 6,
    "_padding_": [
        0,
        0,
        0,
        0
    ],
    "_percent_": true,
    "_skin_": "s3adbe7a333e4525a3431bd48b4d74c2",
    "_top_": {
        "type": "string",
        "value": "15dp"
    },
    "_width_": {
        "type": "string",
        "value": "96%"
    },
    "allboxes": [],
    "autogrowmode": 1,
    "canUpdateUI": true,
    "children": [
        "CopyButton0bfe6507af12d42",
        "lblDecrypt"
    ],
    "clipbounds": true,
    "containerweight": 100,
    "enablescrolling": true,
    "id": "CopyFlexContainer0cd0205e3b0cf4c",
    "info": null,
    "iscustomlayout": false,
    "isvisible": true,
    "kuid": "b2aaf77d98c4400595b19da3823ef9fc",
    "layouttype": 4,
    "name": "kony.ui.FlexContainer",
    "parent": "FlexScrollGroup0fb416aca2a5444",
    "pf": "frmSymmetric",
    "retaincontentalignment": false,
    "retainflexpositionproperties": false,
    "snapgridsize": 10,
    "snaptogrid": true,
    "wType": "FlexContainer",
    "widgetalignment": 1,
    "zindex": 1
}