{
    "DNDConfig": null,
    "__parentReadjusting__": false,
    "_height_": {
        "type": "ref",
        "value": "preferred"
    },
    "_left_": {
        "type": "string",
        "value": "2.00%"
    },
    "_margin_": [
        0,
        0,
        0,
        0
    ],
    "_orientation_": 6,
    "_padding_": [
        0,
        0,
        0,
        0
    ],
    "_percent_": true,
    "_render_": true,
    "_skin_": "s3adbe7a333e4525a3431bd48b4d74c2",
    "_top_": {
        "type": "string",
        "value": "15dp"
    },
    "_width_": {
        "type": "string",
        "value": "96%"
    },
    "allboxes": [],
    "android": {
        "render": true
    },
    "autogrowmode": 1,
    "canUpdateUI": true,
    "children": [
        "txtMd2Hash",
        "CopyButton0dc26a5920be04d",
        "lblMD2Hash"
    ],
    "clipbounds": true,
    "containerweight": 100,
    "enablescrolling": true,
    "id": "CopyFlexContainer0j50d1f7a0d1f41",
    "info": null,
    "iphone": {
        "render": true
    },
    "iscustomlayout": false,
    "isvisible": true,
    "kuid": "g63ee2b5d00d41b096e3c12ec5cc15b2",
    "layouttype": 4,
    "name": "kony.ui.FlexContainer",
    "parent": "FlexScrollGroup0fb416aca2a5444",
    "pf": "frmSymmetric",
    "retaincontentalignment": false,
    "retainflexpositionproperties": false,
    "snapgridsize": 10,
    "snaptogrid": true,
    "spaan": {
        "render": true
    },
    "spabb": {
        "render": true
    },
    "spaip": {
        "render": true
    },
    "spawinphone8": {
        "render": true
    },
    "wType": "FlexContainer",
    "widgetalignment": 1,
    "winphone8": {
        "render": false
    },
    "zindex": 1
}