{
    "DNDConfig": null,
    "__parentReadjusting__": false,
    "_height_": {
        "type": "string",
        "value": "100%"
    },
    "_left_": {
        "type": "string",
        "value": "0dp"
    },
    "_margin_": [
        0,
        0,
        0,
        0
    ],
    "_orientation_": 6,
    "_padding_": [
        0,
        0,
        0,
        0
    ],
    "_percent_": true,
    "_skin_": "sb4d5ac895a64c2c9a5029ffbcf4583a",
    "_top_": {
        "type": "string",
        "value": "0dp"
    },
    "_width_": {
        "type": "string",
        "value": "100%"
    },
    "allboxes": [],
    "allowhorizontalbounce": false,
    "allowverticalbounce": true,
    "bounces": true,
    "canUpdateUI": true,
    "children": [
        "headerContainer25",
        "FlexContainer0i8ac664c77aa4a",
        "CopyFlexContainer0cd0205e3b0cf4c",
        "CopyFlexContainer0j50d1f7a0d1f41",
        "CopyFlexContainer0b4ef017ce5c347",
        "CopyFlexContainer0g947436dd97646",
        "CopyFlexContainer0h12ba98d2cf141"
    ],
    "clipbounds": true,
    "containerweight": 100,
    "decelerat": false,
    "dragg": false,
    "enablescrolling": true,
    "horizontalscrollindicator": true,
    "id": "FlexScrollGroup0fb416aca2a5444",
    "info": null,
    "iscustomlayout": false,
    "isvisible": true,
    "kuid": "edeb412b6ac04dbb9bd96e6a40d52fb3",
    "layouttype": 4,
    "name": "kony.ui.FlexScrollContainer",
    "pagingenabled": false,
    "parent": "frmSymmetric",
    "pf": "frmSymmetric",
    "retaincontentalignment": false,
    "retainflexpositionproperties": false,
    "retainflowhorizontalalignment": false,
    "scrolldirection": 2,
    "snapgridsize": 10,
    "snaptogrid": true,
    "track": false,
    "verticalscrollindicator": true,
    "wType": "FlexScrollContainer",
    "widgetalignment": 1
}