{
    "DNDConfig": null,
    "__parentReadjusting__": false,
    "_height_": {
        "type": "string",
        "value": "44dp"
    },
    "_left_": {
        "type": "string",
        "value": "0dp"
    },
    "_margin_": [
        0,
        0,
        0,
        0
    ],
    "_orientation_": 6,
    "_padding_": [
        0,
        0,
        0,
        0
    ],
    "_percent_": true,
    "_skin_": "sea1b32739f3489d806c42f35e7dadd3",
    "_top_": {
        "type": "string",
        "value": "0dp"
    },
    "_width_": {
        "type": "string",
        "value": "100%"
    },
    "allboxes": [],
    "android": {
        "height": {
            "type": "string",
            "value": "56dp"
        }
    },
    "canUpdateUI": true,
    "children": [
        "headerTitleLabel",
        "headerIconLeft",
        "headerButtonLeft"
    ],
    "clipbounds": true,
    "containerweight": 100,
    "enablescrolling": true,
    "id": "headerContainer25",
    "info": null,
    "isvisible": true,
    "kuid": "ca8ecfc982d641dfb1e99e154815bb3d",
    "layouttype": 2,
    "masterType": 1,
    "name": "kony.ui.FlexContainer",
    "parent": "FlexScrollGroup0fb416aca2a5444",
    "pf": "frmSymmetric",
    "snapgridsize": 10,
    "snaptogrid": true,
    "wType": "FlexContainer",
    "widgetalignment": 1,
    "zindex": 1
}