{
    "@class": "com.kony.gen.viz.model.component.KVizLabel",
    "DNDConfig": null,
    "__parentReadjusting__": false,
    "_bottom_": {
        "type": "string",
        "value": "10dp"
    },
    "_height_": {
        "type": "ref",
        "value": "preferred"
    },
    "_left_": {
        "type": "string",
        "value": "3%"
    },
    "_margin_": [
        1,
        1,
        1,
        1
    ],
    "_padding_": [
        0,
        0,
        0,
        0
    ],
    "_render_": true,
    "_skin_": "s25a996905ca4ba3978f9ac682b48159",
    "_text_": "",
    "_top_": {
        "type": "string",
        "value": "10dp"
    },
    "_width_": {
        "type": "string",
        "value": "94%"
    },
    "_wrapping_": 2,
    "android": {
        "render": true,
        "textStyle": {
            "letterSpacing": 0,
            "strikeThrough": false
        }
    },
    "canUpdateUI": true,
    "containerweight": 100,
    "contentalignment": 4,
    "id": "lblPBKDF2Key",
    "info": null,
    "ipad": {
        "psp": {
            "wrapping": 2
        }
    },
    "iphone": {
        "psp": {
            "wrapping": 2
        },
        "render": true
    },
    "iscustomlayout": false,
    "isvisible": true,
    "kuid": "dab084dda8014a4a88edd57f6e04c02f",
    "name": "kony.ui.Label",
    "parent": "CopyFlexContainer0g947436dd97646",
    "pf": "frmSymmetric",
    "retaincontentalignment": false,
    "retainflexpositionproperties": false,
    "spaan": {
        "render": true
    },
    "spabb": {
        "render": true
    },
    "spaip": {
        "render": true
    },
    "spawinphone8": {
        "render": true
    },
    "textstyle": {},
    "tooltip": "",
    "wType": "Label",
    "winphone8": {
        "render": true
    },
    "zindex": 1
}