{
    "@class": "com.kony.gen.viz.model.component.KVizButton",
    "DNDConfig": null,
    "__parentReadjusting__": false,
    "_height_": {
        "type": "string",
        "value": "50dp"
    },
    "_left_": {
        "type": "string",
        "value": "43dp"
    },
    "_margin_": [
        6,
        6,
        6,
        6
    ],
    "_padding_": [
        0,
        0,
        0,
        0
    ],
    "_skin_": "s953142d88bd4d32b0382c40078c3b51",
    "_text_": "Deregister",
    "_top_": {
        "type": "string",
        "value": "203dp"
    },
    "_width_": {
        "type": "string",
        "value": "300dp"
    },
    "canUpdateUI": true,
    "centerx": {
        "type": "string",
        "value": "50%"
    },
    "containerweight": 100,
    "contentalignment": 5,
    "displaytext": true,
    "focusskin": "s1fae84da70d4ec48f740a69a445b53c",
    "id": "btnDeregister",
    "info": null,
    "iscustomlayout": false,
    "isvisible": true,
    "kuid": "dd52dc9191094556986feb9f63178d6a",
    "name": "kony.ui.Button",
    "onclick": "AS_Button_g722303050fe444d9df66c19f52f06e0",
    "parent": "flxBody",
    "pf": "Form1",
    "retaincontentalignment": false,
    "retainflexpositionproperties": false,
    "wType": "Button",
    "zindex": 1
}