{
    "@class": "com.kony.gen.viz.model.component.KVizButton",
    "DNDConfig": null,
    "__parentReadjusting__": false,
    "_height_": {
        "type": "string",
        "value": "50dp"
    },
    "_left_": {
        "type": "string",
        "value": "43dp"
    },
    "_margin_": [
        6,
        6,
        6,
        6
    ],
    "_padding_": [
        0,
        0,
        0,
        0
    ],
    "_skin_": "s6b03cda7cdd48c59ae3ffbeda7611a6",
    "_text_": "Register",
    "_top_": {
        "type": "string",
        "value": "133dp"
    },
    "_width_": {
        "type": "string",
        "value": "300dp"
    },
    "canUpdateUI": true,
    "centerx": {
        "type": "string",
        "value": "50.00%"
    },
    "containerweight": 100,
    "contentalignment": 5,
    "displaytext": true,
    "focusskin": "s1fae84da70d4ec48f740a69a445b53c",
    "id": "btnRegister",
    "info": null,
    "iscustomlayout": false,
    "isvisible": true,
    "kuid": "da5184f6216d461089f8bc23ac4b70f9",
    "name": "kony.ui.Button",
    "onclick": "AS_Button_e8861d0bca824dfc8d1976de938effc6",
    "parent": "flxBody",
    "pf": "Form1",
    "retaincontentalignment": false,
    "retainflexpositionproperties": false,
    "wType": "Button",
    "zindex": 1
}