{
    "@class": "com.kony.gen.viz.model.component.KVizButton",
    "DNDConfig": null,
    "_height_": {
        "type": "string",
        "value": "40dp"
    },
    "_left_": {
        "type": "number",
        "value": ""
    },
    "_margin_": [
        6,
        6,
        6,
        6
    ],
    "_padding_": [
        0,
        0,
        0,
        0
    ],
    "_right_": {
        "type": "string",
        "value": "30dp"
    },
    "_skin_": "sa2322c77c7946b090e560cbe4abe7fd",
    "_text_": "",
    "_top_": {
        "type": "string",
        "value": "0dp"
    },
    "_width_": {
        "type": "string",
        "value": "150dp"
    },
    "canUpdateUI": true,
    "containerweight": 100,
    "contentalignment": 2,
    "displaytext": true,
    "focusskin": "sa9707122e9949189a3a729f6ebdab15",
    "id": "btnContinue",
    "info": null,
    "iscustomlayout": false,
    "isvisible": true,
    "kuid": "acb05e1c9dd14bdc8a3ffa0d9b31e8e8",
    "name": "kony.ui.Button",
    "parent": "flxButtons",
    "pf": "frmExistingCustomer",
    "responsiveData": {
        "b2": {
            "right": {
                "type": "string",
                "value": "3.74%"
            },
            "width": {
                "type": "string",
                "value": "18.80%"
            }
        },
        "b3": {
            "left": {
                "type": "string",
                "value": ""
            },
            "right": {
                "type": "string",
                "value": "4.16%"
            },
            "width": {
                "type": "string",
                "value": "150dp"
            }
        },
        "b4": {
            "centerX": {
                "type": "string",
                "value": "50%"
            },
            "right": {
                "type": "string",
                "value": ""
            },
            "width": {
                "type": "string",
                "value": "87.50%"
            }
        }
    },
    "retaincontentalignment": false,
    "retainflexpositionproperties": false,
    "texti18n": "kony.nuo.common.Continue",
    "wType": "Button",
    "zindex": 1
}