{
    "DNDConfig": null,
    "_height_": {
        "type": "string",
        "value": "110dp"
    },
    "_margin_": [
        0,
        0,
        0,
        0
    ],
    "_orientation_": 6,
    "_padding_": [
        0,
        0,
        0,
        0
    ],
    "_percent_": true,
    "_skin_": "se0d2af09e01415eae9c2563923a4c9e",
    "_top_": {
        "type": "string",
        "value": "31dp"
    },
    "_width_": {
        "type": "string",
        "value": "880dp"
    },
    "allboxes": [],
    "autogrowmode": 0,
    "canUpdateUI": true,
    "centerx": {
        "type": "string",
        "value": "50%"
    },
    "children": [
        "imgBank",
        "flxBankDetails"
    ],
    "clipbounds": true,
    "containerweight": 100,
    "enablescrolling": true,
    "id": "flxBank",
    "info": null,
    "iscustomlayout": false,
    "isvisible": true,
    "kuid": "c97ff5ebae18486b99141ffc778ad08f",
    "layouttype": 3,
    "name": "kony.ui.FlexContainer",
    "parent": "flxEsignMain",
    "pf": "frmExistingCustomer",
    "responsiveData": {
        "b2": {
            "width": {
                "type": "string",
                "value": "880dp"
            }
        },
        "b3": {
            "top": {
                "type": "string",
                "value": ""
            },
            "width": {
                "type": "string",
                "value": "92.03%"
            }
        },
        "b4": {
            "width": {
                "type": "string",
                "value": "93.33%"
            }
        }
    },
    "retaincontentalignment": false,
    "retainflexpositionproperties": false,
    "retainflowhorizontalalignment": false,
    "snapgridsize": 10,
    "snaptogrid": true,
    "wType": "FlexContainer",
    "widgetalignment": 1,
    "zindex": 1
}