{
    "DNDConfig": null,
    "_height_": {
        "type": "string",
        "value": "100%"
    },
    "_left_": {
        "type": "string",
        "value": "55dp"
    },
    "_margin_": [
        0,
        0,
        0,
        0
    ],
    "_orientation_": 6,
    "_padding_": [
        0,
        0,
        0,
        0
    ],
    "_percent_": true,
    "_skin_": "s04caf1d22ba4135af1acb3c13ba1f0d",
    "_top_": {
        "type": "string",
        "value": "0dp"
    },
    "_width_": {
        "type": "ref",
        "value": "preferred"
    },
    "allboxes": [],
    "autogrowmode": 0,
    "canUpdateUI": true,
    "children": [
        "lblBankName",
        "lblBankAdd1",
        "lblBankAdd2"
    ],
    "clipbounds": true,
    "containerweight": 100,
    "enablescrolling": true,
    "id": "flxBankDetails",
    "info": null,
    "iscustomlayout": false,
    "isvisible": true,
    "kuid": "e3161932fec34fd5834891fcf65cab79",
    "layouttype": 4,
    "name": "kony.ui.FlexContainer",
    "parent": "flxBank",
    "pf": "frmExistingCustomer",
    "responsiveData": {
        "b2": {
            "left": {
                "type": "string",
                "value": "6.25%"
            }
        },
        "b3": {
            "left": {
                "type": "string",
                "value": "8.30%"
            },
            "width": {
                "type": "string",
                "value": "72.50%"
            }
        },
        "b4": {
            "left": {
                "type": "string",
                "value": "11.70%"
            },
            "width": {
                "type": "string",
                "value": "54.64%"
            }
        }
    },
    "retaincontentalignment": false,
    "retainflexpositionproperties": false,
    "retainflowhorizontalalignment": false,
    "snapgridsize": 10,
    "snaptogrid": true,
    "wType": "FlexContainer",
    "widgetalignment": 1,
    "zindex": 1
}