{
    "DNDConfig": null,
    "_height_": {
        "type": "ref",
        "value": "preferred"
    },
    "_left_": {
        "type": "string",
        "value": "0dp"
    },
    "_margin_": [
        0,
        0,
        0,
        0
    ],
    "_orientation_": 6,
    "_padding_": [
        0,
        0,
        0,
        0
    ],
    "_percent_": true,
    "_skin_": "s3862adc7c15499586fbe8408097d637",
    "_top_": {
        "type": "string",
        "value": "0dp"
    },
    "_width_": {
        "type": "string",
        "value": "100%"
    },
    "allboxes": [],
    "autogrowmode": 1,
    "canUpdateUI": true,
    "centerx": {
        "type": "number",
        "value": ""
    },
    "children": [
        "f1",
        "flxNoteMobile",
        "flxSpaceDummy2",
        "flxRightContent",
        "flxSpaceDummy",
        "f2"
    ],
    "clipbounds": false,
    "containerweight": 100,
    "desktopweb": {
        "render": true
    },
    "enablescrolling": true,
    "id": "flxContent",
    "info": null,
    "iscustomlayout": false,
    "isvisible": true,
    "kiosk": {
        "render": false
    },
    "kuid": "b4d11c94b1b1484aa48a61ad379114be",
    "layouttype": 5,
    "name": "kony.ui.FlexContainer",
    "parent": "flxMain",
    "pf": "frmExistingCustomer",
    "responsiveData": {
        "b2": {
            "centerX": {
                "type": "string",
                "value": "50%"
            },
            "left": {
                "type": "string",
                "value": ""
            },
            "width": {
                "type": "string",
                "value": "87.84%"
            }
        },
        "b3": {},
        "b4": {
            "skin": "s3862adc7c15499586fbe8408097d637"
        }
    },
    "responsiveconfig": {
        "offset": {
            "b2": 1,
            "b3": 0,
            "b4": 0
        },
        "span": {
            "b2": 10,
            "b3": 12,
            "b4": 12
        }
    },
    "retaincontentalignment": false,
    "retainflexpositionproperties": false,
    "retainflowhorizontalalignment": false,
    "snapgridsize": 10,
    "snaptogrid": true,
    "wType": "FlexContainer",
    "widgetalignment": 1,
    "zindex": 1
}