{
    "DNDConfig": null,
    "_height_": {
        "type": "string",
        "value": "100%"
    },
    "_left_": {
        "type": "string",
        "value": ""
    },
    "_margin_": [
        0,
        0,
        0,
        0
    ],
    "_orientation_": 6,
    "_padding_": [
        0,
        0,
        0,
        0
    ],
    "_percent_": true,
    "_skin_": "s04caf1d22ba4135af1acb3c13ba1f0d",
    "_top_": {
        "type": "string",
        "value": "60dp"
    },
    "_width_": {
        "type": "string",
        "value": "330dp"
    },
    "allboxes": [],
    "canUpdateUI": true,
    "centerx": {
        "type": "number",
        "value": ""
    },
    "children": [
        "flxImgExistingUser",
        "lblExistingUser2",
        "lblExistingUser",
        "btnExistingUser"
    ],
    "clipbounds": true,
    "containerweight": 100,
    "enablescrolling": true,
    "id": "flxExistingUser",
    "info": null,
    "iscustomlayout": false,
    "isvisible": true,
    "kuid": "da315432bb6542abb5676c0f8c7a61f6",
    "layouttype": 2,
    "name": "kony.ui.FlexContainer",
    "parent": "flxOptions",
    "pf": "frmExistingCustomer",
    "responsiveData": {
        "b2": {
            "layoutType": 2,
            "top": {
                "type": "string",
                "value": "0%"
            },
            "width": {
                "type": "string",
                "value": "50%"
            }
        },
        "b3": {
            "isVisible": true,
            "layoutType": 2,
            "top": {
                "type": "string",
                "value": "0dp"
            },
            "width": {
                "type": "string",
                "value": "50%"
            }
        },
        "b4": {
            "centerX": {
                "type": "string",
                "value": "50%"
            },
            "height": {
                "type": "string",
                "value": "50%"
            },
            "layoutType": 4,
            "top": {
                "type": "string",
                "value": "0dp"
            }
        }
    },
    "retaincontentalignment": false,
    "retainflexpositionproperties": false,
    "retainflowhorizontalalignment": false,
    "snapgridsize": 10,
    "snaptogrid": true,
    "wType": "FlexContainer",
    "widgetalignment": 1,
    "zindex": 1
}