{
    "DNDConfig": null,
    "_height_": {
        "type": "ref",
        "value": "preferred"
    },
    "_left_": {
        "type": "string",
        "value": "0dp"
    },
    "_margin_": [
        0,
        0,
        0,
        0
    ],
    "_orientation_": 6,
    "_padding_": [
        0,
        0,
        0,
        0
    ],
    "_percent_": true,
    "_skin_": "sad8aa26ffed40579f045cf1942b96ad",
    "_top_": {
        "type": "string",
        "value": "0dp"
    },
    "_width_": {
        "type": "string",
        "value": "100%"
    },
    "allboxes": [],
    "autogrowmode": 1,
    "canUpdateUI": true,
    "children": [
        "flxEsignMain"
    ],
    "clipbounds": false,
    "containerweight": 100,
    "enablescrolling": true,
    "id": "flxESignAgreement",
    "info": null,
    "iscustomlayout": false,
    "isvisible": false,
    "kuid": "de081f5e5cb649879dde1ca03fdc638b",
    "layouttype": 2,
    "name": "kony.ui.FlexContainer",
    "parent": "frmExistingCustomer",
    "pf": "frmExistingCustomer",
    "responsiveData": {
        "b2": {},
        "b3": {
            "isVisible": false
        },
        "b4": {}
    },
    "retaincontentalignment": false,
    "retainflexpositionproperties": false,
    "retainflowhorizontalalignment": false,
    "snapgridsize": 10,
    "snaptogrid": true,
    "wType": "FlexContainer",
    "widgetalignment": 1,
    "zindex": 5
}