{
    "DNDConfig": null,
    "_height_": {
        "type": "string",
        "value": "40dp"
    },
    "_left_": {
        "type": "string",
        "value": "30dp"
    },
    "_margin_": [
        0,
        0,
        0,
        0
    ],
    "_orientation_": 6,
    "_padding_": [
        0,
        0,
        0,
        0
    ],
    "_percent_": true,
    "_skin_": "s04caf1d22ba4135af1acb3c13ba1f0d",
    "_top_": {
        "type": "string",
        "value": "23dp"
    },
    "_width_": {
        "type": "string",
        "value": "100%"
    },
    "allboxes": [],
    "autogrowmode": 0,
    "canUpdateUI": true,
    "children": [
        "MemberYesNo"
    ],
    "clipbounds": false,
    "containerweight": 100,
    "enablescrolling": true,
    "id": "flxExistingMemberOptionChooser",
    "info": null,
    "iscustomlayout": false,
    "isvisible": false,
    "kuid": "i39655f03a224ed0b9854d761a77a020",
    "layouttype": 2,
    "name": "kony.ui.FlexContainer",
    "parent": "flxLeftContent",
    "pf": "frmExistingCustomer",
    "responsiveData": {
        "b3": {
            "left": {
                "type": "string",
                "value": "4.16%"
            },
            "width": {
                "type": "string",
                "value": "91.68%"
            }
        },
        "b4": {
            "left": {
                "type": "string",
                "value": "6.25%"
            },
            "top": {
                "type": "string",
                "value": "22dp"
            }
        }
    },
    "retaincontentalignment": false,
    "retainflexpositionproperties": false,
    "retainflowhorizontalalignment": false,
    "snapgridsize": 10,
    "snaptogrid": true,
    "wType": "FlexContainer",
    "widgetalignment": 1,
    "zindex": 1
}