{
    "DNDConfig": null,
    "_height_": {
        "type": "string",
        "value": "700dp"
    },
    "_margin_": [
        0,
        0,
        0,
        0
    ],
    "_orientation_": 6,
    "_padding_": [
        0,
        0,
        0,
        0
    ],
    "_percent_": true,
    "_skin_": "s41a990e22b940c39e543452e6d2430d",
    "_top_": {
        "type": "string",
        "value": "120dp"
    },
    "_width_": {
        "type": "string",
        "value": "940dp"
    },
    "allboxes": [],
    "canUpdateUI": true,
    "centerx": {
        "type": "string",
        "value": "50%"
    },
    "children": [
        "flxEsignHeader",
        "lblSeperator",
        "flxBank",
        "flxAgreement"
    ],
    "clipbounds": true,
    "containerweight": 100,
    "enablescrolling": true,
    "id": "flxEsignMain",
    "info": null,
    "iscustomlayout": false,
    "isvisible": true,
    "kuid": "de1ea86fb1494116b05c559c2df5176c",
    "layouttype": 4,
    "name": "kony.ui.FlexContainer",
    "parent": "flxESignAgreement",
    "pf": "frmExistingCustomer",
    "responsiveData": {
        "b3": {
            "width": {
                "type": "string",
                "value": "93.48%"
            }
        },
        "b4": {
            "height": {
                "type": "string",
                "value": "924dp"
            },
            "top": {
                "type": "string",
                "value": "60dp"
            },
            "width": {
                "type": "string",
                "value": "93.75%"
            }
        }
    },
    "retaincontentalignment": false,
    "retainflexpositionproperties": false,
    "retainflowhorizontalalignment": false,
    "snapgridsize": 10,
    "snaptogrid": true,
    "wType": "FlexContainer",
    "widgetalignment": 1,
    "zindex": 10
}