{
    "DNDConfig": null,
    "_bottom_": {
        "type": "string",
        "value": "0dp"
    },
    "_height_": {
        "type": "string",
        "value": "220dp"
    },
    "_left_": {
        "type": "string",
        "value": "0dp"
    },
    "_margin_": [
        0,
        0,
        0,
        0
    ],
    "_orientation_": 6,
    "_padding_": [
        0,
        0,
        0,
        0
    ],
    "_percent_": true,
    "_render_": true,
    "_skin_": "s04caf1d22ba4135af1acb3c13ba1f0d",
    "_top_": {
        "type": "string",
        "value": ""
    },
    "_width_": {
        "type": "string",
        "value": "100%"
    },
    "allboxes": [],
    "canUpdateUI": true,
    "children": [
        "customfooter"
    ],
    "clipbounds": false,
    "containerweight": 100,
    "desktopweb": {
        "render": true
    },
    "enablescrolling": true,
    "id": "flxFooter",
    "info": null,
    "iscustomlayout": false,
    "isvisible": true,
    "kiosk": {
        "render": true
    },
    "kuid": "d44f45c51f64485f8c8bb2253785e7a3",
    "layouttype": 2,
    "name": "kony.ui.FlexContainer",
    "parent": "flxMain",
    "pf": "frmExistingCustomer",
    "responsiveData": {
        "b2": {
            "height": {
                "type": "string",
                "value": "150dp"
            }
        },
        "b3": {
            "height": {
                "type": "string",
                "value": "150dp"
            }
        },
        "b4": {
            "height": {
                "type": "ref",
                "value": "preferred"
            }
        }
    },
    "responsiveconfig": {
        "offset": {
            "b2": 1,
            "b3": 1,
            "b4": 0
        },
        "span": {
            "b2": 10,
            "b3": 10,
            "b4": 12
        }
    },
    "retaincontentalignment": false,
    "retainflexpositionproperties": false,
    "retainflowhorizontalalignment": false,
    "snapgridsize": 10,
    "snaptogrid": true,
    "wType": "FlexContainer",
    "widgetalignment": 1,
    "zindex": 1
}