{
    "DNDConfig": null,
    "_height_": {
        "type": "string",
        "value": "220dp"
    },
    "_left_": {
        "type": "string",
        "value": "34dp"
    },
    "_margin_": [
        0,
        0,
        0,
        0
    ],
    "_orientation_": 6,
    "_padding_": [
        0,
        0,
        0,
        0
    ],
    "_percent_": true,
    "_right_": {
        "type": "number",
        "value": ""
    },
    "_skin_": "s04caf1d22ba4135af1acb3c13ba1f0d",
    "_top_": {
        "type": "string",
        "value": "28dp"
    },
    "_width_": {
        "type": "string",
        "value": "100%"
    },
    "allboxes": [],
    "canUpdateUI": true,
    "centerx": {
        "type": "string",
        "value": "50%"
    },
    "children": [
        "imgExistingUser"
    ],
    "clipbounds": true,
    "containerweight": 100,
    "enablescrolling": true,
    "id": "flxImgExistingUser",
    "info": null,
    "iscustomlayout": false,
    "isvisible": true,
    "kuid": "d5b0dd00acc4458389951a971df7f092",
    "layouttype": 2,
    "name": "kony.ui.FlexContainer",
    "parent": "flxExistingUser",
    "pf": "frmExistingCustomer",
    "responsiveData": {
        "b2": {
            "height": {
                "type": "string",
                "value": "100dp"
            },
            "left": {
                "type": "string",
                "value": ""
            },
            "top": {
                "type": "string",
                "value": "0%"
            },
            "width": {
                "type": "string",
                "value": "100dp"
            }
        },
        "b3": {
            "height": {
                "type": "string",
                "value": "100dp"
            },
            "left": {
                "type": "string",
                "value": "160dp"
            },
            "top": {
                "type": "string",
                "value": "0dp"
            },
            "width": {
                "type": "string",
                "value": "100dp"
            }
        },
        "b4": {
            "centerX": {
                "type": "string",
                "value": "50%"
            },
            "height": {
                "type": "string",
                "value": "100dp"
            },
            "left": {
                "type": "string",
                "value": ""
            },
            "top": {
                "type": "string",
                "value": "4dp"
            },
            "width": {
                "type": "string",
                "value": "100dp"
            }
        }
    },
    "retaincontentalignment": false,
    "retainflexpositionproperties": false,
    "retainflowhorizontalalignment": false,
    "snapgridsize": 10,
    "snaptogrid": true,
    "wType": "FlexContainer",
    "widgetalignment": 1,
    "zindex": 1
}