{
    "DNDConfig": null,
    "_height_": {
        "type": "ref",
        "value": "preferred"
    },
    "_left_": {
        "type": "string",
        "value": "30dp"
    },
    "_margin_": [
        0,
        0,
        0,
        0
    ],
    "_orientation_": 6,
    "_padding_": [
        0,
        0,
        0,
        0
    ],
    "_percent_": true,
    "_skin_": "s04caf1d22ba4135af1acb3c13ba1f0d",
    "_top_": {
        "type": "string",
        "value": "104dp"
    },
    "_width_": {
        "type": "string",
        "value": "87%"
    },
    "allboxes": [],
    "autogrowmode": 1,
    "canUpdateUI": true,
    "children": [
        "lblNote",
        "rtxESignAgreement"
    ],
    "clipbounds": true,
    "containerweight": 100,
    "enablescrolling": true,
    "id": "flxNote",
    "info": null,
    "iscustomlayout": false,
    "isvisible": true,
    "kuid": "a6b56a0caa7447629012818e34f7e074",
    "layouttype": 4,
    "name": "kony.ui.FlexContainer",
    "parent": "flxLeftContent",
    "pf": "frmExistingCustomer",
    "responsiveData": {
        "b2": {
            "isVisible": false,
            "left": {
                "type": "string",
                "value": "3.74%"
            },
            "width": {
                "type": "string",
                "value": "90%"
            }
        },
        "b3": {
            "isVisible": false,
            "left": {
                "type": "string",
                "value": "4.16%"
            },
            "width": {
                "type": "string",
                "value": "80%"
            }
        },
        "b4": {
            "isVisible": false,
            "left": {
                "type": "string",
                "value": "6.25%"
            },
            "top": {
                "type": "string",
                "value": "27dp"
            }
        }
    },
    "retaincontentalignment": false,
    "retainflexpositionproperties": false,
    "retainflowhorizontalalignment": false,
    "snapgridsize": 10,
    "snaptogrid": true,
    "wType": "FlexContainer",
    "widgetalignment": 1,
    "zindex": 1
}