{
    "DNDConfig": null,
    "_height_": {
        "type": "string",
        "value": "109dp"
    },
    "_left_": {
        "type": "string",
        "value": "0dp"
    },
    "_margin_": [
        0,
        0,
        0,
        0
    ],
    "_orientation_": 6,
    "_padding_": [
        0,
        0,
        0,
        0
    ],
    "_percent_": true,
    "_skin_": "s3862adc7c15499586fbe8408097d637",
    "_top_": {
        "type": "string",
        "value": "21dp"
    },
    "_width_": {
        "type": "string",
        "value": "100%"
    },
    "allboxes": [],
    "canUpdateUI": true,
    "children": [
        "lblMobileNote",
        "lbleSignAgreementMobile",
        "lblNote1Mobile"
    ],
    "clipbounds": true,
    "containerweight": 100,
    "enablescrolling": true,
    "id": "flxNoteMobile",
    "info": null,
    "iscustomlayout": false,
    "isvisible": false,
    "kuid": "c31225c5ec9349bdb66f1a43197c8628",
    "layouttype": 2,
    "name": "kony.ui.FlexContainer",
    "parent": "flxContent",
    "pf": "frmExistingCustomer",
    "responsiveData": {
        "b4": {
            "height": {
                "type": "ref",
                "value": "preferred"
            }
        }
    },
    "responsiveconfig": {
        "offset": {
            "b2": 0,
            "b3": 0,
            "b4": 0
        },
        "span": {
            "b2": 3,
            "b3": 4,
            "b4": 6
        }
    },
    "retaincontentalignment": false,
    "retainflexpositionproperties": false,
    "retainflowhorizontalalignment": false,
    "snapgridsize": 10,
    "snaptogrid": true,
    "wType": "FlexContainer",
    "widgetalignment": 1,
    "zindex": 1
}