{
    "DNDConfig": null,
    "_height_": {
        "type": "string",
        "value": "250dp"
    },
    "_left_": {
        "type": "string",
        "value": "2dp"
    },
    "_margin_": [
        0,
        0,
        0,
        0
    ],
    "_orientation_": 6,
    "_padding_": [
        0,
        0,
        0,
        0
    ],
    "_percent_": true,
    "_right_": {
        "type": "string",
        "value": "5%"
    },
    "_skin_": "s04caf1d22ba4135af1acb3c13ba1f0d",
    "_top_": {
        "type": "string",
        "value": "30dp"
    },
    "_width_": {
        "type": "string",
        "value": "85%"
    },
    "allboxes": [],
    "canUpdateUI": true,
    "centerx": {
        "type": "string",
        "value": "50%"
    },
    "children": [
        "flxNewUser",
        "flxExistingUser"
    ],
    "clipbounds": true,
    "containerweight": 100,
    "enablescrolling": true,
    "id": "flxOptions",
    "info": null,
    "iscustomlayout": false,
    "isvisible": true,
    "kuid": "gc4a7bb4ffe04b6baad610ecd59894f5",
    "layouttype": 2,
    "name": "kony.ui.FlexContainer",
    "parent": "flxLeftContent",
    "pf": "frmExistingCustomer",
    "responsiveData": {
        "b2": {
            "height": {
                "type": "string",
                "value": "65%"
            },
            "isVisible": true,
            "layoutType": 3,
            "left": {
                "type": "string",
                "value": "6%"
            },
            "right": {
                "type": "string",
                "value": "5%"
            }
        },
        "b3": {
            "isVisible": true,
            "layoutType": 3,
            "left": {
                "type": "number",
                "value": "0"
            },
            "right": {
                "type": "string",
                "value": "0dp"
            },
            "width": {
                "type": "string",
                "value": "100%"
            }
        },
        "b4": {
            "height": {
                "type": "string",
                "value": "500dp"
            },
            "isVisible": true,
            "layoutType": 4,
            "left": {
                "type": "string",
                "value": ""
            },
            "top": {
                "type": "string",
                "value": "10dp"
            },
            "width": {
                "type": "string",
                "value": "90%"
            }
        }
    },
    "retaincontentalignment": false,
    "retainflexpositionproperties": false,
    "retainflowhorizontalalignment": false,
    "snapgridsize": 10,
    "snaptogrid": true,
    "wType": "FlexContainer",
    "widgetalignment": 1,
    "zindex": 1
}