{
    "DNDConfig": null,
    "_height_": {
        "type": "string",
        "value": "400dp"
    },
    "_left_": {
        "type": "number",
        "value": ""
    },
    "_margin_": [
        0,
        0,
        0,
        0
    ],
    "_orientation_": 6,
    "_padding_": [
        0,
        0,
        0,
        0
    ],
    "_percent_": true,
    "_right_": {
        "type": "string",
        "value": "82dp"
    },
    "_skin_": "s04caf1d22ba4135af1acb3c13ba1f0d",
    "_top_": {
        "type": "string",
        "value": "63dp"
    },
    "_width_": {
        "type": "string",
        "value": "390dp"
    },
    "allboxes": [],
    "canUpdateUI": true,
    "children": [
        "flxSpaceDummyFlxRight",
        "usefulInfo"
    ],
    "clipbounds": false,
    "containerweight": 100,
    "enablescrolling": true,
    "id": "flxRightContent",
    "info": null,
    "iscustomlayout": false,
    "isvisible": true,
    "kuid": "d5601e6d9b9441a3abb37e0876548107",
    "layouttype": 4,
    "name": "kony.ui.FlexContainer",
    "parent": "flxContent",
    "pf": "frmExistingCustomer",
    "responsiveData": {
        "b2": {
            "height": {
                "type": "string",
                "value": "450dp"
            },
            "right": {
                "type": "string",
                "value": "0dp"
            },
            "width": {
                "type": "string",
                "value": "32.50%"
            }
        },
        "b3": {
            "centerX": {
                "type": "string",
                "value": "50%"
            },
            "left": {
                "type": "string",
                "value": "24dp"
            },
            "right": {
                "type": "string",
                "value": ""
            },
            "top": {
                "type": "string",
                "value": "20dp"
            },
            "width": {
                "type": "string",
                "value": "96.35%"
            }
        },
        "b4": {
            "right": {
                "type": "string",
                "value": ""
            },
            "top": {
                "type": "string",
                "value": "20dp"
            },
            "width": {
                "type": "string",
                "value": "100%"
            }
        }
    },
    "responsiveconfig": {
        "offset": {
            "b2": 0,
            "b3": 1,
            "b4": 0
        },
        "span": {
            "b2": 4,
            "b3": 10,
            "b4": 12
        }
    },
    "retaincontentalignment": false,
    "retainflexpositionproperties": false,
    "retainflowhorizontalalignment": false,
    "snapgridsize": 10,
    "snaptogrid": true,
    "wType": "FlexContainer",
    "widgetalignment": 1,
    "zindex": 1
}