{
    "DNDConfig": null,
    "_height_": {
        "type": "string",
        "value": "220dp"
    },
    "_left_": {
        "type": "string",
        "value": "0"
    },
    "_margin_": [
        0,
        0,
        0,
        0
    ],
    "_orientation_": 6,
    "_padding_": [
        0,
        0,
        0,
        0
    ],
    "_percent_": true,
    "_skin_": "s04caf1d22ba4135af1acb3c13ba1f0d",
    "_top_": {
        "type": "string",
        "value": "0"
    },
    "_width_": {
        "type": "string",
        "value": "100%"
    },
    "allboxes": [],
    "canUpdateUI": true,
    "children": [],
    "clipbounds": true,
    "containerweight": 100,
    "enablescrolling": true,
    "id": "flxSpaceDummyFlxRight",
    "info": null,
    "iscustomlayout": false,
    "isvisible": true,
    "kuid": "ae9db8378669491ea79afb42a5b52f90",
    "layouttype": 2,
    "name": "kony.ui.FlexContainer",
    "parent": "flxRightContent",
    "pf": "frmExistingCustomer",
    "responsiveData": {
        "b2": {
            "height": {
                "type": "string",
                "value": "50dp"
            }
        },
        "b3": {
            "height": {
                "type": "string",
                "value": "45dp"
            }
        },
        "b4": {
            "height": {
                "type": "string",
                "value": "45dp"
            }
        }
    },
    "retaincontentalignment": false,
    "retainflexpositionproperties": false,
    "retainflowhorizontalalignment": false,
    "snapgridsize": 10,
    "snaptogrid": true,
    "wType": "FlexContainer",
    "widgetalignment": 1
}