{
    "DNDConfig": null,
    "_height_": {
        "type": "string",
        "value": "20dp"
    },
    "_left_": {
        "type": "string",
        "value": "0dp"
    },
    "_margin_": [
        0,
        0,
        0,
        0
    ],
    "_orientation_": 6,
    "_padding_": [
        0,
        0,
        0,
        0
    ],
    "_percent_": true,
    "_skin_": "s04caf1d22ba4135af1acb3c13ba1f0d",
    "_top_": {
        "type": "string",
        "value": "13dp"
    },
    "_width_": {
        "type": "string",
        "value": "100%"
    },
    "allboxes": [],
    "canUpdateUI": true,
    "children": [],
    "clipbounds": false,
    "containerweight": 100,
    "enablescrolling": true,
    "id": "flxSpaceDummy",
    "info": null,
    "iscustomlayout": false,
    "isvisible": true,
    "kuid": "h143f787bde1450499a8726f6008b218",
    "layouttype": 2,
    "name": "kony.ui.FlexContainer",
    "parent": "flxContent",
    "pf": "frmExistingCustomer",
    "responsiveData": {
        "b2": {
            "height": {
                "type": "string",
                "value": "20dp"
            }
        },
        "b3": {
            "height": {
                "type": "string",
                "value": "65dp"
            }
        },
        "b4": {
            "height": {
                "type": "string",
                "value": "65dp"
            },
            "top": {
                "type": "string",
                "value": "9dp"
            }
        }
    },
    "responsiveconfig": {
        "offset": {
            "b2": 0,
            "b3": 0,
            "b4": 0
        },
        "span": {
            "b2": 12,
            "b3": 12,
            "b4": 12
        }
    },
    "retaincontentalignment": false,
    "retainflexpositionproperties": false,
    "retainflowhorizontalalignment": false,
    "snapgridsize": 10,
    "snaptogrid": true,
    "wType": "FlexContainer",
    "widgetalignment": 1,
    "zindex": 1
}