{
    "@class": "com.kony.gen.viz.model.component.KVizImage2",
    "DNDConfig": null,
    "_base64_": null,
    "_height_": {
        "type": "string",
        "value": "48dp"
    },
    "_left_": {
        "type": "string",
        "value": "20dp"
    },
    "_margin_": [
        0,
        0,
        0,
        0
    ],
    "_padding_": [
        0,
        0,
        0,
        0
    ],
    "_skin_": "s78a5f26c9f14cec9ebed1bb46098f80",
    "_src_": "header_infinity_logo.png",
    "_top_": {
        "type": "string",
        "value": "25dp"
    },
    "_width_": {
        "type": "string",
        "value": "91dp"
    },
    "accessibilityconfig": {
        "a11yLabel": "Infinity onboarding logo"
    },
    "canUpdateUI": true,
    "centery": {
        "type": "string",
        "value": "45%"
    },
    "containerweight": 100,
    "id": "imgBank",
    "imagescalemode": 1,
    "info": null,
    "invokedProperty": "src",
    "iscustomlayout": false,
    "isvisible": true,
    "kuid": "g59be14a2b974d90b242a8fac789d68f",
    "name": "kony.ui.Image2",
    "parent": "flxBank",
    "pf": "frmExistingCustomer",
    "responsiveData": {
        "b3": {
            "left": {
                "type": "string",
                "value": "3.03%"
            },
            "top": {
                "type": "string",
                "value": ""
            }
        },
        "b4": {
            "left": {
                "type": "string",
                "value": "2.50%"
            },
            "top": {
                "type": "string",
                "value": ""
            }
        }
    },
    "retaincontentalignment": false,
    "retainflexpositionproperties": false,
    "srcType": 1,
    "wType": "Image",
    "widgetalignment": 5,
    "zindex": 1
}