{
    "@class": "com.kony.gen.viz.model.component.KVizImage2",
    "DNDConfig": null,
    "_base64_": null,
    "_height_": {
        "type": "string",
        "value": "16dp"
    },
    "_margin_": [
        0,
        0,
        0,
        0
    ],
    "_padding_": [
        0,
        0,
        0,
        0
    ],
    "_right_": {
        "type": "string",
        "value": "29dp"
    },
    "_skin_": "s78a5f26c9f14cec9ebed1bb46098f80",
    "_src_": "closeicon.png",
    "_top_": {
        "type": "string",
        "value": "15dp"
    },
    "_width_": {
        "type": "string",
        "value": "16dp"
    },
    "accessibilityconfig": {
        "a11yLabel": "Close Agreement"
    },
    "canUpdateUI": true,
    "centery": {
        "type": "number",
        "value": ""
    },
    "containerweight": 100,
    "id": "imgClose",
    "imagescalemode": 1,
    "info": null,
    "invokedProperty": "src",
    "iscustomlayout": false,
    "isvisible": true,
    "kuid": "aeaf8c1b56ca446eb19c01daf22564ea",
    "name": "kony.ui.Image2",
    "parent": "flxEsignHeader",
    "pf": "frmExistingCustomer",
    "responsiveData": {
        "b2": {
            "centerY": {
                "type": "string",
                "value": "45%"
            },
            "right": {
                "type": "string",
                "value": "3%"
            }
        },
        "b3": {
            "centerY": {
                "type": "string",
                "value": "50%"
            },
            "right": {
                "type": "string",
                "value": "2.79%"
            },
            "top": {
                "type": "string",
                "value": ""
            }
        },
        "b4": {
            "centerY": {
                "type": "string",
                "value": "50%"
            },
            "right": {
                "type": "string",
                "value": "3%"
            },
            "top": {
                "type": "string",
                "value": ""
            }
        }
    },
    "retaincontentalignment": false,
    "retainflexpositionproperties": false,
    "srcType": 1,
    "wType": "Image",
    "widgetalignment": 5,
    "zindex": 1
}