{
    "@class": "com.kony.gen.viz.model.component.KVizLabel",
    "DNDConfig": null,
    "_height_": {
        "type": "ref",
        "value": "preferred"
    },
    "_left_": {
        "type": "string",
        "value": "20dp"
    },
    "_margin_": [
        1,
        1,
        1,
        1
    ],
    "_padding_": [
        0,
        0,
        0,
        0
    ],
    "_skin_": "s676bb059a454440b942f7ce8c90c68b",
    "_text_": "E - sign Agreement:",
    "_top_": {
        "type": "string",
        "value": "25dp"
    },
    "_width_": {
        "type": "ref",
        "value": "preferred"
    },
    "_wrapping_": 2,
    "android": {
        "textStyle": {
            "letterSpacing": 0,
            "strikeThrough": false
        }
    },
    "canUpdateUI": true,
    "containerweight": 100,
    "contentalignment": 4,
    "id": "lblAgreement",
    "info": null,
    "ipad": {
        "psp": {
            "wrapping": 2
        }
    },
    "iphone": {
        "psp": {
            "wrapping": 2
        }
    },
    "iscustomlayout": false,
    "isvisible": true,
    "kuid": "ie85756ccc5a40f2b43b1ddb4a998e3c",
    "name": "kony.ui.Label",
    "parent": "flxAgreement",
    "pf": "frmExistingCustomer",
    "responsiveData": {
        "b2": {
            "left": {
                "type": "string",
                "value": "2.27%"
            }
        },
        "b3": {
            "left": {
                "type": "string",
                "value": "3.03%"
            }
        },
        "b4": {
            "left": {
                "type": "string",
                "value": "2.50%"
            }
        }
    },
    "retaincontentalignment": false,
    "retainflexpositionproperties": false,
    "tooltip": "",
    "wType": "Label",
    "zindex": 1
}