{
    "@class": "com.kony.gen.viz.model.component.KVizLabel",
    "DNDConfig": null,
    "_bottom_": {
        "type": "string",
        "value": "5dp"
    },
    "_height_": {
        "type": "string",
        "value": "40dp"
    },
    "_left_": {
        "type": "string",
        "value": "10dp"
    },
    "_margin_": [
        1,
        1,
        1,
        1
    ],
    "_padding_": [
        0,
        0,
        0,
        0
    ],
    "_right_": {
        "type": "string",
        "value": "10dp"
    },
    "_skin_": "sbd89d96761943e196ed85987e4cf5ac",
    "_text_": "Help us in setting up your desired option",
    "_top_": {
        "type": "string",
        "value": "12dp"
    },
    "_wrapping_": 2,
    "accessibilityconfig": {},
    "android": {
        "textStyle": {
            "letterSpacing": 0,
            "strikeThrough": false
        }
    },
    "canUpdateUI": true,
    "containerweight": 100,
    "contentalignment": 4,
    "id": "lblContentHeader",
    "info": null,
    "ipad": {
        "psp": {
            "wrapping": 2
        }
    },
    "iphone": {
        "psp": {
            "wrapping": 2
        }
    },
    "iscustomlayout": false,
    "isvisible": true,
    "kuid": "gf6a150de6024c19aaec8e5530a3f396",
    "name": "kony.ui.Label",
    "parent": "flxInfo",
    "pf": "frmExistingCustomer",
    "responsiveData": {
        "b2": {},
        "b3": {},
        "b4": {}
    },
    "retaincontentalignment": false,
    "retainflexpositionproperties": false,
    "texti18n": "kony.onboarding.existentmember.header",
    "tooltip": "",
    "wType": "Label",
    "zindex": 1
}