{
    "@class": "com.kony.gen.viz.model.component.KVizLabel",
    "DNDConfig": null,
    "_height_": {
        "type": "ref",
        "value": "preferred"
    },
    "_left_": {
        "type": "string",
        "value": "0dp"
    },
    "_margin_": [
        1,
        1,
        1,
        1
    ],
    "_padding_": [
        0,
        0,
        0,
        0
    ],
    "_skin_": "sc0f5862a71e469a85ee4a38df7b9c48",
    "_text_": "eSign Agreement",
    "_top_": {
        "type": "string",
        "value": "19dp"
    },
    "_width_": {
        "type": "ref",
        "value": "preferred"
    },
    "_wrapping_": 2,
    "android": {
        "textStyle": {
            "letterSpacing": 0,
            "strikeThrough": false
        }
    },
    "canUpdateUI": true,
    "containerweight": 100,
    "contentalignment": 4,
    "id": "lbleSignAgreementMobile",
    "info": null,
    "ipad": {
        "psp": {
            "wrapping": 2
        }
    },
    "iphone": {
        "psp": {
            "wrapping": 2
        }
    },
    "iscustomlayout": false,
    "isvisible": true,
    "kuid": "a4204bfcd59641b7921da0bf4ea7879d",
    "name": "kony.ui.Label",
    "parent": "flxNoteMobile",
    "pf": "frmExistingCustomer",
    "responsiveData": {
        "b2": {
            "left": {
                "type": "string",
                "value": "82.40%"
            },
            "top": {
                "type": "string",
                "value": "0dp"
            }
        },
        "b4": {
            "left": {
                "type": "string",
                "value": "18%"
            },
            "top": {
                "type": "string",
                "value": "19dp"
            }
        }
    },
    "retaincontentalignment": false,
    "retainflexpositionproperties": false,
    "tooltip": "",
    "wType": "Label",
    "zindex": 1
}