{
    "@class": "com.kony.gen.viz.model.component.KVizLabel",
    "DNDConfig": null,
    "_height_": {
        "type": "string",
        "value": "17.40%"
    },
    "_left_": {
        "type": "string",
        "value": ""
    },
    "_margin_": [
        1,
        1,
        1,
        1
    ],
    "_padding_": [
        0,
        0,
        0,
        0
    ],
    "_right_": {
        "type": "string",
        "value": ""
    },
    "_skin_": "s668863d9b844604a58c5f362f0e0c46",
    "_text_": "I'm an existing customer",
    "_top_": {
        "type": "string",
        "value": "100dp"
    },
    "_width_": {
        "type": "string",
        "value": "212dp"
    },
    "_wrapping_": 2,
    "android": {
        "textStyle": {
            "letterSpacing": 0,
            "strikeThrough": false
        }
    },
    "canUpdateUI": true,
    "centerx": {
        "type": "string",
        "value": "50%"
    },
    "containerweight": 100,
    "contentalignment": 4,
    "id": "lblExistingUser2",
    "info": null,
    "ipad": {
        "psp": {
            "wrapping": 2
        }
    },
    "iphone": {
        "psp": {
            "wrapping": 2
        }
    },
    "iscustomlayout": false,
    "isvisible": true,
    "kuid": "dccb7a8492d84ca28229bc1c7be6a110",
    "name": "kony.ui.Label",
    "parent": "flxExistingUser",
    "pf": "frmExistingCustomer",
    "responsiveData": {
        "b2": {
            "contentAlignment": 5,
            "height": {
                "type": "ref",
                "value": "preferred"
            }
        },
        "b3": {
            "contentAlignment": 5,
            "height": {
                "type": "ref",
                "value": "preferred"
            }
        },
        "b4": {
            "centerX": {
                "type": "string",
                "value": "50%"
            },
            "contentAlignment": 5,
            "height": {
                "type": "ref",
                "value": "preferred"
            },
            "top": {
                "type": "string",
                "value": "0dp"
            }
        }
    },
    "retaincontentalignment": false,
    "retainflexpositionproperties": false,
    "texti18n": "kony.onboarding.existentmember.existingcustomer",
    "tooltip": "",
    "wType": "Label",
    "zindex": 1
}