{
    "@class": "com.kony.gen.viz.model.component.KVizLabel",
    "DNDConfig": null,
    "_height_": {
        "type": "string",
        "value": "45px"
    },
    "_left_": {
        "type": "string",
        "value": "40dp"
    },
    "_margin_": [
        1,
        1,
        1,
        1
    ],
    "_padding_": [
        0,
        0,
        0,
        0
    ],
    "_right_": {
        "type": "string",
        "value": ""
    },
    "_skin_": "se4f44d1b5c540669d3dccb2bf6e1c30",
    "_text_": "Let's login using your Credentials and continue the onboarding process",
    "_top_": {
        "type": "string",
        "value": "125dp"
    },
    "_width_": {
        "type": "string",
        "value": "212dp"
    },
    "_wrapping_": 2,
    "android": {
        "textStyle": {
            "letterSpacing": 0,
            "strikeThrough": false
        }
    },
    "canUpdateUI": true,
    "centerx": {
        "type": "string",
        "value": "50%"
    },
    "containerweight": 100,
    "contentalignment": 4,
    "id": "lblExistingUser",
    "info": null,
    "ipad": {
        "psp": {
            "wrapping": 2
        }
    },
    "iphone": {
        "psp": {
            "wrapping": 2
        }
    },
    "iscustomlayout": false,
    "isvisible": true,
    "kuid": "gb2a7346c84145f2924e48fbe44a8ae3",
    "name": "kony.ui.Label",
    "parent": "flxExistingUser",
    "pf": "frmExistingCustomer",
    "responsiveData": {
        "b2": {
            "contentAlignment": 5,
            "height": {
                "type": "string",
                "value": "55px"
            },
            "left": {
                "type": "string",
                "value": "0.00%"
            }
        },
        "b3": {
            "contentAlignment": 5,
            "height": {
                "type": "string",
                "value": "50px"
            },
            "left": {
                "type": "string",
                "value": ""
            }
        },
        "b4": {
            "contentAlignment": 5,
            "left": {
                "type": "string",
                "value": ""
            },
            "top": {
                "type": "string",
                "value": "5%"
            }
        }
    },
    "retaincontentalignment": false,
    "retainflexpositionproperties": false,
    "texti18n": "kony.onboarding.existentmember.existingcustomerDescription",
    "tooltip": "",
    "wType": "Label",
    "zindex": 1
}