{
    "@class": "com.kony.gen.viz.model.component.KVizLabel",
    "DNDConfig": null,
    "_height_": {
        "type": "ref",
        "value": "preferred"
    },
    "_left_": {
        "type": "string",
        "value": "30dp"
    },
    "_margin_": [
        1,
        1,
        1,
        1
    ],
    "_padding_": [
        0,
        0,
        0,
        0
    ],
    "_skin_": "s18933b156f4473ca1b6413bdba9833c",
    "_text_": "E - sign Agreement",
    "_width_": {
        "type": "ref",
        "value": "preferred"
    },
    "_wrapping_": 2,
    "android": {
        "textStyle": {
            "letterSpacing": 0,
            "strikeThrough": false
        }
    },
    "canUpdateUI": true,
    "centery": {
        "type": "string",
        "value": "48%"
    },
    "containerweight": 100,
    "contentalignment": 4,
    "id": "lblHeader",
    "info": null,
    "ipad": {
        "psp": {
            "wrapping": 2
        }
    },
    "iphone": {
        "psp": {
            "wrapping": 2
        }
    },
    "iscustomlayout": false,
    "isvisible": true,
    "kuid": "gfa4dad7016b4a2bbfe34c39982637ef",
    "name": "kony.ui.Label",
    "parent": "flxEsignHeader",
    "pf": "frmExistingCustomer",
    "responsiveData": {
        "b2": {
            "centerY": {
                "type": "string",
                "value": "50%"
            },
            "left": {
                "type": "string",
                "value": "3.19%"
            },
            "top": {
                "type": "string",
                "value": ""
            }
        },
        "b3": {
            "centerY": {
                "type": "string",
                "value": "50%"
            },
            "left": {
                "type": "string",
                "value": "4.17%"
            },
            "top": {
                "type": "string",
                "value": ""
            }
        },
        "b4": {
            "centerY": {
                "type": "string",
                "value": "50%"
            },
            "left": {
                "type": "string",
                "value": "3.66%"
            },
            "top": {
                "type": "string",
                "value": ""
            }
        }
    },
    "retaincontentalignment": false,
    "retainflexpositionproperties": false,
    "tooltip": "",
    "wType": "Label",
    "zindex": 1
}