{
    "@class": "com.kony.gen.viz.model.component.KVizLabel",
    "DNDConfig": null,
    "_height_": {
        "type": "ref",
        "value": "preferred"
    },
    "_left_": {
        "type": "string",
        "value": "0dp"
    },
    "_margin_": [
        1,
        1,
        1,
        1
    ],
    "_padding_": [
        0,
        0,
        0,
        0
    ],
    "_skin_": "s668863d9b844604a58c5f362f0e0c46",
    "_text_": "By clicking on “Continue” you agree to communicate with us electronically. Please review our ",
    "_top_": {
        "type": "string",
        "value": "0dp"
    },
    "_width_": {
        "type": "string",
        "value": "587dp"
    },
    "_wrapping_": 2,
    "android": {
        "textStyle": {
            "letterSpacing": 0,
            "strikeThrough": false
        }
    },
    "canUpdateUI": true,
    "centerx": {
        "type": "number",
        "value": ""
    },
    "containerweight": 100,
    "contentalignment": 4,
    "id": "lblMobileNote",
    "info": null,
    "ipad": {
        "psp": {
            "wrapping": 2
        }
    },
    "iphone": {
        "psp": {
            "wrapping": 2
        }
    },
    "iscustomlayout": false,
    "isvisible": true,
    "kuid": "bb6569eaf5c848e9954feecf48b6d75b",
    "name": "kony.ui.Label",
    "parent": "flxNoteMobile",
    "pf": "frmExistingCustomer",
    "responsiveData": {
        "b2": {
            "width": {
                "type": "string",
                "value": "82.40%"
            }
        },
        "b4": {
            "centerX": {
                "type": "string",
                "value": "50%"
            },
            "left": {
                "type": "string",
                "value": ""
            },
            "width": {
                "type": "string",
                "value": "86.20%"
            }
        }
    },
    "retaincontentalignment": false,
    "retainflexpositionproperties": false,
    "tooltip": "",
    "wType": "Label",
    "zindex": 1
}