{
    "@class": "com.kony.gen.viz.model.component.KVizLabel",
    "DNDConfig": null,
    "_height_": {
        "type": "ref",
        "value": "preferred"
    },
    "_left_": {
        "type": "number",
        "value": "30"
    },
    "_margin_": [
        1,
        1,
        1,
        1
    ],
    "_padding_": [
        0,
        0,
        0,
        0
    ],
    "_skin_": "s668863d9b844604a58c5f362f0e0c46",
    "_text_": "Important information about procedures for opening a new account:",
    "_top_": {
        "type": "string",
        "value": "2dp"
    },
    "_width_": {
        "type": "string",
        "value": "90%"
    },
    "_wrapping_": 2,
    "android": {
        "textStyle": {
            "letterSpacing": 0,
            "strikeThrough": false
        }
    },
    "canUpdateUI": true,
    "containerweight": 100,
    "contentalignment": 4,
    "id": "lblNotes2",
    "info": null,
    "ipad": {
        "psp": {
            "wrapping": 2
        }
    },
    "iphone": {
        "psp": {
            "wrapping": 2
        }
    },
    "iscustomlayout": false,
    "isvisible": true,
    "kuid": "hcc7681b6a5142889dbe9ec0d8095456",
    "name": "kony.ui.Label",
    "parent": "flxNotes",
    "pf": "frmExistingCustomer",
    "responsiveData": {
        "b2": {},
        "b3": {},
        "b4": {}
    },
    "retaincontentalignment": false,
    "retainflexpositionproperties": false,
    "texti18n": "kony.nuo.VerifyPhoneNumber.ImportantInfo",
    "tooltip": "",
    "wType": "Label",
    "zindex": 1
}