{
    "@class": "com.kony.gen.viz.model.component.KVizLabel",
    "DNDConfig": null,
    "_height_": {
        "type": "string",
        "value": "1dp"
    },
    "_left_": {
        "type": "string",
        "value": "30dp"
    },
    "_margin_": [
        1,
        1,
        1,
        1
    ],
    "_padding_": [
        0,
        0,
        0,
        0
    ],
    "_right_": {
        "type": "string",
        "value": "30dp"
    },
    "_skin_": "s63a9ac1e60e4fbd9e64d08c571ec81c",
    "_text_": "",
    "_top_": {
        "type": "string",
        "value": "23dp"
    },
    "_width_": {
        "type": "string",
        "value": "90.80%"
    },
    "_wrapping_": 2,
    "android": {
        "textStyle": {
            "letterSpacing": 0,
            "strikeThrough": false
        }
    },
    "canUpdateUI": true,
    "containerweight": 100,
    "contentalignment": 4,
    "id": "lblSeperator1",
    "info": null,
    "ipad": {
        "psp": {
            "wrapping": 2
        }
    },
    "iphone": {
        "psp": {
            "wrapping": 2
        }
    },
    "iscustomlayout": false,
    "isvisible": true,
    "kuid": "e17c2a6585ce4408a607393395ab1db6",
    "name": "kony.ui.Label",
    "parent": "flxLeftContent",
    "pf": "frmExistingCustomer",
    "responsiveData": {
        "b2": {
            "isVisible": false,
            "left": {
                "type": "string",
                "value": "3.74%"
            },
            "right": {
                "type": "string",
                "value": "3.74%"
            }
        },
        "b3": {
            "isVisible": false,
            "left": {
                "type": "string",
                "value": "4.16%"
            },
            "right": {
                "type": "string",
                "value": "4.16%"
            }
        },
        "b4": {
            "isVisible": false,
            "left": {
                "type": "string",
                "value": "3.14%"
            },
            "right": {
                "type": "string",
                "value": "3.14%"
            }
        }
    },
    "retaincontentalignment": false,
    "retainflexpositionproperties": false,
    "tooltip": "",
    "wType": "Label",
    "zindex": 10
}