{
    "@class": "com.kony.gen.viz.model.component.KVizLabel",
    "DNDConfig": null,
    "_height_": {
        "type": "ref",
        "value": "preferred"
    },
    "_left_": {
        "type": "string",
        "value": "0"
    },
    "_margin_": [
        1,
        1,
        1,
        1
    ],
    "_padding_": [
        0,
        0,
        0,
        0
    ],
    "_skin_": "sc2dd19863d14544a141c9fab74622c6",
    "_text_": "Label",
    "_top_": {
        "type": "string",
        "value": "0"
    },
    "_width_": {
        "type": "ref",
        "value": "preferred"
    },
    "_wrapping_": 2,
    "android": {
        "textStyle": {
            "letterSpacing": 0,
            "strikeThrough": false
        }
    },
    "canUpdateUI": true,
    "containerweight": 100,
    "contentalignment": 4,
    "id": "lblSROnly",
    "info": null,
    "ipad": {
        "psp": {
            "wrapping": 2
        }
    },
    "iphone": {
        "psp": {
            "wrapping": 2
        }
    },
    "iscustomlayout": false,
    "isvisible": true,
    "kuid": "i5be5fdb3f214b1d9cddf7a965a56e9e",
    "minheight": {
        "type": "number",
        "value": ""
    },
    "minwidth": {
        "type": "number",
        "value": ""
    },
    "name": "kony.ui.Label",
    "parent": "flxLeftContent",
    "pf": "frmExistingCustomer",
    "responsiveData": {
        "b2": {
            "height": {
                "type": "string",
                "value": "1px"
            },
            "skin": "sedd9e1babf84d729d9c7b7bc0090860",
            "text": "Please see New Account Agreement below (PDF)",
            "width": {
                "type": "string",
                "value": "1px"
            }
        },
        "b3": {
            "height": {
                "type": "string",
                "value": "1px"
            },
            "minHeight": {
                "type": "string",
                "value": ""
            },
            "skin": "sa1916c3716e456d8615008845ec5845",
            "text": "Please see New Account Agreement below (PDF)",
            "width": {
                "type": "string",
                "value": "1px"
            }
        },
        "b4": {
            "height": {
                "type": "string",
                "value": "1px"
            },
            "minWidth": {
                "type": "string",
                "value": ""
            },
            "skin": "s1efa19bdf7d4f78a72cba19c1585a88",
            "text": "Please see New Account Agreement below (PDF)",
            "width": {
                "type": "string",
                "value": "1px"
            }
        }
    },
    "retaincontentalignment": false,
    "retainflexpositionproperties": false,
    "tooltip": "",
    "wType": "Label"
}