{
    "@class": "com.kony.gen.viz.model.component.KVizRichText",
    "DNDConfig": null,
    "_height_": {
        "type": "ref",
        "value": "preferred"
    },
    "_left_": {
        "type": "string",
        "value": "0dp"
    },
    "_margin_": [
        0,
        0,
        0,
        0
    ],
    "_padding_": [
        0,
        0,
        0,
        0
    ],
    "_skin_": "sf626ec8e2564dd58a56bff4488debf4",
    "_text_": "",
    "_top_": {
        "type": "string",
        "value": "1px"
    },
    "_width_": {
        "type": "string",
        "value": "100%"
    },
    "_wrapping_": 2,
    "canUpdateUI": true,
    "containerweight": 100,
    "contentalignment": 4,
    "id": "rtxESignAgreement",
    "info": null,
    "iscustomlayout": false,
    "isvisible": true,
    "kuid": "cf9b304df3814be480ec96f21a1336ee",
    "linkskin": "s0e70ae2454046b199f751d967675606",
    "name": "kony.ui.RichText",
    "parent": "flxNote",
    "pf": "frmExistingCustomer",
    "responsiveData": {
        "b4": {}
    },
    "retaincontentalignment": false,
    "retainflexpositionproperties": false,
    "texti18n": "kony.onboarding.existentmember.agreement.note2",
    "wType": "RichText",
    "widgetalignment": 5,
    "zindex": 1
}