{
    "@class": "com.kony.gen.viz.model.component.KVizRichText",
    "DNDConfig": null,
    "_height_": {
        "type": "ref",
        "value": "preferred"
    },
    "_left_": {
        "type": "string",
        "value": "20dp"
    },
    "_margin_": [
        0,
        0,
        0,
        0
    ],
    "_padding_": [
        0,
        0,
        0,
        0
    ],
    "_skin_": "sf626ec8e2564dd58a56bff4488debf4",
    "_text_": "",
    "_top_": {
        "type": "string",
        "value": "24dp"
    },
    "_width_": {
        "type": "string",
        "value": "840dp"
    },
    "_wrapping_": 2,
    "canUpdateUI": true,
    "containerweight": 100,
    "contentalignment": 4,
    "id": "RTxtAgreementMsg",
    "info": null,
    "iscustomlayout": false,
    "isvisible": true,
    "kuid": "fd6c045580514cf4a70cdb1a084e53e4",
    "linkskin": "s48ee14742f442a7bd1808d6fd42f97a",
    "name": "kony.ui.RichText",
    "parent": "flxAgreement",
    "pf": "frmExistingCustomer",
    "responsiveData": {
        "b2": {
            "left": {
                "type": "string",
                "value": "2.27%"
            },
            "width": {
                "type": "string",
                "value": "95.45%"
            }
        },
        "b3": {
            "left": {
                "type": "string",
                "value": "3.03%"
            }
        },
        "b4": {
            "left": {
                "type": "string",
                "value": "2.50%"
            },
            "width": {
                "type": "string",
                "value": "95.35%"
            }
        }
    },
    "retaincontentalignment": false,
    "retainflexpositionproperties": false,
    "texti18n": "kony.onboading.existentmember.agreement.message",
    "wType": "RichText",
    "widgetalignment": 5,
    "zindex": 1
}