{
    "@class": "com.kony.gen.viz.model.component.KVizButton",
    "DNDConfig": null,
    "_bottom_": {
        "type": "string",
        "value": "30%"
    },
    "_height_": {
        "type": "string",
        "value": "50dp"
    },
    "_margin_": [
        6,
        6,
        6,
        6
    ],
    "_padding_": [
        0,
        0,
        0,
        0
    ],
    "_skin_": "s174b7e0c47745abb52970c02050f515",
    "_text_": "Sign In",
    "_width_": {
        "type": "string",
        "value": "300dp"
    },
    "canUpdateUI": true,
    "centerx": {
        "type": "string",
        "value": "50%"
    },
    "containerweight": 100,
    "contentalignment": 5,
    "disabledSkins": {
        "focusSkin": "sb5946322d75423698c7fc5b51f19e16"
    },
    "displaytext": true,
    "id": "btnSignin",
    "ide_onClick": "AS_Button_c78607318e314b0a8713526ad3b123bc",
    "info": null,
    "iscustomlayout": false,
    "isvisible": true,
    "kuid": "e1dbf56ee1774f389bead1f9a22b8481",
    "name": "kony.ui.Button",
    "parent": "flxLogin",
    "pf": "Form1",
    "retaincontentalignment": false,
    "retainflexpositionproperties": false,
    "wType": "Button",
    "zindex": 1
}