{
    "DNDConfig": null,
    "_bottom_": {
        "type": "string",
        "value": "12%"
    },
    "_height_": {
        "type": "string",
        "value": "10%"
    },
    "_left_": {
        "type": "string",
        "value": "0dp"
    },
    "_margin_": [
        0,
        0,
        0,
        0
    ],
    "_orientation_": 6,
    "_padding_": [
        0,
        0,
        0,
        0
    ],
    "_percent_": true,
    "_skin_": "sbd55540dcbb4e1b8a7658cb37e953e4",
    "_width_": {
        "type": "string",
        "value": "100%"
    },
    "allboxes": [],
    "autogrowmode": 0,
    "canUpdateUI": true,
    "children": [
        "lblAccount",
        "lblSignUp"
    ],
    "clipbounds": true,
    "containerweight": 100,
    "enablescrolling": true,
    "id": "flxAccSign",
    "info": null,
    "iscustomlayout": false,
    "isvisible": true,
    "kuid": "c4065570b68c42a785cf92d64052dc0a",
    "layouttype": 2,
    "name": "kony.ui.FlexContainer",
    "parent": "flxmain",
    "pf": "Form1",
    "retaincontentalignment": false,
    "retainflexpositionproperties": false,
    "retainflowhorizontalalignment": false,
    "snapgridsize": 10,
    "snaptogrid": true,
    "wType": "FlexContainer",
    "widgetalignment": 1,
    "zindex": 1
}