{
    "DNDConfig": null,
    "_bottom_": {
        "type": "string",
        "value": "17.00%"
    },
    "_height_": {
        "type": "string",
        "value": "78%"
    },
    "_left_": {
        "type": "number",
        "value": "0"
    },
    "_margin_": [
        0,
        0,
        0,
        0
    ],
    "_orientation_": 6,
    "_padding_": [
        0,
        0,
        0,
        0
    ],
    "_percent_": true,
    "_skin_": "sfe1d1b565e645dcaaf6cc2cbac7f6b1",
    "_width_": {
        "type": "string",
        "value": "100%"
    },
    "allboxes": [],
    "autogrowmode": 0,
    "canUpdateUI": true,
    "centerx": {
        "type": "string",
        "value": "50.00%"
    },
    "children": [
        "txtUsername",
        "lblSep1",
        "flxPassword",
        "lblForgotPassword",
        "imgCircle",
        "lblRememberme",
        "btnSignin"
    ],
    "clipbounds": true,
    "containerweight": 100,
    "enablescrolling": true,
    "id": "flxLogin",
    "info": null,
    "iscustomlayout": false,
    "isvisible": true,
    "kuid": "ed8f0063957f4c7f8f5f98bfd427d368",
    "layouttype": 2,
    "name": "kony.ui.FlexContainer",
    "parent": "flxmain",
    "pf": "Form1",
    "retaincontentalignment": false,
    "retainflexpositionproperties": false,
    "retainflowhorizontalalignment": false,
    "snapgridsize": 10,
    "snaptogrid": true,
    "wType": "FlexContainer",
    "widgetalignment": 1,
    "zindex": 1
}