{
    "@class": "com.kony.gen.viz.model.component.KVizImage2",
    "DNDConfig": null,
    "_base64_": null,
    "_height_": {
        "type": "string",
        "value": "40dp"
    },
    "_margin_": [
        0,
        0,
        0,
        0
    ],
    "_padding_": [
        0,
        0,
        0,
        0
    ],
    "_right_": {
        "type": "string",
        "value": "3%"
    },
    "_skin_": "s74d76f9be79431a9cb185694b63d23d",
    "_src_": "eye.png",
    "_top_": {
        "type": "number",
        "value": "10"
    },
    "_width_": {
        "type": "string",
        "value": "40dp"
    },
    "canUpdateUI": true,
    "containerweight": 100,
    "id": "imgEye",
    "imagescalemode": 1,
    "info": null,
    "iscustomlayout": false,
    "isvisible": true,
    "kuid": "f69b62e59f0f4e1bb201a842e0f09adf",
    "name": "kony.ui.Image2",
    "parent": "flxPassword",
    "pf": "Form1",
    "retaincontentalignment": false,
    "retainflexpositionproperties": false,
    "srcType": 1,
    "wType": "Image",
    "widgetalignment": 5,
    "zindex": 1
}