{
    "@class": "com.kony.gen.viz.model.component.KVizUserWidget",
    "DNDConfig": null,
    "_bottom_": {
        "type": "string",
        "value": "57%"
    },
    "_children_": [],
    "_height_": {
        "type": "string",
        "value": "30%"
    },
    "_margin_": [
        0,
        0,
        0,
        0
    ],
    "_orientation_": 1,
    "_padding_": [
        0,
        0,
        0,
        0
    ],
    "_percent_": true,
    "_right_": {
        "type": "string",
        "value": "0%"
    },
    "_skin_": "sf7c0ac46c954271bd33e05005b71b91",
    "_width_": {
        "type": "string",
        "value": "100%"
    },
    "canUpdateUI": true,
    "containerweight": 0,
    "data": {
        "loop": 1000,
        "source": "https://assets10.lottiefiles.com/packages/lf20_vfxyfrif.json"
    },
    "id": "SigninLeaves",
    "info": null,
    "iscustomlayout": false,
    "isvisible": true,
    "kuid": "b05994e970aa4a69a18019b8c7df13ea",
    "masterType": 1,
    "name": "kony.ui.UserWidgetInstance",
    "parent": "Form1",
    "pf": "Form1",
    "retaincontentalignment": false,
    "retainflexpositionproperties": false,
    "retainflowhorizontalalignment": false,
    "sourceUserWidget": "gb1376f12b1a4d8698d34d53fade3cc7",
    "wType": "UserWidgetInstance"
}