{
    "@class": "com.kony.gen.viz.model.component.KVizTextBox2",
    "DNDConfig": null,
    "_height_": {
        "type": "string",
        "value": "50%"
    },
    "_left_": {
        "type": "string",
        "value": "0dp"
    },
    "_margin_": [
        0,
        0,
        0,
        0
    ],
    "_padding_": [
        3,
        0,
        0,
        0
    ],
    "_placeholder_": "Password",
    "_skin_": "s41da81c578d4d8bbacaa8c52044fd3f",
    "_text_": "",
    "_top_": {
        "type": "number",
        "value": "10"
    },
    "_width_": {
        "type": "string",
        "value": "80%"
    },
    "autocapitalize": "none",
    "autocomplete": false,
    "autocorrect": false,
    "autofilter": false,
    "canUpdateUI": true,
    "containerheight": "",
    "containerheightmode": 1,
    "containerweight": 100,
    "contentalignment": 4,
    "focusskin": "sac1713d28444246938f5d5fe17673d3",
    "id": "txtPassword",
    "info": null,
    "iscustomlayout": false,
    "isvisible": true,
    "keyboardtype": "A",
    "kuid": "b36d6a42672c4bd39b40fa2f7e93c7e6",
    "mode": "A",
    "name": "kony.ui.TextBox2",
    "parent": "flxPassword",
    "pf": "Form1",
    "placeholderskin": "s25dd92f39794ce284187cd3afe6c187",
    "retaincontentalignment": false,
    "retainflexpositionproperties": false,
    "securetextentry": true,
    "textinputmode": "A",
    "tooltip": "",
    "viewtype": "default",
    "wType": "TextField",
    "zindex": 1
}