{
    "@class": "com.kony.gen.viz.model.component.KVizButton",
    "DNDConfig": null,
    "_bottom_": {
        "type": "string",
        "value": "13%"
    },
    "_height_": {
        "type": "string",
        "value": "50dp"
    },
    "_left_": {
        "type": "string",
        "value": "33dp"
    },
    "_margin_": [
        6,
        6,
        6,
        6
    ],
    "_padding_": [
        0,
        0,
        0,
        0
    ],
    "_skin_": "s60fa44f262e4938b076bf820f2ae9f0",
    "_text_": "Chat Now",
    "_width_": {
        "type": "string",
        "value": "50%"
    },
    "canUpdateUI": true,
    "centerx": {
        "type": "string",
        "value": "50%"
    },
    "containerweight": 100,
    "contentalignment": 5,
    "disabledSkins": {
        "focusSkin": "sb5946322d75423698c7fc5b51f19e16"
    },
    "displaytext": true,
    "id": "btnChat",
    "info": null,
    "iscustomlayout": false,
    "isvisible": true,
    "kuid": "cf111f754aa64a62bb102b0aff22f7c8",
    "name": "kony.ui.Button",
    "parent": "flxChat",
    "pf": "Form2",
    "retaincontentalignment": false,
    "retainflexpositionproperties": false,
    "wType": "Button",
    "zindex": 5
}