{
    "@class": "com.kony.gen.viz.model.component.KVizUserWidget",
    "DNDConfig": null,
    "_bottom_": {
        "type": "string",
        "value": "0%"
    },
    "_children_": [],
    "_height_": {
        "type": "string",
        "value": "40%"
    },
    "_left_": {
        "type": "string",
        "value": "0dp"
    },
    "_margin_": [
        0,
        0,
        0,
        0
    ],
    "_orientation_": 1,
    "_padding_": [
        0,
        0,
        0,
        0
    ],
    "_percent_": true,
    "_skin_": "sf7c0ac46c954271bd33e05005b71b91",
    "_width_": {
        "type": "string",
        "value": "40%"
    },
    "canUpdateUI": true,
    "containerweight": 0,
    "data": {
        "loop": 1,
        "source": "https://assets4.lottiefiles.com/packages/lf20_e9qdodey.json"
    },
    "id": "coinBag",
    "info": null,
    "iscustomlayout": false,
    "isvisible": true,
    "kuid": "h1910130b8724e0984f20fde112ab12a",
    "masterType": 1,
    "name": "kony.ui.UserWidgetInstance",
    "parent": "flxTop",
    "pf": "Form2",
    "retaincontentalignment": false,
    "retainflexpositionproperties": false,
    "retainflowhorizontalalignment": false,
    "sourceUserWidget": "gb1376f12b1a4d8698d34d53fade3cc7",
    "wType": "UserWidgetInstance"
}