{
    "DNDConfig": null,
    "_height_": {
        "type": "string",
        "value": "25%"
    },
    "_margin_": [
        0,
        0,
        0,
        0
    ],
    "_orientation_": 6,
    "_padding_": [
        0,
        0,
        0,
        0
    ],
    "_percent_": true,
    "_skin_": "sb76707ff3a04d5c8dda66b9bda0ddeb",
    "_width_": {
        "type": "string",
        "value": "25%"
    },
    "allboxes": [],
    "autogrowmode": 0,
    "canUpdateUI": true,
    "centerx": {
        "type": "string",
        "value": "75%"
    },
    "centery": {
        "type": "string",
        "value": "40%"
    },
    "children": [
        "lblApproval"
    ],
    "clipbounds": true,
    "containerweight": 100,
    "enablescrolling": true,
    "id": "flxApprovalcount",
    "info": null,
    "iscustomlayout": false,
    "isvisible": true,
    "kuid": "g23aa3b3891c432f8f09a00b3d40f286",
    "layouttype": 2,
    "name": "kony.ui.FlexContainer",
    "parent": "flxApprovals",
    "pf": "Form2",
    "retaincontentalignment": false,
    "retainflexpositionproperties": false,
    "retainflowhorizontalalignment": false,
    "snapgridsize": 10,
    "snaptogrid": true,
    "vizProps": {
        "lock": true
    },
    "wType": "FlexContainer",
    "widgetalignment": 1,
    "zindex": 1
}