{
    "DNDConfig": null,
    "_bottom_": {
        "type": "string",
        "value": "4.16%"
    },
    "_height_": {
        "type": "string",
        "value": "65.49%"
    },
    "_left_": {
        "type": "string",
        "value": "4.13%"
    },
    "_margin_": [
        0,
        0,
        0,
        0
    ],
    "_orientation_": 6,
    "_padding_": [
        0,
        0,
        0,
        0
    ],
    "_percent_": true,
    "_skin_": "sf3ae8dc0ef4416bb52916124ca27382",
    "_width_": {
        "type": "string",
        "value": "93.08%"
    },
    "allboxes": [],
    "autogrowmode": 0,
    "canUpdateUI": true,
    "children": [
        "lblTap3"
    ],
    "clipbounds": true,
    "containerweight": 100,
    "enablescrolling": true,
    "id": "flxBgTotalBalance",
    "info": null,
    "iscustomlayout": false,
    "isvisible": true,
    "kuid": "g7b17d55f45e4b92947afb9909ba460f",
    "layouttype": 2,
    "name": "kony.ui.FlexContainer",
    "parent": "flxTotalBalance",
    "pf": "Form2",
    "retaincontentalignment": false,
    "retainflexpositionproperties": false,
    "retainflowhorizontalalignment": false,
    "snapgridsize": 10,
    "snaptogrid": true,
    "wType": "FlexContainer",
    "widgetalignment": 1,
    "zindex": 1
}