{
    "DNDConfig": null,
    "_height_": {
        "type": "string",
        "value": "370dp"
    },
    "_left_": {
        "type": "string",
        "value": "0%"
    },
    "_margin_": [
        0,
        0,
        0,
        0
    ],
    "_orientation_": 6,
    "_padding_": [
        0,
        0,
        0,
        0
    ],
    "_percent_": true,
    "_skin_": "s035117e2d694617a153dda3f2c3854a",
    "_top_": {
        "type": "string",
        "value": "5dp"
    },
    "_width_": {
        "type": "string",
        "value": "90%"
    },
    "allboxes": [],
    "autogrowmode": 0,
    "canUpdateUI": true,
    "children": [
        "imgcashPos",
        "multiseriesverticalbar",
        "flxgrid"
    ],
    "clipbounds": true,
    "containerweight": 100,
    "enablescrolling": true,
    "id": "flxCashPosition",
    "ide_onTouchStart": "AS_FlexContainer_f91202b09af24a6da913dd828d67e99a",
    "info": null,
    "iscustomlayout": false,
    "isvisible": true,
    "kuid": "g178da6381064106983ed954fd510e92",
    "layouttype": 2,
    "name": "kony.ui.FlexContainer",
    "parent": "flxScrollUpdates",
    "pf": "Form2",
    "retaincontentalignment": false,
    "retainflexpositionproperties": false,
    "retainflowhorizontalalignment": false,
    "snapgridsize": 10,
    "snaptogrid": true,
    "vizProps": {
        "lock": true
    },
    "wType": "FlexContainer",
    "widgetalignment": 1,
    "zindex": 1
}