{
    "@class": "com.kony.gen.viz.model.component.KVizImage2",
    "DNDConfig": null,
    "_base64_": null,
    "_height_": {
        "type": "string",
        "value": "100%"
    },
    "_left_": {
        "type": "string",
        "value": "180dp"
    },
    "_margin_": [
        0,
        0,
        0,
        0
    ],
    "_padding_": [
        0,
        0,
        0,
        0
    ],
    "_skin_": "s74d76f9be79431a9cb185694b63d23d",
    "_src_": "spending.png",
    "_top_": {
        "type": "string",
        "value": "73dp"
    },
    "_width_": {
        "type": "string",
        "value": "100%"
    },
    "canUpdateUI": true,
    "centerx": {
        "type": "string",
        "value": "50.00%"
    },
    "centery": {
        "type": "string",
        "value": "49.90%"
    },
    "containerweight": 100,
    "id": "flxMothlySpending",
    "imagescalemode": 0,
    "info": null,
    "iscustomlayout": false,
    "isvisible": true,
    "kuid": "b7f20b4b7f0e438386faa8d1fb41c279",
    "name": "kony.ui.Image2",
    "parent": "flxMonthlySpendings",
    "pf": "Form2",
    "retaincontentalignment": false,
    "retainflexpositionproperties": false,
    "srcType": 1,
    "wType": "Image",
    "widgetalignment": 5,
    "zindex": 1
}