{
    "DNDConfig": null,
    "_height_": {
        "type": "string",
        "value": "25%"
    },
    "_margin_": [
        0,
        0,
        0,
        0
    ],
    "_orientation_": 6,
    "_padding_": [
        0,
        0,
        0,
        0
    ],
    "_percent_": true,
    "_skin_": "s0a6571afb4f46119355736154317f1a",
    "_width_": {
        "type": "string",
        "value": "40%"
    },
    "allboxes": [],
    "autogrowmode": 0,
    "canUpdateUI": true,
    "centerx": {
        "type": "string",
        "value": "30%"
    },
    "centery": {
        "type": "string",
        "value": "40%"
    },
    "children": [
        "lblNotif"
    ],
    "clipbounds": true,
    "containerweight": 100,
    "enablescrolling": true,
    "id": "flxNotif",
    "info": null,
    "iscustomlayout": false,
    "isvisible": true,
    "kuid": "a34c10542c924946906763ba92df013d",
    "layouttype": 2,
    "name": "kony.ui.FlexContainer",
    "parent": "flxApp",
    "pf": "Form2",
    "retaincontentalignment": false,
    "retainflexpositionproperties": false,
    "retainflowhorizontalalignment": false,
    "snapgridsize": 10,
    "snaptogrid": true,
    "vizProps": {
        "lock": false
    },
    "wType": "FlexContainer",
    "widgetalignment": 1,
    "zindex": 1
}