{
    "DNDConfig": null,
    "_height_": {
        "type": "string",
        "value": "25%"
    },
    "_margin_": [
        0,
        0,
        0,
        0
    ],
    "_orientation_": 6,
    "_padding_": [
        0,
        0,
        0,
        0
    ],
    "_percent_": true,
    "_skin_": "s9e8e6c1217b4953a953c37effa5d8f6",
    "_width_": {
        "type": "string",
        "value": "25%"
    },
    "allboxes": [],
    "autogrowmode": 0,
    "canUpdateUI": true,
    "centerx": {
        "type": "string",
        "value": "75%"
    },
    "centery": {
        "type": "string",
        "value": "75%"
    },
    "children": [
        "lblRequest"
    ],
    "clipbounds": true,
    "containerweight": 100,
    "enablescrolling": true,
    "id": "flxRequestcount",
    "info": null,
    "iscustomlayout": false,
    "isvisible": true,
    "kuid": "fa540fa20f6941e3b16384e27fa41eaf",
    "layouttype": 2,
    "name": "kony.ui.FlexContainer",
    "parent": "flxApprovals",
    "pf": "Form2",
    "retaincontentalignment": false,
    "retainflexpositionproperties": false,
    "retainflowhorizontalalignment": false,
    "snapgridsize": 10,
    "snaptogrid": true,
    "vizProps": {
        "lock": true
    },
    "wType": "FlexContainer",
    "widgetalignment": 1,
    "zindex": 1
}