{
    "DNDConfig": null,
    "_height_": {
        "type": "string",
        "value": "13%"
    },
    "_margin_": [
        0,
        0,
        0,
        0
    ],
    "_orientation_": 6,
    "_padding_": [
        0,
        0,
        0,
        0
    ],
    "_percent_": true,
    "_skin_": "se5150f080964c199eeea67d40d8d50d",
    "_width_": {
        "type": "string",
        "value": "55%"
    },
    "allboxes": [],
    "autogrowmode": 0,
    "canUpdateUI": true,
    "centerx": {
        "type": "string",
        "value": "50%"
    },
    "centery": {
        "type": "string",
        "value": "30%"
    },
    "children": [
        "lblSpending",
        "lblbSpendingpow"
    ],
    "clipbounds": true,
    "containerweight": 100,
    "enablescrolling": true,
    "id": "flxSpendingbg",
    "info": null,
    "iscustomlayout": false,
    "isvisible": true,
    "kuid": "faf73432d9614a29a09c781f0d6a0d58",
    "layouttype": 2,
    "name": "kony.ui.FlexContainer",
    "parent": "flxMonthlySpendings",
    "pf": "Form2",
    "retaincontentalignment": false,
    "retainflexpositionproperties": false,
    "retainflowhorizontalalignment": false,
    "snapgridsize": 10,
    "snaptogrid": true,
    "vizProps": {
        "lock": true
    },
    "wType": "FlexContainer",
    "widgetalignment": 1,
    "zindex": 1
}