{
    "DNDConfig": null,
    "_height_": {
        "type": "string",
        "value": "350dp"
    },
    "_left_": {
        "type": "string",
        "value": "5%"
    },
    "_margin_": [
        0,
        0,
        0,
        0
    ],
    "_orientation_": 6,
    "_padding_": [
        0,
        0,
        0,
        0
    ],
    "_percent_": true,
    "_skin_": "s035117e2d694617a153dda3f2c3854a",
    "_top_": {
        "type": "string",
        "value": "8dp"
    },
    "_width_": {
        "type": "string",
        "value": "85%"
    },
    "allboxes": [],
    "autogrowmode": 0,
    "canUpdateUI": true,
    "centerx": {
        "type": "string",
        "value": "50%"
    },
    "children": [
        "imgTotalBalance",
        "flxBgTotalBalance"
    ],
    "clipbounds": true,
    "containerweight": 100,
    "enablescrolling": true,
    "id": "flxTotalBalance",
    "ide_onTouchStart": "AS_FlexContainer_gb6b8f0e56b041c986aa35f6a3d59adc",
    "info": null,
    "iscustomlayout": false,
    "isvisible": true,
    "kuid": "gb162fe2b5164bed9504882460ac0ec7",
    "layouttype": 2,
    "name": "kony.ui.FlexContainer",
    "parent": "flxScrollContainer",
    "pf": "Form2",
    "retaincontentalignment": false,
    "retainflexpositionproperties": false,
    "retainflowhorizontalalignment": false,
    "snapgridsize": 10,
    "snaptogrid": true,
    "wType": "FlexContainer",
    "widgetalignment": 1,
    "zindex": 1
}