{
    "@class": "com.kony.gen.viz.model.component.KVizUserWidget",
    "DNDConfig": null,
    "_children_": [],
    "_height_": {
        "type": "string",
        "value": "80dp"
    },
    "_left_": {
        "type": "string",
        "value": "9%"
    },
    "_margin_": [
        0,
        0,
        0,
        0
    ],
    "_orientation_": 1,
    "_padding_": [
        0,
        0,
        0,
        0
    ],
    "_percent_": true,
    "_skin_": "sf7c0ac46c954271bd33e05005b71b91",
    "_width_": {
        "type": "string",
        "value": "80dp"
    },
    "canUpdateUI": true,
    "centery": {
        "type": "string",
        "value": "50%"
    },
    "containerweight": 0,
    "data": {
        "source": "https://assets2.lottiefiles.com/packages/lf20_e4h3sp48.json",
        "speed": 2
    },
    "id": "Footer1",
    "ide_onTouchStart": "AS_UWI_h048c6e4743f4bdeab0bbe1aeecc19da",
    "info": null,
    "iscustomlayout": false,
    "isvisible": true,
    "kuid": "a9a62fc1a6bc4198897180864b64f763",
    "masterType": 1,
    "name": "kony.ui.UserWidgetInstance",
    "parent": "flxFooter",
    "pf": "Form2",
    "retaincontentalignment": false,
    "retainflexpositionproperties": false,
    "retainflowhorizontalalignment": false,
    "sourceUserWidget": "gb1376f12b1a4d8698d34d53fade3cc7",
    "vizProps": {
        "lock": true
    },
    "wType": "UserWidgetInstance"
}