{
    "@class": "com.kony.gen.viz.model.component.KVizUserWidget",
    "DNDConfig": null,
    "_children_": [],
    "_height_": {
        "type": "string",
        "value": "70dp"
    },
    "_margin_": [
        0,
        0,
        0,
        0
    ],
    "_orientation_": 1,
    "_padding_": [
        0,
        0,
        0,
        0
    ],
    "_percent_": true,
    "_right_": {
        "type": "string",
        "value": "10%"
    },
    "_skin_": "sf7c0ac46c954271bd33e05005b71b91",
    "_top_": {
        "type": "string",
        "value": "30dp"
    },
    "_width_": {
        "type": "string",
        "value": "70dp"
    },
    "canUpdateUI": true,
    "centery": {
        "type": "string",
        "value": "50%"
    },
    "containerweight": 0,
    "data": {
        "source": "https://assets2.lottiefiles.com/packages/lf20_oilepknf.json",
        "speed": 2
    },
    "id": "Footer4",
    "ide_onTouchStart": "AS_UWI_ge5b68e16e774b9282e7dab74f49ccbd",
    "info": null,
    "iscustomlayout": false,
    "isvisible": true,
    "kuid": "c5c826b00a1c4d8188406058d4d5654e",
    "masterType": 1,
    "name": "kony.ui.UserWidgetInstance",
    "parent": "flxFooter",
    "pf": "Form2",
    "retaincontentalignment": false,
    "retainflexpositionproperties": false,
    "retainflowhorizontalalignment": false,
    "sourceUserWidget": "gb1376f12b1a4d8698d34d53fade3cc7",
    "vizProps": {
        "lock": true
    },
    "wType": "UserWidgetInstance"
}