{
    "@class": "com.kony.gen.viz.model.component.KVizImage2",
    "DNDConfig": null,
    "_base64_": null,
    "_height_": {
        "type": "string",
        "value": "100%"
    },
    "_margin_": [
        0,
        0,
        0,
        0
    ],
    "_padding_": [
        0,
        0,
        0,
        0
    ],
    "_skin_": "s360700600d24388bb2b03b467b738f3",
    "_src_": "checking.png",
    "_width_": {
        "type": "string",
        "value": "100%"
    },
    "canUpdateUI": true,
    "centerx": {
        "type": "string",
        "value": "162dp"
    },
    "centery": {
        "type": "string",
        "value": "143dp"
    },
    "containerweight": 100,
    "id": "imgChecking",
    "imagescalemode": 2,
    "info": null,
    "invokedProperty": "src",
    "iscustomlayout": false,
    "isvisible": true,
    "kuid": "d9a907da6c09480dbcc2516efa5e4d3b",
    "name": "kony.ui.Image2",
    "parent": "flxChecking",
    "pf": "Form2",
    "retaincontentalignment": false,
    "retainflexpositionproperties": false,
    "srcType": 1,
    "wType": "Image",
    "widgetalignment": 5,
    "zindex": 1
}