{
    "@class": "com.kony.gen.viz.model.component.KVizImage2",
    "DNDConfig": null,
    "_base64_": null,
    "_height_": {
        "type": "string",
        "value": "40dp"
    },
    "_left_": {
        "type": "string",
        "value": "34dp"
    },
    "_margin_": [
        0,
        0,
        0,
        0
    ],
    "_padding_": [
        0,
        0,
        0,
        0
    ],
    "_skin_": "s74d76f9be79431a9cb185694b63d23d",
    "_src_": "transfer.png",
    "_top_": {
        "type": "string",
        "value": "24dp"
    },
    "_width_": {
        "type": "string",
        "value": "40dp"
    },
    "canUpdateUI": true,
    "centerx": {
        "type": "string",
        "value": "38%"
    },
    "centery": {
        "type": "string",
        "value": "50%"
    },
    "containerweight": 100,
    "id": "imgFooter2",
    "ide_onTouchStart": "AS_Image_e150107af37f4fbb94f1ae296fed02b9",
    "imagescalemode": 0,
    "info": null,
    "iscustomlayout": false,
    "isvisible": false,
    "kuid": "e18a6dd95a5f48daabd281ec682cfbb8",
    "name": "kony.ui.Image2",
    "parent": "flxFooter",
    "pf": "Form2",
    "retaincontentalignment": false,
    "retainflexpositionproperties": false,
    "srcType": 1,
    "vizProps": {
        "lock": true
    },
    "wType": "Image",
    "widgetalignment": 5,
    "zindex": 1
}