{
    "@class": "com.kony.gen.viz.model.component.KVizImage2",
    "DNDConfig": null,
    "_base64_": null,
    "_height_": {
        "type": "string",
        "value": "40dp"
    },
    "_left_": {
        "type": "string",
        "value": "54dp"
    },
    "_margin_": [
        0,
        0,
        0,
        0
    ],
    "_padding_": [
        0,
        0,
        0,
        0
    ],
    "_skin_": "s74d76f9be79431a9cb185694b63d23d",
    "_src_": "menu.png",
    "_top_": {
        "type": "string",
        "value": "44dp"
    },
    "_width_": {
        "type": "string",
        "value": "40dp"
    },
    "canUpdateUI": true,
    "centerx": {
        "type": "string",
        "value": "81%"
    },
    "centery": {
        "type": "string",
        "value": "50%"
    },
    "containerweight": 100,
    "id": "imgFooter4",
    "ide_onTouchStart": "AS_Image_g4204950c47b42bd8e9305c19368f5c5",
    "imagescalemode": 0,
    "info": null,
    "iscustomlayout": false,
    "isvisible": false,
    "kuid": "c0acde85befb4cd59223ed9cc3e864de",
    "name": "kony.ui.Image2",
    "parent": "flxFooter",
    "pf": "Form2",
    "retaincontentalignment": false,
    "retainflexpositionproperties": false,
    "srcType": 1,
    "vizProps": {
        "lock": true
    },
    "wType": "Image",
    "widgetalignment": 5,
    "zindex": 1
}