{
    "@class": "com.kony.gen.viz.model.component.KVizImage2",
    "DNDConfig": null,
    "_base64_": null,
    "_height_": {
        "type": "string",
        "value": "40dp"
    },
    "_left_": {
        "type": "string",
        "value": "24dp"
    },
    "_margin_": [
        0,
        0,
        0,
        0
    ],
    "_padding_": [
        0,
        0,
        0,
        0
    ],
    "_skin_": "s74d76f9be79431a9cb185694b63d23d",
    "_src_": "accountsbag.png",
    "_top_": {
        "type": "string",
        "value": "14dp"
    },
    "_width_": {
        "type": "string",
        "value": "40dp"
    },
    "canUpdateUI": true,
    "centerx": {
        "type": "string",
        "value": "18%"
    },
    "centery": {
        "type": "string",
        "value": "50%"
    },
    "containerweight": 100,
    "id": "imgFooter1",
    "ide_onTouchStart": "AS_Image_b8e5da6a195d4f629a253cf284ae03e7",
    "imagescalemode": 0,
    "info": null,
    "iscustomlayout": false,
    "isvisible": false,
    "kuid": "f375b00d6fce41aa949938c46541d457",
    "name": "kony.ui.Image2",
    "parent": "flxFooter",
    "pf": "Form2",
    "retaincontentalignment": false,
    "retainflexpositionproperties": false,
    "srcType": 1,
    "vizProps": {
        "lock": true
    },
    "wType": "Image",
    "widgetalignment": 5,
    "zindex": 1
}