{
    "@class": "com.kony.gen.viz.model.component.KVizImage2",
    "DNDConfig": null,
    "_base64_": null,
    "_height_": {
        "type": "string",
        "value": "40dp"
    },
    "_left_": {
        "type": "string",
        "value": "44dp"
    },
    "_margin_": [
        0,
        0,
        0,
        0
    ],
    "_padding_": [
        0,
        0,
        0,
        0
    ],
    "_skin_": "s74d76f9be79431a9cb185694b63d23d",
    "_src_": "bills.png",
    "_top_": {
        "type": "string",
        "value": "34dp"
    },
    "_width_": {
        "type": "string",
        "value": "40dp"
    },
    "canUpdateUI": true,
    "centerx": {
        "type": "string",
        "value": "58%"
    },
    "centery": {
        "type": "string",
        "value": "50%"
    },
    "containerweight": 100,
    "id": "imgFooter3",
    "ide_onTouchStart": "AS_Image_c1a5a52bd9f64498bfb145805e97a9d4",
    "imagescalemode": 0,
    "info": null,
    "iscustomlayout": false,
    "isvisible": false,
    "kuid": "dafb28f06dc94924a3751f151e751987",
    "name": "kony.ui.Image2",
    "parent": "flxFooter",
    "pf": "Form2",
    "retaincontentalignment": false,
    "retainflexpositionproperties": false,
    "srcType": 1,
    "vizProps": {
        "lock": true
    },
    "wType": "Image",
    "widgetalignment": 5,
    "zindex": 1
}