{
    "@class": "com.kony.gen.viz.model.component.KVizLabel",
    "DNDConfig": null,
    "_height_": {
        "type": "ref",
        "value": "preferred"
    },
    "_left_": {
        "type": "string",
        "value": "30%"
    },
    "_margin_": [
        1,
        1,
        1,
        1
    ],
    "_padding_": [
        0,
        0,
        0,
        0
    ],
    "_skin_": "sf52fcc2867e411a8bd7897c519743ac",
    "_text_": "Request Money",
    "_top_": {
        "type": "string",
        "value": "70%"
    },
    "_width_": {
        "type": "string",
        "value": "17%"
    },
    "_wrapping_": 2,
    "android": {
        "textStyle": {
            "letterSpacing": 0,
            "strikeThrough": false
        }
    },
    "canUpdateUI": true,
    "containerweight": 100,
    "contentalignment": 5,
    "id": "lbloption2",
    "info": null,
    "ipad": {
        "psp": {
            "wrapping": 2
        }
    },
    "iphone": {
        "psp": {
            "wrapping": 2
        }
    },
    "iscustomlayout": false,
    "isvisible": true,
    "kuid": "d330b4fb4067482bb6e4c5900e9d5777",
    "name": "kony.ui.Label",
    "parent": "flxOptions",
    "pf": "Form2",
    "retaincontentalignment": false,
    "retainflexpositionproperties": false,
    "textstyle": {},
    "tooltip": "",
    "vizProps": {
        "lock": true
    },
    "wType": "Label",
    "zindex": 1
}