{
    "@class": "com.kony.gen.viz.model.component.KVizUserWidget",
    "DNDConfig": null,
    "_children_": [],
    "_height_": {
        "type": "string",
        "value": "70dp"
    },
    "_left_": {
        "type": "string",
        "value": "5%"
    },
    "_margin_": [
        0,
        0,
        0,
        0
    ],
    "_orientation_": 1,
    "_padding_": [
        0,
        0,
        0,
        0
    ],
    "_percent_": true,
    "_skin_": "sf7c0ac46c954271bd33e05005b71b91",
    "_top_": {
        "type": "string",
        "value": "0dp"
    },
    "_width_": {
        "type": "string",
        "value": "70dp"
    },
    "canUpdateUI": true,
    "centery": {
        "type": "string",
        "value": "50%"
    },
    "containerweight": 0,
    "data": {
        "loop": 1,
        "source": "https://assets8.lottiefiles.com/packages/lf20_o905ojt5.json"
    },
    "id": "Option1",
    "info": null,
    "iscustomlayout": false,
    "isvisible": true,
    "kuid": "f2ddee8c198042cb9363b48f9f373fdf",
    "masterType": 1,
    "name": "kony.ui.UserWidgetInstance",
    "parent": "flxOptions",
    "pf": "Form2",
    "retaincontentalignment": false,
    "retainflexpositionproperties": false,
    "retainflowhorizontalalignment": false,
    "sourceUserWidget": "gb1376f12b1a4d8698d34d53fade3cc7",
    "vizProps": {
        "lock": true
    },
    "wType": "UserWidgetInstance"
}