{
    "NativeFunctionAPI": {
        "iOS": {
            "11.0": {
                "Kony_FileStorage-iOS-11.0": {
                    "title": "Kony_FileStorage",
                    "platform": "iOS",
                    "os": "11.0",
                    "isDefault": true,
                    "filepath": "ToastAPI\\nativebindings\\iOS\\11.0\\Kony_FileStorage-iOS-11.0.zip",
                    "enable": true,
                    "nfiversion": "2.0"
                },
                "Kony_SyncV2-iOS-11.0": {
                    "title": "Kony_SyncV2",
                    "platform": "iOS",
                    "os": "11.0",
                    "isDefault": true,
                    "filepath": "ToastAPI\\nativebindings\\iOS\\11.0\\Kony_SyncV2-iOS-11.0.zip",
                    "enable": true,
                    "nfiversion": "2.0"
                },
                "Kony_SDKCommons-iOS-11.0": {
                    "title": "Kony_SDKCommons",
                    "platform": "iOS",
                    "os": "11.0",
                    "isDefault": true,
                    "filepath": "ToastAPI\\nativebindings\\iOS\\11.0\\Kony_SDKCommons-iOS-11.0.zip",
                    "enable": true,
                    "nfiversion": "2.0"
                }
            }
        },
        "Android": {
            "4.0": {
                "Kony_FileStorage-Android-4.0": {
                    "title": "Kony_FileStorage",
                    "platform": "Android",
                    "os": "4.0",
                    "isDefault": true,
                    "filepath": "ToastAPI\\nativebindings\\Android\\4.0\\Kony_FileStorage-Android-4.0.zip",
                    "enable": true
                },
                "Kony_SDKCommons-Android-4.0": {
                    "title": "Kony_SDKCommons",
                    "platform": "Android",
                    "os": "4.0",
                    "isDefault": true,
                    "filepath": "ToastAPI\\nativebindings\\Android\\4.0\\Kony_SDKCommons-Android-4.0.zip",
                    "enable": true
                },
                "Kony_SyncV2-Android-4.0": {
                    "title": "Kony_SyncV2",
                    "platform": "Android",
                    "os": "4.0",
                    "isDefault": true,
                    "filepath": "ToastAPI\\nativebindings\\Android\\4.0\\Kony_SyncV2-Android-4.0.zip",
                    "enable": true
                }
            },
            "API level 28": {
                "android.content-Android-API level 28": {
                    "title": "android.content",
                    "platform": "Android",
                    "os": "API level 28",
                    "url": "/visualizer/nativeframeworks/android/2.0/android.content-Android-9.0.zip",
                    "checksum": "a215b572806d286af560efaa5289689dbe70a36c",
                    "filepath": "ToastAPI\\nativebindings\\Android\\API level 28\\android.content-Android-9.0.zip",
                    "isDefault": false,
                    "enable": true
                }
            }
        }
    },
    "Metadata": {
        "Version": {
            "iOS": "2.0"
        }
    }
}