{
    "@class": "com.kony.gen.viz.model.component.KVizButton",
    "DNDConfig": null,
    "__parentReadjusting__": false,
    "_height_": {
        "type": "string",
        "value": "100%"
    },
    "_left_": {
        "type": "string",
        "value": "0dp"
    },
    "_margin_": [
        6,
        6,
        6,
        6
    ],
    "_padding_": [
        27,
        0,
        0,
        0
    ],
    "_skin_": "s5a7573356d749698eab4e3f658b456b",
    "_text_": "Back",
    "_top_": {
        "type": "string",
        "value": "0dp"
    },
    "_width_": {
        "type": "string",
        "value": "76dp"
    },
    "android": {
        "displayText": false
    },
    "canUpdateUI": true,
    "containerweight": 100,
    "contentalignment": 4,
    "displaytext": true,
    "focusskin": "sc26fcb8da674f20ba7246dc888f4e84",
    "id": "headerButtonLeft",
    "info": null,
    "iphone": {
        "padding": [
            27,
            0,
            0,
            0
        ],
        "paddingInPixel": true
    },
    "isvisible": true,
    "kuid": "je9b5df7fe45427fbac1b7ea23add55b",
    "masterType": 1,
    "name": "kony.ui.Button",
    "onclick": "AS_Button_e470ff6cb7fc490298f2f7b4baafea03",
    "paddingLocked": false,
    "paddinginpixel": false,
    "parent": "headerContainer25",
    "pf": "frmWebSQLResults",
    "wType": "Button",
    "zindex": 1
}