{
    "DNDConfig": null,
    "__parentReadjusting__": false,
    "_height_": {
        "type": "string",
        "value": "40dp"
    },
    "_left_": {
        "type": "string",
        "value": "5dp"
    },
    "_margin_": [
        0,
        0,
        0,
        0
    ],
    "_orientation_": 6,
    "_padding_": [
        0,
        0,
        0,
        0
    ],
    "_percent_": true,
    "_right_": {
        "type": "string",
        "value": "0dp"
    },
    "_skin_": "s756dd9cc6724bf0bd5eb75496652bbe",
    "_top_": {
        "type": "string",
        "value": "10dp"
    },
    "allboxes": [],
    "autogrowmode": 0,
    "canUpdateUI": true,
    "children": [
        "flxRowContent"
    ],
    "clipbounds": true,
    "containerId": true,
    "containerweight": 100,
    "enablescrolling": true,
    "id": "flxCurrentRowIndicator",
    "info": null,
    "iscustomlayout": false,
    "isvisible": true,
    "kuid": "f4bdeadcd4c6447797b362690849edf9",
    "layouttype": 2,
    "name": "kony.ui.FlexContainer",
    "parent": "CopyflxRoadmapRowContainer",
    "pf": "CopytmpRoadmapRow",
    "retaincontentalignment": false,
    "retainflexpositionproperties": false,
    "retainflowhorizontalalignment": false,
    "snapgridsize": 10,
    "snaptogrid": true,
    "wType": "FlexContainer",
    "widgetalignment": 1,
    "zindex": 2
}