{
    "DNDConfig": null,
    "__parentReadjusting__": false,
    "_height_": {
        "type": "string",
        "value": "30dp"
    },
    "_left_": {
        "type": "string",
        "value": "5dp"
    },
    "_margin_": [
        0,
        0,
        0,
        0
    ],
    "_orientation_": 6,
    "_padding_": [
        0,
        0,
        0,
        0
    ],
    "_percent_": true,
    "_skin_": "sb23cfb25a41413082e2a5f4e1699175",
    "_top_": {
        "type": "string",
        "value": "4dp"
    },
    "_width_": {
        "type": "string",
        "value": "30dp"
    },
    "allboxes": [],
    "autogrowmode": 0,
    "canUpdateUI": true,
    "children": [
        "lblRowNumber",
        "imgRowDone"
    ],
    "clipbounds": false,
    "containerId": true,
    "containerweight": 100,
    "enablescrolling": true,
    "id": "flxRowCircle",
    "info": null,
    "iscustomlayout": false,
    "isvisible": true,
    "kuid": "bb590bac2ec647e5826ab37ebe509a48",
    "layouttype": 2,
    "name": "kony.ui.FlexContainer",
    "parent": "flxRowContent",
    "pf": "CopytmpRoadmapRow",
    "retaincontentalignment": false,
    "retainflexpositionproperties": false,
    "retainflowhorizontalalignment": false,
    "snapgridsize": 10,
    "snaptogrid": true,
    "wType": "FlexContainer",
    "widgetalignment": 1,
    "zindex": 1
}