{
    "@class": "com.kony.gen.viz.model.component.KVizImage2",
    "DNDConfig": null,
    "__parentReadjusting__": false,
    "_base64_": null,
    "_height_": {
        "type": "string",
        "value": "20dp"
    },
    "_left_": {
        "type": "string",
        "value": "10dp"
    },
    "_margin_": [
        0,
        0,
        0,
        0
    ],
    "_padding_": [
        0,
        0,
        0,
        0
    ],
    "_skin_": "s814d496264b463e828b5439ac44e2fe",
    "_src_": "dottedline_1.png",
    "_top_": {
        "type": "string",
        "value": "0dp"
    },
    "_width_": {
        "type": "string",
        "value": "31dp"
    },
    "canUpdateUI": true,
    "containerId": true,
    "containerweight": 100,
    "id": "imgDottedLine",
    "imagescalemode": 1,
    "info": null,
    "invokedProperty": "src",
    "iscustomlayout": false,
    "isvisible": true,
    "kuid": "a011e6c0fc644be9bbdd97a2988ba5a9",
    "name": "kony.ui.Image2",
    "parent": "CopyflxRoadmapRowContainer",
    "pf": "CopytmpRoadmapRow",
    "retaincontentalignment": false,
    "retainflexpositionproperties": false,
    "srcType": 1,
    "wType": "Image",
    "widgetalignment": 5,
    "zindex": 1
}