{
    "@class": "com.kony.gen.viz.model.component.KVizImage2",
    "DNDConfig": null,
    "__parentReadjusting__": false,
    "_base64_": null,
    "_height_": {
        "type": "string",
        "value": "30dp"
    },
    "_left_": {
        "type": "string",
        "value": "-1dp"
    },
    "_margin_": [
        0,
        0,
        0,
        0
    ],
    "_padding_": [
        0,
        0,
        0,
        0
    ],
    "_skin_": "s814d496264b463e828b5439ac44e2fe",
    "_src_": "numeringdone_1.png",
    "_top_": {
        "type": "string",
        "value": "-1dp"
    },
    "_width_": {
        "type": "string",
        "value": "30dp"
    },
    "canUpdateUI": true,
    "containerId": true,
    "containerweight": 100,
    "context": {
        "channel": "desktop",
        "formID": "tmpRoadmapRow",
        "platform": "desktopweb",
        "templateType": "segments",
        "topLevelBox": null
    },
    "id": "imgRowDone",
    "imagescalemode": 1,
    "info": null,
    "invokedProperty": "src",
    "iscustomlayout": false,
    "isvisible": false,
    "kuid": "f0d747c4c0974d97967cc2ab9bd42596",
    "name": "kony.ui.Image2",
    "parent": "flxRowCircle",
    "pf": "CopytmpRoadmapRow",
    "retaincontentalignment": false,
    "retainflexpositionproperties": false,
    "srcType": 1,
    "wType": "Image",
    "widgetalignment": 5,
    "zindex": 1
}