{
    "android": {
        "font_name": "VisualizerFontIcon",
        "font_size": 192,
        "isForked": false
    },
    "background_color": "00000000",
    "bg_type": "one",
    "border_color": "424242ff",
    "border_style": "plain",
    "border_type": 0,
    "border_width": 0,
    "desktopweb": {
        "font_name": "FontAwesome",
        "font_size": 192,
        "isForked": false
    },
    "fontSizeInPx": false,
    "font_color": "ffffffff",
    "font_name": "Helvetica",
    "font_size": 192,
    "font_style": "normal",
    "font_weight": "normal",
    "ipad": {
        "font_name": "FontAwesome",
        "font_size": 192,
        "isForked": false
    },
    "iphone": {
        "font_name": "VisualizerFontIcon",
        "font_size": 192,
        "isForked": false
    },
    "isDefaultSkin": false,
    "kiosk": {
        "font_name": "FontAwesome",
        "font_size": 192,
        "isForked": false
    },
    "kuid": "s9b5963a2fcc4d01a976d107e939a0f7",
    "spaan": {
        "font_name": "VisualizerFontIcon",
        "font_size": 192,
        "isForked": false
    },
    "spaandroidtablet": {
        "font_name": "FontAwesome",
        "font_size": 192,
        "isForked": false
    },
    "spabb": {
        "font_name": "FontAwesome",
        "font_size": 192,
        "isForked": false
    },
    "spaip": {
        "font_name": "VisualizerFontIcon",
        "font_size": 192,
        "isForked": false
    },
    "spaipad": {
        "font_name": "FontAwesome",
        "font_size": 192,
        "isForked": false
    },
    "spawindowstablet": {
        "font_name": "FontAwesome",
        "font_size": 192,
        "isForked": false
    },
    "spawinphone8": {
        "font_name": "FontAwesome",
        "font_size": 192,
        "isForked": false
    },
    "tabrcandroid": {
        "font_name": "FontAwesome",
        "font_size": 192,
        "isForked": false
    },
    "wType": "Label",
    "watchos": {
        "font_name": "FontAwesome",
        "font_size": 192,
        "isForked": false
    },
    "windows8": {
        "font_name": "FontAwesome",
        "font_size": 192,
        "isForked": false
    },
    "winphone8": {
        "font_name": "FontAwesome",
        "font_size": 192,
        "isForked": false
    }
}