{
    "@class": "com.kony.gen.viz.model.component.KVizButton",
    "DNDConfig": null,
    "_bottom_": {
        "type": "string",
        "value": "20dp"
    },
    "_height_": {
        "type": "ref",
        "value": "preferred"
    },
    "_left_": {
        "type": "string",
        "value": "0dp"
    },
    "_margin_": [
        6,
        6,
        6,
        6
    ],
    "_padding_": [
        0,
        0,
        0,
        0
    ],
    "_skin_": "s9b4e20a981a4f0c973acdb2b3a5e363",
    "_text_": "Know More",
    "_top_": {
        "type": "string",
        "value": "5dp"
    },
    "_width_": {
        "type": "ref",
        "value": "preferred"
    },
    "accessibilityconfig": {},
    "canUpdateUI": true,
    "containerweight": 100,
    "contentalignment": 5,
    "displaytext": true,
    "focusskin": "s9b4e20a981a4f0c973acdb2b3a5e363",
    "id": "btnKnowMore6",
    "ide_onClick": "AS_Button_e5bbee9995874a4d96a042a22a16efc7",
    "info": null,
    "iscustomlayout": false,
    "isvisible": true,
    "kuid": "ee0c0f75b9034b67b6066624e36a4739",
    "name": "kony.ui.Button",
    "parent": "flxProductDetails6",
    "pf": "frmProductSelection",
    "retaincontentalignment": false,
    "retainflexpositionproperties": false,
    "wType": "Button",
    "zindex": 1
}