{
    "@class": "com.kony.gen.viz.model.component.KVizButton",
    "DNDConfig": null,
    "_bottom_": {
        "type": "string",
        "value": "20dp"
    },
    "_height_": {
        "type": "ref",
        "value": "preferred"
    },
    "_left_": {
        "type": "string",
        "value": "0dp"
    },
    "_margin_": [
        6,
        6,
        6,
        6
    ],
    "_padding_": [
        0,
        0,
        0,
        0
    ],
    "_skin_": "s9b4e20a981a4f0c973acdb2b3a5e363",
    "_text_": "Know More",
    "_top_": {
        "type": "string",
        "value": "5dp"
    },
    "_width_": {
        "type": "ref",
        "value": "preferred"
    },
    "accessibilityconfig": {},
    "canUpdateUI": true,
    "containerweight": 100,
    "contentalignment": 5,
    "displaytext": true,
    "focusskin": "s9b4e20a981a4f0c973acdb2b3a5e363",
    "id": "btnKnowMore2",
    "ide_onClick": "AS_Button_ea2253f6493c433da079268b3d1778e6",
    "info": null,
    "iscustomlayout": false,
    "isvisible": true,
    "kuid": "h3e37be7e45a4f17b20ae8a16d4fc762",
    "name": "kony.ui.Button",
    "parent": "flxProductDetails2",
    "pf": "frmProductSelection",
    "retaincontentalignment": false,
    "retainflexpositionproperties": false,
    "wType": "Button",
    "zindex": 1
}