{
    "@class": "com.kony.gen.viz.model.component.KVizUserWidget",
    "DNDConfig": null,
    "_children_": [],
    "_height_": {
        "type": "string",
        "value": "100%"
    },
    "_left_": {
        "type": "string",
        "value": "0dp"
    },
    "_margin_": [
        0,
        0,
        0,
        0
    ],
    "_orientation_": 1,
    "_padding_": [
        0,
        0,
        0,
        0
    ],
    "_percent_": true,
    "_skin_": "s1992c0974514815aa2d01fd84e1d78a",
    "_top_": {
        "type": "string",
        "value": "0dp"
    },
    "_width_": {
        "type": "string",
        "value": "100%"
    },
    "areflexpropsreferenced": false,
    "autogrowmode": 0,
    "canUpdateUI": true,
    "clipbounds": true,
    "containerweight": 0,
    "dataDiffs": {
        "btnNo": {
            "__events__": {},
            "__info__": {
                "kuid": "jced98e7a524464ba89ddaf45700033c",
                "srcKUID": "i9e0e6ae39b2491e96997a9ce12c4930",
                "wType": "Button"
            },
            "i18n_text": "kony.nuo.common.No"
        },
        "btnYes": {
            "__events__": {},
            "__info__": {
                "kuid": "df02389b4c634ad8ba24c8e1236d0168",
                "srcKUID": "h2f1d9b6a2f94fce8a44f9d93a4f2da4",
                "wType": "Button"
            },
            "i18n_text": "kony.nuo.common.Yes",
            "responsiveData": {
                "b2": {
                    "isVisible": true
                }
            }
        },
        "flxButtons": {
            "__events__": {},
            "__info__": {
                "kuid": "c8fcc829c29640aea50864fc11993116",
                "srcKUID": "e5a7cbfe74db44a0b1d3d281e0765a9a",
                "wType": "FlexContainer"
            }
        },
        "flxClose": {
            "__events__": {},
            "__info__": {
                "kuid": "i88071e66e26478c853839798bc102c0",
                "srcKUID": "c971853b64444dbbab03cfe6773dc648",
                "wType": "FlexContainer"
            }
        },
        "flxPopUp": {
            "__events__": {},
            "__info__": {
                "kuid": "e4fa2fe1e273447f9c6334c2b5b4b867",
                "srcKUID": "d6c64328a68e4758b09f763d4eb81b80",
                "wType": "FlexContainer"
            }
        },
        "flxSeparator": {
            "__events__": {},
            "__info__": {
                "kuid": "ibe5294564c343af9298e6fbbcf038cd",
                "srcKUID": "d1d6fa0db8f543a1924d04ae3b1e83a5",
                "wType": "FlexContainer"
            }
        },
        "flxTop": {
            "__events__": {},
            "__info__": {
                "kuid": "i16e767633004d10b191792bc1cdd2ef",
                "srcKUID": "e5186e00896e49ba853ddabf2dcf284b",
                "wType": "FlexContainer"
            }
        },
        "imgClose": {
            "__events__": {},
            "__info__": {
                "kuid": "c42c398973e34a1694cd8f45a142fbe1",
                "srcKUID": "bf01bae0c1c94baeb43f3af29ee1cfa4",
                "wType": "Image"
            },
            "src": "closeicon_1.png"
        },
        "lblDescription": {
            "__events__": {},
            "__info__": {
                "kuid": "f20b8573ba834a59a86d575e46f77625",
                "srcKUID": "ea8ebac2e8ba4208b06558a3c40da87e",
                "wType": "Label"
            },
            "i18n_text": "kony.popup.saveAndClose",
            "responsiveData": {},
            "text": "This will close your application. Do you want to save the info you just shared?"
        },
        "lblHeader": {
            "__events__": {},
            "__info__": {
                "kuid": "f891ab37bb2040c898ea1f8f9114ff7f",
                "srcKUID": "a91566b902264928b77a190b5bc906a4",
                "wType": "Label"
            },
            "i18n_text": "kony.popup.saveAndCloseHeader",
            "responsiveData": {},
            "text": "Save & Close"
        },
        "popup": {
            "__events__": {},
            "__info__": {
                "isRoot": true,
                "kuid": "fd76a9f6d1a14a3ba166ee1556ceca1a",
                "srcKUID": "a2bb82effb734f1b89211ee3fe791b40",
                "wType": "FlexContainer"
            }
        }
    },
    "enablescrolling": true,
    "id": "closePopUp",
    "info": null,
    "iscustomlayout": false,
    "isdatareferenced": false,
    "isvisible": true,
    "kuid": "fd76a9f6d1a14a3ba166ee1556ceca1a",
    "layouttype": 2,
    "masterType": 0,
    "name": "kony.ui.UserWidgetInstance",
    "parent": "flxClosePopUp",
    "pf": "frmProductSelection",
    "retaincontentalignment": false,
    "retainflexpositionproperties": false,
    "retainflowhorizontalalignment": false,
    "snapgridsize": 10,
    "snaptogrid": true,
    "sourceUserWidget": "a2bb82effb734f1b89211ee3fe791b40",
    "wType": "UserWidgetInstance",
    "zindex": 11
}