{
    "DNDConfig": null,
    "_height_": {
        "type": "string",
        "value": "92px"
    },
    "_left_": {
        "type": "string",
        "value": "0dp"
    },
    "_margin_": [
        0,
        0,
        0,
        0
    ],
    "_orientation_": 6,
    "_padding_": [
        0,
        0,
        0,
        0
    ],
    "_percent_": true,
    "_skin_": "s04caf1d22ba4135af1acb3c13ba1f0d",
    "_top_": {
        "type": "string",
        "value": "20dp"
    },
    "_width_": {
        "type": "string",
        "value": "100%"
    },
    "allboxes": [],
    "canUpdateUI": true,
    "children": [
        "flxButtonsSeparator",
        "navButtons"
    ],
    "clipbounds": true,
    "containerweight": 100,
    "enablescrolling": true,
    "id": "flxButtons",
    "info": null,
    "isvisible": true,
    "kuid": "d6d27373888049328d5a8c00bb6e7c34",
    "layouttype": 2,
    "name": "kony.ui.FlexContainer",
    "parent": "f1",
    "pf": "frmProductSelection",
    "responsiveData": {
        "b3": {
            "height": {
                "type": "string",
                "value": "95dp"
            }
        }
    },
    "snapgridsize": 10,
    "snaptogrid": true,
    "wType": "FlexContainer",
    "widgetalignment": 1,
    "zindex": 1
}