{
    "DNDConfig": null,
    "_height_": {
        "type": "string",
        "value": "22dp"
    },
    "_margin_": [
        0,
        0,
        0,
        0
    ],
    "_orientation_": 6,
    "_padding_": [
        0,
        0,
        0,
        0
    ],
    "_percent_": true,
    "_right_": {
        "type": "string",
        "value": "10dp"
    },
    "_skin_": "s11a30496e284b6da901f96728eee64b",
    "_top_": {
        "type": "string",
        "value": "10dp"
    },
    "_width_": {
        "type": "string",
        "value": "22dp"
    },
    "accessibilityconfig": {},
    "allboxes": [],
    "autogrowmode": 0,
    "canUpdateUI": true,
    "children": [
        "imgCheckBox3"
    ],
    "clipbounds": true,
    "containerweight": 100,
    "desktopweb": {
        "psp": {}
    },
    "disabledSkins": {},
    "enablescrolling": true,
    "id": "flxCheckBox3",
    "ide_onClick": "AS_FlexContainer_b0025d59c2f94ffaae24fbe0f941f409",
    "info": null,
    "iscustomlayout": false,
    "isvisible": true,
    "kuid": "c7c4513f6f7d41d6a173ce5be251896d",
    "layouttype": 2,
    "name": "kony.ui.FlexContainer",
    "parent": "flxSavingsAccounts3",
    "pf": "frmProductSelection",
    "retaincontentalignment": false,
    "retainflexpositionproperties": false,
    "retainflowhorizontalalignment": false,
    "snapgridsize": 10,
    "snaptogrid": true,
    "wType": "FlexContainer",
    "widgetalignment": 1,
    "zindex": 2
}