{
    "DNDConfig": null,
    "_height_": {
        "type": "string",
        "value": "22dp"
    },
    "_margin_": [
        0,
        0,
        0,
        0
    ],
    "_orientation_": 6,
    "_padding_": [
        0,
        0,
        0,
        0
    ],
    "_percent_": true,
    "_right_": {
        "type": "string",
        "value": "10dp"
    },
    "_skin_": "s11a30496e284b6da901f96728eee64b",
    "_top_": {
        "type": "string",
        "value": "10dp"
    },
    "_width_": {
        "type": "string",
        "value": "22dp"
    },
    "accessibilityconfig": {},
    "allboxes": [],
    "autogrowmode": 0,
    "canUpdateUI": true,
    "children": [
        "imgCheckBox5"
    ],
    "clipbounds": true,
    "containerweight": 100,
    "desktopweb": {
        "psp": {}
    },
    "disabledSkins": {},
    "enablescrolling": true,
    "id": "flxCheckBox5",
    "ide_onClick": "AS_FlexContainer_db33125ea01049afafb7ca49c892453f",
    "info": null,
    "iscustomlayout": false,
    "isvisible": true,
    "kuid": "a2d48fbeb1cb43bb9f1815f8d123efd0",
    "layouttype": 2,
    "name": "kony.ui.FlexContainer",
    "parent": "flxCurrentAccount2",
    "pf": "frmProductSelection",
    "retaincontentalignment": false,
    "retainflexpositionproperties": false,
    "retainflowhorizontalalignment": false,
    "snapgridsize": 10,
    "snaptogrid": true,
    "wType": "FlexContainer",
    "widgetalignment": 1,
    "zindex": 2
}