{
    "DNDConfig": null,
    "_height_": {
        "type": "string",
        "value": "50dp"
    },
    "_margin_": [
        0,
        0,
        0,
        0
    ],
    "_orientation_": 6,
    "_padding_": [
        0,
        0,
        0,
        0
    ],
    "_percent_": true,
    "_right_": {
        "type": "string",
        "value": "1%"
    },
    "_skin_": "s11a30496e284b6da901f96728eee64b",
    "_top_": {
        "type": "string",
        "value": "0dp"
    },
    "_width_": {
        "type": "string",
        "value": "60dp"
    },
    "allboxes": [],
    "canUpdateUI": true,
    "children": [
        "imgDropDown2"
    ],
    "clipbounds": true,
    "containerweight": 100,
    "desktopweb": {
        "psp": {
            "hoverSkin": "s11a30496e284b6da901f96728eee64b"
        }
    },
    "disabledSkins": {},
    "enablescrolling": true,
    "id": "flxDropDown2",
    "ide_onClick": "AS_FlexContainer_db32bda5371a45f7b6675623ec64b63b",
    "info": null,
    "iscustomlayout": false,
    "isvisible": true,
    "kuid": "a1a278a7836a49deadb53b79d7edbf6b",
    "layouttype": 2,
    "name": "kony.ui.FlexContainer",
    "parent": "flxProductName2",
    "pf": "frmProductSelection",
    "responsiveData": {
        "b4": {
            "height": {
                "type": "string",
                "value": "45dp"
            },
            "right": {
                "type": "string",
                "value": "7px"
            },
            "top": {
                "type": "string",
                "value": "2px"
            },
            "width": {
                "type": "string",
                "value": "55dp"
            }
        }
    },
    "retaincontentalignment": false,
    "retainflexpositionproperties": false,
    "retainflowhorizontalalignment": false,
    "snapgridsize": 10,
    "snaptogrid": true,
    "wType": "FlexContainer",
    "widgetalignment": 1,
    "zindex": 10
}