{
    "DNDConfig": null,
    "_height_": {
        "type": "string",
        "value": "100%"
    },
    "_left_": {
        "type": "string",
        "value": "0dp"
    },
    "_margin_": [
        0,
        0,
        0,
        0
    ],
    "_orientation_": 6,
    "_padding_": [
        0,
        0,
        0,
        0
    ],
    "_percent_": true,
    "_skin_": "s04caf1d22ba4135af1acb3c13ba1f0d",
    "_top_": {
        "type": "string",
        "value": "0dp"
    },
    "_width_": {
        "type": "string",
        "value": "100%"
    },
    "allboxes": [],
    "autogrowmode": 0,
    "canUpdateUI": true,
    "children": [
        "flxPopup",
        "flxClosePopUp",
        "flxLoading"
    ],
    "clipbounds": true,
    "containerweight": 100,
    "desktopweb": {
        "render": true
    },
    "enablescrolling": true,
    "id": "flxDialogs",
    "info": null,
    "iscustomlayout": false,
    "isvisible": false,
    "kiosk": {
        "render": false
    },
    "kuid": "ea1f723cada743a9b9c57a4887b29b50",
    "layouttype": 5,
    "name": "kony.ui.FlexContainer",
    "parent": "frmProductSelection",
    "pf": "frmProductSelection",
    "retaincontentalignment": false,
    "retainflexpositionproperties": false,
    "retainflowhorizontalalignment": false,
    "snapgridsize": 10,
    "snaptogrid": true,
    "wType": "FlexContainer",
    "widgetalignment": 1,
    "zindex": 20
}