{
    "DNDConfig": null,
    "_height_": {
        "type": "string",
        "value": "100%"
    },
    "_left_": {
        "type": "string",
        "value": "0dp"
    },
    "_margin_": [
        0,
        0,
        0,
        0
    ],
    "_orientation_": 6,
    "_padding_": [
        0,
        0,
        0,
        0
    ],
    "_percent_": true,
    "_skin_": "s04caf1d22ba4135af1acb3c13ba1f0d",
    "_top_": {
        "type": "string",
        "value": "0dp"
    },
    "_width_": {
        "type": "string",
        "value": "100%"
    },
    "allboxes": [],
    "autogrowmode": 0,
    "canUpdateUI": true,
    "children": [
        "loading"
    ],
    "clipbounds": true,
    "containerweight": 100,
    "enablescrolling": true,
    "id": "flxLoading",
    "info": null,
    "iscustomlayout": false,
    "isvisible": false,
    "kuid": "b05931cf51464d688654a24c33013528",
    "layouttype": 2,
    "name": "kony.ui.FlexContainer",
    "parent": "flxDialogs",
    "pf": "frmProductSelection",
    "responsiveData": {
        "b3": {}
    },
    "responsiveconfig": {
        "offset": {
            "b2": 0,
            "b3": 0,
            "b4": 0
        },
        "span": {
            "b2": 4,
            "b3": 6,
            "b4": 3
        }
    },
    "retaincontentalignment": false,
    "retainflexpositionproperties": false,
    "snapgridsize": 10,
    "snaptogrid": true,
    "wType": "FlexContainer",
    "widgetalignment": 1,
    "zindex": 1
}