{
    "DNDConfig": null,
    "_height_": {
        "type": "string",
        "value": "300dp"
    },
    "_left_": {
        "type": "string",
        "value": "0dp"
    },
    "_margin_": [
        0,
        0,
        0,
        0
    ],
    "_orientation_": 6,
    "_padding_": [
        0,
        0,
        0,
        0
    ],
    "_percent_": true,
    "_skin_": "s04caf1d22ba4135af1acb3c13ba1f0d",
    "_top_": {
        "type": "string",
        "value": "50dp"
    },
    "_width_": {
        "type": "string",
        "value": "100%"
    },
    "allboxes": [],
    "autogrowmode": 0,
    "canUpdateUI": true,
    "children": [
        "CopyimgNoResult0h578f75c594a44",
        "CopylblNoResultFound0g728b5c8499649",
        "CopylblNoResultDescription0b8cf62578c1c4d"
    ],
    "clipbounds": true,
    "containerweight": 100,
    "enablescrolling": true,
    "id": "flxNoProductsSelected1",
    "info": null,
    "iscustomlayout": false,
    "isvisible": false,
    "kuid": "bbc7c68b4c0f48c4b4d3941279f3bd40",
    "layouttype": 2,
    "name": "kony.ui.FlexContainer",
    "parent": "flxSelectProduct1",
    "pf": "frmProductSelection",
    "retaincontentalignment": false,
    "retainflexpositionproperties": false,
    "retainflowhorizontalalignment": false,
    "snapgridsize": 10,
    "snaptogrid": true,
    "wType": "FlexContainer",
    "widgetalignment": 1,
    "zindex": 1
}