{
    "DNDConfig": null,
    "_height_": {
        "type": "string",
        "value": "300dp"
    },
    "_left_": {
        "type": "string",
        "value": "0dp"
    },
    "_margin_": [
        0,
        0,
        0,
        0
    ],
    "_orientation_": 6,
    "_padding_": [
        0,
        0,
        0,
        0
    ],
    "_percent_": true,
    "_skin_": "s04caf1d22ba4135af1acb3c13ba1f0d",
    "_top_": {
        "type": "string",
        "value": "50dp"
    },
    "_width_": {
        "type": "string",
        "value": "100%"
    },
    "allboxes": [],
    "autogrowmode": 0,
    "canUpdateUI": true,
    "children": [
        "CopyimgNoResult0df21f2fd759b43",
        "CopylblNoResultFound0b911ad2804c641",
        "CopylblNoResultDescription0c6c1540c91c44e"
    ],
    "clipbounds": true,
    "containerweight": 100,
    "enablescrolling": true,
    "id": "flxNoProductsSelected2",
    "info": null,
    "iscustomlayout": false,
    "isvisible": false,
    "kuid": "c1ccb5add2ac49c498c849dbb6dd4dd6",
    "layouttype": 2,
    "name": "kony.ui.FlexContainer",
    "parent": "flxSelectProduct2",
    "pf": "frmProductSelection",
    "retaincontentalignment": false,
    "retainflexpositionproperties": false,
    "retainflowhorizontalalignment": false,
    "snapgridsize": 10,
    "snaptogrid": true,
    "wType": "FlexContainer",
    "widgetalignment": 1,
    "zindex": 1
}