{
    "DNDConfig": null,
    "_height_": {
        "type": "string",
        "value": "100%"
    },
    "_left_": {
        "type": "string",
        "value": "0dp"
    },
    "_margin_": [
        0,
        0,
        0,
        0
    ],
    "_orientation_": 6,
    "_padding_": [
        0,
        0,
        0,
        0
    ],
    "_percent_": true,
    "_skin_": "sed723cb2f4e46249031dab2e6ae1126",
    "_top_": {
        "type": "string",
        "value": "0dp"
    },
    "_width_": {
        "type": "string",
        "value": "100%"
    },
    "allboxes": [],
    "autogrowmode": 0,
    "canUpdateUI": true,
    "children": [
        "popup"
    ],
    "clipbounds": true,
    "containerweight": 100,
    "enablescrolling": true,
    "id": "flxPopup",
    "info": null,
    "iscustomlayout": false,
    "isvisible": false,
    "kuid": "f18fb91a458e4133a1c4c92db3e023b4",
    "layouttype": 2,
    "name": "kony.ui.FlexContainer",
    "parent": "flxDialogs",
    "pf": "frmProductSelection",
    "responsiveData": {
        "b2": {
            "isVisible": false
        },
        "b3": {
            "isVisible": false
        },
        "b4": {
            "isVisible": false
        }
    },
    "responsiveconfig": {
        "offset": {
            "b2": 0,
            "b3": 0,
            "b4": 0
        },
        "span": {
            "b2": 4,
            "b3": 6,
            "b4": 3
        }
    },
    "retaincontentalignment": false,
    "retainflexpositionproperties": false,
    "snapgridsize": 10,
    "snaptogrid": true,
    "wType": "FlexContainer",
    "widgetalignment": 1,
    "zindex": 1
}