{
    "DNDConfig": null,
    "_height_": {
        "type": "ref",
        "value": "preferred"
    },
    "_left_": {
        "type": "number",
        "value": ""
    },
    "_margin_": [
        0,
        0,
        0,
        0
    ],
    "_orientation_": 6,
    "_padding_": [
        0,
        0,
        0,
        0
    ],
    "_percent_": true,
    "_right_": {
        "type": "string",
        "value": "6%"
    },
    "_skin_": "s148e5aada8745c58141f969cd8dd77e",
    "_top_": {
        "type": "string",
        "value": "0dp"
    },
    "_width_": {
        "type": "string",
        "value": "28%"
    },
    "allboxes": [],
    "autogrowmode": 1,
    "canUpdateUI": true,
    "children": [
        "Roadmap"
    ],
    "clipbounds": false,
    "containerweight": 100,
    "enablescrolling": true,
    "id": "flxRoadmap",
    "info": null,
    "iscustomlayout": false,
    "isvisible": true,
    "kuid": "b0bb6e1163114c939f614baceb5fbaff",
    "layouttype": 2,
    "name": "kony.ui.FlexContainer",
    "parent": "flxWrapper",
    "pf": "frmProductSelection",
    "responsiveData": {
        "b2": {
            "layoutType": 4,
            "left": {
                "type": "string",
                "value": "2.50%"
            },
            "top": {
                "type": "string",
                "value": "20dp"
            },
            "width": {
                "type": "string",
                "value": "95%"
            }
        },
        "b3": {
            "left": {
                "type": "string",
                "value": "0%"
            },
            "width": {
                "type": "string",
                "value": "100%"
            }
        },
        "b4": {
            "top": {
                "type": "string",
                "value": "45dp"
            }
        }
    },
    "responsiveconfig": {
        "offset": {
            "b2": 0,
            "b3": 0,
            "b4": 0
        },
        "span": {
            "b2": 12,
            "b3": 12,
            "b4": 4
        }
    },
    "retaincontentalignment": false,
    "retainflexpositionproperties": false,
    "snapgridsize": 10,
    "snaptogrid": true,
    "wType": "FlexContainer",
    "widgetalignment": 1,
    "zindex": 1
}