{
    "DNDConfig": null,
    "_height_": {
        "type": "ref",
        "value": "preferred"
    },
    "_left_": {
        "type": "string",
        "value": "20dp"
    },
    "_margin_": [
        0,
        0,
        0,
        0
    ],
    "_orientation_": 6,
    "_padding_": [
        0,
        0,
        0,
        0
    ],
    "_percent_": true,
    "_right_": {
        "type": "number",
        "value": "10"
    },
    "_skin_": "sbccfa51720f4fea97017042226b4b8e",
    "_top_": {
        "type": "string",
        "value": "20dp"
    },
    "allboxes": [],
    "autogrowmode": 1,
    "canUpdateUI": true,
    "children": [
        "imgProduct2",
        "flxProductDetails2",
        "flxCheckBox2"
    ],
    "clipbounds": true,
    "containerweight": 100,
    "enablescrolling": true,
    "id": "flxSavingsAccounts2",
    "info": null,
    "iscustomlayout": false,
    "isvisible": true,
    "kuid": "e1d81feb505341b5bf8e172cb197fdbd",
    "layouttype": 2,
    "minheight": {
        "type": "string",
        "value": "130dp"
    },
    "name": "kony.ui.FlexContainer",
    "parent": "flxproductSelection1",
    "pf": "frmProductSelection",
    "retaincontentalignment": false,
    "retainflexpositionproperties": false,
    "retainflowhorizontalalignment": false,
    "snapgridsize": 10,
    "snaptogrid": true,
    "wType": "FlexContainer",
    "widgetalignment": 1,
    "zindex": 1
}