{
    "@class": "com.kony.gen.viz.model.container.KVizScrollFlexForm",
    "DNDConfig": null,
    "_margin_": [
        0,
        0,
        0,
        0
    ],
    "_orientation_": 1,
    "_padding_": [
        0,
        0,
        0,
        0
    ],
    "_percent_": true,
    "_pxMenuIndex": [
        2,
        1,
        3
    ],
    "_skin_": "s21ad0aa31e449eb84ce9488ced586ff",
    "_title_": "Online Banking | Product Selection",
    "addWidgetsdone": false,
    "allboxes": [],
    "android": {
        "needAppMenu": false,
        "psp": {
            "windowSoftInputMode": 2
        }
    },
    "androidwearos": {
        "needAppMenu": false
    },
    "breakpointInfo": {
        "b2": {
            "width": 1024
        },
        "b3": {
            "width": 640
        },
        "b4": {
            "width": 1366
        }
    },
    "canUpdateUI": true,
    "canvasWidth": 1200,
    "children": [
        "flxHeader",
        "flxMainScroll",
        "flxDialogs"
    ],
    "containerweight": 100,
    "controllerInfo": {
        "default": {
            "channel": "desktop",
            "name": "frmProductSelectionController"
        }
    },
    "currentBreakpoint": {
        "kuid": "b2",
        "width": 1024
    },
    "currentLocale": "default",
    "desktopweb": {
        "needAppMenu": false
    },
    "device": "desktopweb",
    "displayorientation": 1,
    "enabledforidletimeout": true,
    "id": "frmProductSelection",
    "ide_postShow": "AS_Form_c3a743f642b74471a927ddb97cb454b1",
    "ide_preShow": "AS_Form_ja031b84e5c543ceb4402cac16e0387f",
    "info": null,
    "initdone": false,
    "inputaccessoryviewtype": 4,
    "ipad": {
        "needAppMenu": false,
        "psp": {
            "inputAccessoryViewType": 4
        },
        "titleBar": false
    },
    "iphone": {
        "needAppMenu": false,
        "psp": {
            "inputAccessoryViewType": 4
        },
        "titleBar": false
    },
    "iscustomlayout": false,
    "isvisible": true,
    "kiosk": {
        "needAppMenu": false,
        "psp": {
            "verticalScrollIndicator": false
        }
    },
    "kuid": "b811f087da774e4cb228335481ca54be",
    "layouttype": 2,
    "name": "kony.ui.Form2",
    "needappmenu": false,
    "paddinginpixel": false,
    "platform": "desktopweb",
    "prevDevice": "desktopweb",
    "prevPlatform": "desktopweb",
    "responsiveData": {},
    "retaincontentalignment": false,
    "retainflexpositionproperties": false,
    "retainscrollposition": false,
    "snapgridsize": 10,
    "snaptogrid": true,
    "spaan": {
        "needAppMenu": false
    },
    "spaandroidtablet": {
        "needAppMenu": false
    },
    "spabb": {
        "needAppMenu": false
    },
    "spaip": {
        "needAppMenu": false
    },
    "spaipad": {
        "needAppMenu": false
    },
    "spawindowstablet": {
        "needAppMenu": false
    },
    "spawinphone8": {
        "needAppMenu": false
    },
    "titleBarSkin": "s83c29c6a3a74821b730f59f64a97443",
    "titlebar": true,
    "type": 3,
    "vizProps": {
        "globalRespDesignEnabled": false
    },
    "wType": "Form",
    "windows8": {
        "needAppMenu": false
    },
    "winphone8": {
        "needAppMenu": false
    }
}