{
    "@class": "com.kony.gen.viz.model.component.KVizImage2",
    "DNDConfig": null,
    "_base64_": null,
    "_height_": {
        "type": "string",
        "value": "40dp"
    },
    "_left_": {
        "type": "string",
        "value": "20dp"
    },
    "_margin_": [
        0,
        0,
        0,
        0
    ],
    "_padding_": [
        0,
        0,
        0,
        0
    ],
    "_skin_": "s78a5f26c9f14cec9ebed1bb46098f80",
    "_src_": "credit_cards.png",
    "_top_": {
        "type": "string",
        "value": "35dp"
    },
    "_width_": {
        "type": "string",
        "value": "45dp"
    },
    "accessibilityconfig": {},
    "canUpdateUI": true,
    "containerweight": 100,
    "id": "imgProduct4",
    "imagescalemode": 1,
    "info": null,
    "invokedProperty": "src",
    "iscustomlayout": false,
    "isvisible": true,
    "kuid": "ebe615c9b55547c4a02b77b38a026ad4",
    "name": "kony.ui.Image2",
    "parent": "flxCurrentAccount1",
    "pf": "frmProductSelection",
    "retaincontentalignment": false,
    "retainflexpositionproperties": false,
    "srcType": 1,
    "wType": "Image",
    "widgetalignment": 5,
    "zindex": 1
}