{
    "@class": "com.kony.gen.viz.model.component.KVizLabel",
    "DNDConfig": null,
    "_height_": {
        "type": "ref",
        "value": "preferred"
    },
    "_left_": {
        "type": "string",
        "value": "0dp"
    },
    "_margin_": [
        1,
        1,
        1,
        1
    ],
    "_padding_": [
        0,
        0,
        0,
        0
    ],
    "_skin_": "s9220ef323d54307be190942dc8996b9",
    "_text_": "",
    "_top_": {
        "type": "string",
        "value": "0dp"
    },
    "_width_": {
        "type": "ref",
        "value": "preferred"
    },
    "_wrapping_": 2,
    "android": {
        "textStyle": {
            "letterSpacing": 0,
            "strikeThrough": false
        }
    },
    "canUpdateUI": true,
    "centery": {
        "type": "string",
        "value": "50%"
    },
    "containerweight": 100,
    "contentalignment": 4,
    "id": "lblProductSelectionHeading",
    "info": null,
    "ipad": {
        "psp": {
            "wrapping": 2
        }
    },
    "iphone": {
        "psp": {
            "wrapping": 2
        }
    },
    "iscustomlayout": false,
    "isvisible": false,
    "kuid": "id56f11ecb1d47ab9b257273a4b05952",
    "name": "kony.ui.Label",
    "parent": "flxProductSelectionHeading",
    "pf": "frmProductSelection",
    "responsiveData": {
        "b2": {
            "skin": "s9220ef323d54307be190942dc8996b9"
        },
        "b3": {
            "skin": "s9220ef323d54307be190942dc8996b9"
        },
        "b4": {
            "skin": "s9220ef323d54307be190942dc8996b9"
        }
    },
    "retaincontentalignment": false,
    "retainflexpositionproperties": false,
    "texti18n": "Infinity.onboarding.Analytics.ProductSelection",
    "tooltip": "",
    "wType": "Label",
    "zindex": 1
}