{
    "@class": "com.kony.gen.viz.model.component.KVizLabel",
    "DNDConfig": null,
    "_height_": {
        "type": "ref",
        "value": "preferred"
    },
    "_left_": {
        "type": "string",
        "value": "30dp"
    },
    "_margin_": [
        1,
        1,
        1,
        1
    ],
    "_padding_": [
        0,
        0,
        0,
        0
    ],
    "_skin_": "s66e3e24c1bd4af5bc29596ed421b057",
    "_text_": "Select  your Product(s)",
    "_top_": {
        "type": "string",
        "value": "9dp"
    },
    "_width_": {
        "type": "ref",
        "value": "preferred"
    },
    "_wrapping_": 2,
    "android": {
        "textStyle": {
            "letterSpacing": 0,
            "strikeThrough": false
        }
    },
    "canUpdateUI": true,
    "centery": {
        "type": "string",
        "value": "50%"
    },
    "containerweight": 100,
    "contentalignment": 4,
    "id": "lblSelectProducts",
    "info": null,
    "ipad": {
        "psp": {
            "wrapping": 2
        }
    },
    "iphone": {
        "psp": {
            "wrapping": 2
        }
    },
    "iscustomlayout": false,
    "isvisible": true,
    "kuid": "e6992d2ac53a4f8ca1fc3bfb5b43e01b",
    "name": "kony.ui.Label",
    "parent": "flxSelectProducts",
    "pf": "frmProductSelection",
    "responsiveData": {
        "b2": {},
        "b3": {}
    },
    "retaincontentalignment": false,
    "retainflexpositionproperties": false,
    "texti18n": "kony.onboarding.productselection.SelectyourProducts",
    "tooltip": "",
    "wType": "Label",
    "zindex": 1
}