{
    "@class": "com.kony.gen.viz.model.component.KVizUserWidget",
    "DNDConfig": null,
    "_children_": [],
    "_height_": {
        "type": "string",
        "value": "100%"
    },
    "_left_": {
        "type": "string",
        "value": "0dp"
    },
    "_margin_": [
        0,
        0,
        0,
        0
    ],
    "_orientation_": 1,
    "_padding_": [
        0,
        0,
        0,
        0
    ],
    "_percent_": true,
    "_skin_": "s1992c0974514815aa2d01fd84e1d78a",
    "_top_": {
        "type": "string",
        "value": "0dp"
    },
    "_width_": {
        "type": "string",
        "value": "100%"
    },
    "areflexpropsreferenced": false,
    "autogrowmode": 0,
    "canUpdateUI": true,
    "clipbounds": true,
    "containerweight": 0,
    "dataDiffs": {
        "btnNo": {
            "__events__": {},
            "__info__": {
                "kuid": "g1649f2089aa44ecb2e2c04ee0a32200",
                "srcKUID": "i9e0e6ae39b2491e96997a9ce12c4930",
                "wType": "Button"
            },
            "i18n_text": "kony.nuo.common.No"
        },
        "btnYes": {
            "__events__": {},
            "__info__": {
                "kuid": "faa13477fc874385a6304ef9ec206f64",
                "srcKUID": "h2f1d9b6a2f94fce8a44f9d93a4f2da4",
                "wType": "Button"
            },
            "i18n_text": "kony.nuo.common.Yes"
        },
        "flxButtons": {
            "__events__": {},
            "__info__": {
                "kuid": "e04ef79867e047a197a7801365b41ad2",
                "srcKUID": "e5a7cbfe74db44a0b1d3d281e0765a9a",
                "wType": "FlexContainer"
            }
        },
        "flxClose": {
            "__events__": {},
            "__info__": {
                "kuid": "g0a58e1fd6944858ad1c6db9528d5a05",
                "srcKUID": "c971853b64444dbbab03cfe6773dc648",
                "wType": "FlexContainer"
            }
        },
        "flxPopUp": {
            "__events__": {},
            "__info__": {
                "kuid": "d52e9bc04a2c4624a39d7d85516e1868",
                "srcKUID": "d6c64328a68e4758b09f763d4eb81b80",
                "wType": "FlexContainer"
            }
        },
        "flxSeparator": {
            "__events__": {},
            "__info__": {
                "kuid": "d86b2e3669144ed8973cf140258569a6",
                "srcKUID": "d1d6fa0db8f543a1924d04ae3b1e83a5",
                "wType": "FlexContainer"
            }
        },
        "flxTop": {
            "__events__": {},
            "__info__": {
                "kuid": "b48a5847ba3947a5baee7d46ac1c4d54",
                "srcKUID": "e5186e00896e49ba853ddabf2dcf284b",
                "wType": "FlexContainer"
            }
        },
        "imgClose": {
            "__events__": {},
            "__info__": {
                "kuid": "j8f6d9f949dc4868a62104e0f304645d",
                "srcKUID": "bf01bae0c1c94baeb43f3af29ee1cfa4",
                "wType": "Image"
            },
            "src": "closeicon_1.png"
        },
        "lblDescription": {
            "__events__": {},
            "__info__": {
                "kuid": "hb4fdf7189f1495fb77da10d14505099",
                "srcKUID": "ea8ebac2e8ba4208b06558a3c40da87e",
                "wType": "Label"
            },
            "i18n_text": "kony.popup.signOutMessage"
        },
        "lblHeader": {
            "__events__": {},
            "__info__": {
                "kuid": "g6c0bf244b8b4bb1b1e642e4ba9a63f3",
                "srcKUID": "a91566b902264928b77a190b5bc906a4",
                "wType": "Label"
            },
            "i18n_text": "kony.popup.signOutHeader"
        },
        "popup": {
            "__events__": {},
            "__info__": {
                "isRoot": true,
                "kuid": "fb59fec035fb477d85ec36fc2780b1fc",
                "srcKUID": "a2bb82effb734f1b89211ee3fe791b40",
                "wType": "FlexContainer"
            }
        }
    },
    "enablescrolling": true,
    "id": "popup",
    "info": null,
    "iscustomlayout": false,
    "isdatareferenced": false,
    "isvisible": true,
    "kuid": "fb59fec035fb477d85ec36fc2780b1fc",
    "layouttype": 2,
    "masterType": 0,
    "name": "kony.ui.UserWidgetInstance",
    "parent": "flxPopup",
    "pf": "frmProductSelection",
    "retaincontentalignment": false,
    "retainflexpositionproperties": false,
    "retainflowhorizontalalignment": false,
    "snapgridsize": 10,
    "snaptogrid": true,
    "sourceUserWidget": "a2bb82effb734f1b89211ee3fe791b40",
    "wType": "UserWidgetInstance",
    "zindex": 11
}