{
    "@class": "com.kony.gen.viz.model.component.KVizUserWidget",
    "DNDConfig": null,
    "_children_": [],
    "_height_": {
        "type": "ref",
        "value": "preferred"
    },
    "_left_": {
        "type": "string",
        "value": "20dp"
    },
    "_margin_": [
        0,
        0,
        0,
        0
    ],
    "_orientation_": 1,
    "_padding_": [
        0,
        0,
        0,
        0
    ],
    "_percent_": true,
    "_right_": {
        "type": "string",
        "value": "0dp"
    },
    "_skin_": "s47b31ecf8a44d9e8fd7526df5fe67e0",
    "_top_": {
        "type": "string",
        "value": "0dp"
    },
    "_width_": {
        "type": "string",
        "value": "95%"
    },
    "android": {},
    "androidwearos": {},
    "areflexpropsreferenced": false,
    "autogrowmode": 1,
    "canUpdateUI": true,
    "centerx": {
        "type": "string",
        "value": "50%"
    },
    "clipbounds": false,
    "containerweight": 0,
    "dataDiffs": {
        "Roadmap": {
            "__events__": {},
            "__info__": {
                "isRoot": true,
                "kuid": "e17852f142a9465baa3e360de474f479",
                "srcKUID": "hc0b969f8808427a95b3959d06c2730b",
                "wType": "FlexContainer"
            },
            "centerX": {
                "Default": {
                    "type": "string",
                    "value": "50%"
                }
            },
            "isVisible": true,
            "left": {
                "Default": {
                    "type": "string",
                    "value": "20dp"
                }
            },
            "responsiveData": {
                "b2": {
                    "desktopweb": {
                        "top": {
                            "type": "string",
                            "value": "0dp"
                        }
                    },
                    "left": {
                        "type": "string",
                        "value": "0dp"
                    },
                    "right": {
                        "type": "string",
                        "value": "0dp"
                    },
                    "top": {
                        "type": "string",
                        "value": "20dp"
                    },
                    "width": {
                        "type": "string",
                        "value": "100%"
                    }
                },
                "b3": {
                    "left": {
                        "type": "string",
                        "value": "0dp"
                    },
                    "top": {
                        "type": "string",
                        "value": "20dp"
                    },
                    "width": {
                        "type": "string",
                        "value": "100%"
                    }
                },
                "b4": {
                    "desktopweb": {
                        "top": {
                            "type": "string",
                            "value": "20dp"
                        }
                    },
                    "top": {
                        "type": "string",
                        "value": "0dp"
                    },
                    "width": {
                        "type": "string",
                        "value": "95%"
                    }
                }
            },
            "right": {
                "Default": {
                    "type": "string",
                    "value": "0dp"
                }
            },
            "top": {
                "Default": {
                    "type": "string",
                    "value": "0dp"
                }
            },
            "width": {
                "Default": {
                    "type": "string",
                    "value": "95%"
                }
            }
        },
        "flxDropdown": {
            "__events__": {},
            "__info__": {
                "kuid": "e7c5feedbb1a428c9ebcf713b4565a4d",
                "srcKUID": "f806763a7bdf455093205d4dc03ed5b2",
                "wType": "FlexContainer"
            }
        },
        "flxHeader": {
            "__events__": {},
            "__info__": {
                "kuid": "a8efee2c9ab9435d9ff87c92c86a84a4",
                "srcKUID": "f9b0217de0304306a77bcbf557d38ea3",
                "wType": "FlexContainer"
            },
            "autogrowMode": {
                "Default": 0
            },
            "height": {
                "Default": {
                    "type": "ref",
                    "value": "preferred"
                }
            },
            "responsiveData": {
                "b4": {
                    "height": {
                        "type": "string",
                        "value": "70px"
                    }
                }
            }
        },
        "flxHeaderLabels": {
            "__events__": {},
            "__info__": {
                "kuid": "j210c19e5b9d414a8057cad4e39629c7",
                "srcKUID": "e5e29bb3a3fb4432b83b910e62a18705",
                "wType": "FlexContainer"
            },
            "left": {},
            "responsiveData": {
                "b3": {
                    "left": {
                        "type": "string",
                        "value": "6.25%"
                    }
                }
            }
        },
        "flxSegment": {
            "__events__": {},
            "__info__": {
                "kuid": "ada0a215b56f486986be1b62c4a5aa19",
                "srcKUID": "ga8e464664654966b79c789352ed11ed",
                "wType": "FlexContainer"
            },
            "isVisible": true,
            "responsiveData": {}
        },
        "imgDropdown": {
            "__events__": {},
            "__info__": {
                "kuid": "ib6e8b3687ce4ca7a815f8e61fa72058",
                "srcKUID": "i08b8f6326624dbd82f3c4d24820e838",
                "wType": "Image"
            },
            "src": "dropdowndown.png"
        },
        "lblApplicationStartDate": {
            "__events__": {},
            "__info__": {
                "kuid": "ce800ec39a7d44bb8f09c68feda79e6f",
                "srcKUID": "b27163700f6442c2af2e26f92840073a",
                "wType": "Label"
            }
        },
        "lblApplicationStatus": {
            "__events__": {},
            "__info__": {
                "kuid": "a639c9ac096849bda95e9e3633033201",
                "srcKUID": "f83585effa3d43658afa45290dcb04b8",
                "wType": "Label"
            },
            "responsiveData": {
                "b4": {
                    "width": {
                        "type": "string",
                        "value": "85%"
                    }
                }
            },
            "width": {
                "Default": {
                    "type": "string",
                    "value": "90%"
                }
            }
        },
        "lblApplicationStep": {
            "__events__": {},
            "__info__": {
                "kuid": "abc98f84e07b4ecda67861d378646c50",
                "srcKUID": "j207de8726704d1d9ca3bca2ece3d57d",
                "wType": "Label"
            }
        },
        "segSections": {
            "__events__": {},
            "__info__": {
                "kuid": "c70aa97b42314e798e4bf6f994f94bd6",
                "srcKUID": "a94b3197411841e0bb982d0e49589c1a",
                "wType": "Segment"
            },
            "left": {},
            "responsiveData": {
                "b3": {
                    "left": {
                        "type": "string",
                        "value": "5%"
                    }
                },
                "b4": {
                    "left": {
                        "type": "string",
                        "value": "10dp"
                    },
                    "right": {
                        "type": "string",
                        "value": "10dp"
                    }
                }
            },
            "right": {
                "Default": {
                    "type": "string",
                    "value": "15dp"
                }
            }
        }
    },
    "desktopweb": {},
    "enablescrolling": true,
    "id": "Roadmap",
    "info": null,
    "ipad": {},
    "iphone": {},
    "iscustomlayout": false,
    "isdatareferenced": false,
    "issegmentchild": false,
    "isvisible": true,
    "kiosk": {},
    "kuid": "e17852f142a9465baa3e360de474f479",
    "layouttype": 4,
    "masterType": 0,
    "name": "kony.ui.UserWidgetInstance",
    "parent": "flxRoadmap",
    "pf": "frmProductSelection",
    "responsiveData": {
        "b2": {
            "left": {
                "type": "string",
                "value": "0dp"
            },
            "width": null
        },
        "b3": {
            "left": {
                "type": "string",
                "value": "0dp"
            },
            "width": null
        },
        "b4": {}
    },
    "retaincontentalignment": false,
    "retainflexpositionproperties": false,
    "retainflowhorizontalalignment": false,
    "snapgridsize": 10,
    "snaptogrid": true,
    "sourceUserWidget": "hc0b969f8808427a95b3959d06c2730b",
    "spa": {},
    "spaan": {},
    "spaandroidtablet": {},
    "spabb": {},
    "spaip": {},
    "spaipad": {},
    "spamobile": {},
    "spatablet": {},
    "spawindowstablet": {},
    "spawinphone8": {},
    "tabrcandroid": {},
    "vizProps": {
        "hidewidgethierarchy": false
    },
    "wType": "UserWidgetInstance",
    "windows10": {},
    "windows8": {},
    "winphone10": {},
    "winphone8": {}
}