{
    "AS_Button_d636a37577ae4828a69dd26afdc5abfa": {
        "id": "AS_Button_d636a37577ae4828a69dd26afdc5abfa",
        "type": "ACTION_SEQUENCE",
        "params": [{
            "datatype": "collection",
            "name": "eventobject"
        }],
        "contextObj": {
            "name": "frmHome",
            "type": "forms",
            "platform": "",
            "KUID": "fdcc709de16d48298d7fc00aa3e70cbc"
        },
        "language": "js",
        "actions": [{
            "id": "INVOKE_FUNCTION___b8cfdef262624c38865f50c74d89723e",
            "type": "INVOKE_FUNCTION",
            "sequenceKUID": "toast_call",
            "display": "toast_call",
            "inputparams": [],
            "parentId": null,
            "callbackType": null,
            "disabled": null,
            "source": "controller"
        }]
    }
}