{
    "@class": "com.kony.gen.viz.model.container.KVizScrollFlexForm",
    "DNDConfig": null,
    "_margin_": [
        0,
        0,
        0,
        0
    ],
    "_orientation_": 1,
    "_padding_": [
        0,
        0,
        0,
        0
    ],
    "_percent_": true,
    "_skin_": "s4ba2a2bf5ec473ebf64740150899d5a",
    "_title_": null,
    "addWidgetsdone": false,
    "allboxes": [],
    "canUpdateUI": true,
    "children": [
        "flxReslt"
    ],
    "containerId": true,
    "containerweight": 100,
    "currentLocale": "default",
    "device": "iPhoneX",
    "displayorientation": 3,
    "enabledforidletimeout": false,
    "id": "tmpWebReslt",
    "info": null,
    "infoForSave": {
        "channel": "mobile",
        "templateType": "segments"
    },
    "initdone": false,
    "inputaccessoryviewtype": 4,
    "intransitionconfig": {
        "formTransition": "None"
    },
    "iscustomlayout": false,
    "isvisible": true,
    "kuid": "cb184d9ee0da451397021501437fe30b",
    "name": "kony.ui.Form2",
    "needappmenu": true,
    "outtransitionconfig": {
        "formTransition": "None"
    },
    "paddinginpixel": false,
    "platform": "iphone",
    "prevDevice": "iPhoneX",
    "prevPlatform": "iphone",
    "retaincontentalignment": false,
    "retainflexpositionproperties": false,
    "retainscrollposition": false,
    "shellCSS": "iOS_iPhoneX",
    "titlebar": true,
    "type": 3,
    "wType": "Form"
}