{
    "AS_FlexContainer_f7a445163cfa4df58bc46b42c259df8a": {
        "id": "AS_FlexContainer_f7a445163cfa4df58bc46b42c259df8a",
        "type": "ACTION_SEQUENCE",
        "params": [{
            "datatype": "collection",
            "name": "eventobject"
        }],
        "contextObj": {
            "type": "userwidgets",
            "KUID": "b0e4082f87f240088a4159609b5ce5af",
            "name": "userwidgetmodel"
        },
        "language": "js",
        "actions": [{
            "id": "INVOKE_FUNCTION__e593c3a72fd74794a4c840eeadf2dacd",
            "type": "INVOKE_FUNCTION",
            "sequenceKUID": "preShow",
            "display": "preShow",
            "inputparams": [],
            "parentId": null,
            "callbackType": null,
            "disabled": null,
            "source": "controller"
        }]
    }
}