{
    "AS_FlexContainer_d60e07ec6c1241cf8bb18072640fd78d": {
        "id": "AS_FlexContainer_d60e07ec6c1241cf8bb18072640fd78d",
        "type": "ACTION_SEQUENCE",
        "params": [{
            "datatype": "collection",
            "name": "eventobject"
        }],
        "contextObj": {
            "KUID": "b610b3e0582041fabe60018f11515031",
            "type": "userwidgets",
            "name": "userwidgetmodel"
        },
        "language": "js",
        "actions": [{
            "id": "ADD_SNIPPET__a5a1289996d64e5eb99c7466006bd32e",
            "type": "ADD_SNIPPET",
            "codeSnippet": " this.compPreShow(\"MM/DD/YYYY\");",
            "parentId": null
        }]
    }
}