{
    "AS_FlexContainer_bfdb057a4b9a43edb74e6b88fd600b98": {
        "id": "AS_FlexContainer_bfdb057a4b9a43edb74e6b88fd600b98",
        "type": "ACTION_SEQUENCE",
        "params": [{
            "datatype": "collection",
            "name": "eventobject"
        }],
        "contextObj": {
            "name": "userwidgetmodel",
            "type": "userwidgets",
            "KUID": "u45f4065bd9f49f89ec2fe62608083a3"
        },
        "language": "js",
        "actions": [{
            "id": "INVOKE_FUNCTION__f4a7cf49930149c2849876b6aa3767bc",
            "type": "INVOKE_FUNCTION",
            "sequenceKUID": "postShow",
            "display": "postShow",
            "inputparams": [],
            "parentId": null,
            "callbackType": null,
            "disabled": null,
            "source": "controller"
        }]
    }
}