{
    "AS_FlexContainer_d6befe2539544394a8825954ebe2b4c8": {
        "id": "AS_FlexContainer_d6befe2539544394a8825954ebe2b4c8",
        "type": "ACTION_SEQUENCE",
        "params": [{
            "datatype": "collection",
            "name": "eventobject"
        }],
        "contextObj": {
            "KUID": "u803f2b6e001435f84b4cc9d9102723f",
            "type": "userwidgets",
            "name": "userwidgetmodel"
        },
        "language": "js",
        "actions": [{
            "id": "ADD_SNIPPET__c6eef218c138450f8ff666370c63d8d2",
            "type": "ADD_SNIPPET",
            "codeSnippet": "this.initialize();",
            "parentId": null,
            "callbackType": null
        }]
    }
}