{
    "AS_FlexContainer_f4fdfe64ba1c4b7c80ad8be096b740d9": {
        "id": "AS_FlexContainer_f4fdfe64ba1c4b7c80ad8be096b740d9",
        "type": "ACTION_SEQUENCE",
        "params": [{
            "datatype": "collection",
            "name": "eventobject"
        }],
        "contextObj": {
            "name": "userwidgetmodel",
            "type": "userwidgets",
            "KUID": "u803f2b6e001435f84b4cc9d9102723f"
        },
        "language": "js",
        "actions": [{
            "id": "INVOKE_FUNCTION__h06b90607a5c488b94e623a22690f743",
            "type": "INVOKE_FUNCTION",
            "sequenceKUID": "postShow",
            "display": "postShow",
            "inputparams": [],
            "parentId": null,
            "callbackType": null,
            "disabled": null,
            "source": "controller"
        }]
    }
}