{
    "AS_FlexContainer_ae3075e27883466cae34e80a32704777": {
        "id": "AS_FlexContainer_ae3075e27883466cae34e80a32704777",
        "type": "ACTION_SEQUENCE",
        "params": [{
            "datatype": "collection",
            "name": "eventobject"
        }],
        "contextObj": {
            "type": "userwidgets",
            "KUID": "u94a4da0a2634e0ca1d094e0309d750c",
            "name": "userwidgetmodel"
        },
        "language": "js",
        "actions": [{
            "id": "INVOKE_FUNCTION__ba262c627c454887b44a155f95740b38",
            "type": "INVOKE_FUNCTION",
            "sequenceKUID": "preshow",
            "display": "preshow",
            "inputparams": [],
            "parentId": null,
            "callbackType": null,
            "disabled": null,
            "source": "controller"
        }]
    }
}