{
    "AS_FlexContainer_addf6408191b4f769b849dc68617d9c3": {
        "id": "AS_FlexContainer_addf6408191b4f769b849dc68617d9c3",
        "type": "ACTION_SEQUENCE",
        "params": [{
            "datatype": "collection",
            "name": "eventobject"
        }],
        "contextObj": {
            "KUID": "u0337430e0684ea88521ed024de40fb7",
            "type": "userwidgets",
            "name": "userwidgetmodel"
        },
        "language": "js",
        "actions": [{
            "id": "ADD_SNIPPET_c011bce85fc04dc58c4c12b5bafe540b",
            "type": "ADD_SNIPPET",
            "codeSnippet": "this.compPreShow();",
            "parentId": null
        }]
    }
}