{
    "AS_FlexContainer_h4427bf046404faf9d899324b517e3e3": {
        "id": "AS_FlexContainer_h4427bf046404faf9d899324b517e3e3",
        "type": "ACTION_SEQUENCE",
        "params": [{
            "datatype": "collection",
            "name": "eventobject"
        }],
        "contextObj": {
            "name": "userwidgetmodel",
            "type": "userwidgets",
            "KUID": "u0faa0e8194b468c8c540166726b2bbb"
        },
        "language": "js",
        "actions": [{
            "id": "ADD_SNIPPET_b2ac5e8930ec48d9993cfeadf6a7baa0",
            "type": "ADD_SNIPPET",
            "codeSnippet": "this.view.lblEnteredDateKA.accessibilityConfig = { \n\"tagName\": \"span\",\n  \"a11yARIA\": {\"tabindex\": -1}\n};",
            "parentId": null
        }]
    }
}