{
    "AS_FlexContainer_j70c4cc5c1d04c898ab6f889a52faae1": {
        "id": "AS_FlexContainer_j70c4cc5c1d04c898ab6f889a52faae1",
        "type": "ACTION_SEQUENCE",
        "params": [{
            "datatype": "collection",
            "name": "eventobject"
        }],
        "contextObj": {
            "KUID": "ub015aa576444890a4fe34d8a1df0cbf",
            "type": "userwidgets",
            "name": "userwidgetmodel"
        },
        "language": "js",
        "actions": [{
            "id": "INVOKE_FUNCTION__f3f110dbc7f346e4aaf60d96b4e55999",
            "type": "INVOKE_FUNCTION",
            "sequenceKUID": "compPreShow",
            "display": "compPreShow",
            "inputparams": [],
            "parentId": null,
            "callbackType": null,
            "disabled": null,
            "source": "controller"
        }]
    }
}