{
    "AS_FlexContainer_bca952a32f3744758c5610e556b8259f": {
        "id": "AS_FlexContainer_bca952a32f3744758c5610e556b8259f",
        "type": "ACTION_SEQUENCE",
        "params": [{
            "datatype": "collection",
            "name": "eventobject"
        }],
        "contextObj": {
            "name": "userwidgetmodel",
            "type": "userwidgets",
            "KUID": "ud329011d6564b12933ea0f3f6eaf98d"
        },
        "language": "js",
        "actions": [{
            "id": "INVOKE_FUNCTION__acc6356abcff4f81accd40c41d5dae45",
            "type": "INVOKE_FUNCTION",
            "sequenceKUID": "postShow",
            "display": "postShow",
            "inputparams": [],
            "parentId": null,
            "callbackType": null,
            "disabled": null,
            "source": "controller"
        }]
    }
}