{
    "AS_FlexContainer_af1daaec961842c0bee01685306d8eab": {
        "id": "AS_FlexContainer_af1daaec961842c0bee01685306d8eab",
        "type": "ACTION_SEQUENCE",
        "params": [{
            "datatype": "collection",
            "name": "eventobject"
        }],
        "contextObj": {
            "name": "userwidgetmodel",
            "type": "userwidgets",
            "KUID": "f916da848b4342cda0b36536bcef38a6"
        },
        "language": "js",
        "actions": [{
            "id": "INVOKE_FUNCTION__ad13a52ec68a4066830b239fb1ea9884",
            "type": "INVOKE_FUNCTION",
            "sequenceKUID": "onClickDropdownFunc",
            "display": "onClickDropdownFunc",
            "inputparams": [],
            "parentId": null,
            "callbackType": null,
            "disabled": null,
            "source": "controller"
        }]
    }
}