{
    "AS_FlexContainer_ibf464d4b3984ee281848819c0c78a61": {
        "id": "AS_FlexContainer_ibf464d4b3984ee281848819c0c78a61",
        "type": "ACTION_SEQUENCE",
        "params": [{
            "datatype": "collection",
            "name": "eventobject"
        }],
        "contextObj": {
            "KUID": "u8a6ec125b5849f1b101cb5192deae35",
            "type": "userwidgets",
            "name": "userwidgetmodel"
        },
        "language": "js",
        "actions": [{
            "id": "ADD_SNIPPET__c7e9a9da746d4b8cab4cba9706a80c43",
            "type": "ADD_SNIPPET",
            "codeSnippet": "this.showUserActions();",
            "parentId": null,
            "callbackType": null
        }]
    }
}