{
    "AS_FlexContainer_af33dba5c60143238fa829a4bdd4c775": {
        "id": "AS_FlexContainer_af33dba5c60143238fa829a4bdd4c775",
        "type": "ACTION_SEQUENCE",
        "params": [{
            "datatype": "collection",
            "name": "eventobject"
        }],
        "contextObj": {
            "KUID": "u45f4065bd9f49f89ec2fe62608083a3",
            "type": "userwidgets",
            "name": "userwidgetmodel"
        },
        "language": "js",
        "actions": [{
            "id": "ADD_SNIPPET__c6eef218c138450f8ff666370c63d8d2",
            "type": "ADD_SNIPPET",
            "codeSnippet": "this.initialize();",
            "parentId": null,
            "callbackType": null
        }]
    }
}