{
    "AS_FlexContainer_cc148cf070a1493487d8d1b7ca2577c4": {
        "id": "AS_FlexContainer_cc148cf070a1493487d8d1b7ca2577c4",
        "type": "ACTION_SEQUENCE",
        "params": [{
            "datatype": "collection",
            "name": "eventobject"
        }],
        "contextObj": {
            "KUID": "f916da848b4342cda0b36536bcef38a6",
            "type": "userwidgets",
            "name": "userwidgetmodel"
        },
        "language": "js",
        "actions": [{
            "id": "INVOKE_FUNCTION__j197578802be490eabaec3774673c731",
            "type": "INVOKE_FUNCTION",
            "sequenceKUID": "identityPreShow",
            "display": "identityPreShow",
            "inputparams": [],
            "parentId": null,
            "callbackType": null,
            "disabled": null,
            "source": "controller"
        }]
    }
}