{
    "AS_FlexContainer_f564ed0771814412af866607a029e3a2": {
        "id": "AS_FlexContainer_f564ed0771814412af866607a029e3a2",
        "type": "ACTION_SEQUENCE",
        "params": [{
            "datatype": "collection",
            "name": "eventobject"
        }],
        "contextObj": {
            "name": "userwidgetmodel",
            "type": "userwidgets",
            "KUID": "u0faa0e8194b468c8c540166726b2bbb"
        },
        "language": "js",
        "actions": [{
            "id": "INVOKE_FUNCTION__ad19438a221243c1a2439d2054e5be6a",
            "type": "INVOKE_FUNCTION",
            "sequenceKUID": null,
            "display": null,
            "inputparams": [],
            "parentId": null,
            "callbackType": null,
            "disabled": null,
            "source": "module"
        }]
    }
}