{
    "AS_FlexContainer_c252001d10cf4beeb68de5f9162ad020": {
        "id": "AS_FlexContainer_c252001d10cf4beeb68de5f9162ad020",
        "type": "ACTION_SEQUENCE",
        "params": [{
            "datatype": "collection",
            "name": "eventobject"
        }],
        "contextObj": {
            "KUID": "u0faa0e8194b468c8c540166726b2bbb",
            "type": "userwidgets",
            "name": "userwidgetmodel"
        },
        "language": "js",
        "actions": [{
            "id": "ADD_SNIPPET__a5a1289996d64e5eb99c7466006bd32e",
            "type": "ADD_SNIPPET",
            "codeSnippet": " this.compPreShow(\"MM/DD/YYYY\");",
            "parentId": null
        }]
    }
}