{
    "AS_FlexContainer_d6229083f8ee412bbb7cf75fb17ac47b": {
        "id": "AS_FlexContainer_d6229083f8ee412bbb7cf75fb17ac47b",
        "type": "ACTION_SEQUENCE",
        "params": [{
            "datatype": "collection",
            "name": "eventobject"
        }],
        "contextObj": {
            "name": "userwidgetmodel",
            "type": "userwidgets",
            "KUID": "ub015aa576444890a4fe34d8a1df0cbf"
        },
        "language": "js",
        "actions": [{
            "id": "INVOKE_FUNCTION__a739f2e86ee84af6bf95d794a715295d",
            "type": "INVOKE_FUNCTION",
            "sequenceKUID": "compPostShow",
            "display": "compPostShow",
            "inputparams": [],
            "parentId": null,
            "callbackType": null,
            "disabled": null,
            "source": "controller"
        }]
    }
}