{
    "AS_FlexContainer_b0842345be7b45529c7adb2a07d25b6e": {
        "id": "AS_FlexContainer_b0842345be7b45529c7adb2a07d25b6e",
        "type": "ACTION_SEQUENCE",
        "params": [{
            "datatype": "collection",
            "name": "eventobject"
        }],
        "contextObj": {
            "name": "userwidgetmodel",
            "type": "userwidgets",
            "KUID": "u87f19dfece040679de6f6689db0e872"
        },
        "language": "js",
        "actions": [{
            "id": "ADD_SNIPPET_cbd3900300cc435ea8eeffc311e1314d",
            "type": "ADD_SNIPPET",
            "codeSnippet": "this.view.flxButtons.accessibilityConfig = {\n        \"a11yLabel\": \"Do you want to add a co-applicant?\",\n  \"a11yARIA\":{\"tabindex\":-1}\n      };",
            "parentId": null
        }]
    }
}