{
    "AS_TextField_c0f7365c06b24aa995c4da7430e05e05": {
        "id": "AS_TextField_c0f7365c06b24aa995c4da7430e05e05",
        "type": "ACTION_SEQUENCE",
        "params": [{
            "datatype": "collection",
            "name": "eventobject"
        }],
        "contextObj": {
            "name": "userwidgetmodel",
            "type": "userwidgets",
            "KUID": "ud329011d6564b12933ea0f3f6eaf98d"
        },
        "language": "js",
        "actions": [{
            "id": "INVOKE_FUNCTION__ba2b8d09f093409dab174eeaa5160722",
            "type": "INVOKE_FUNCTION",
            "sequenceKUID": "tbxCountryKeyUp",
            "display": "tbxCountryKeyUp",
            "inputparams": [{
                "name": "evObj",
                "value": " eventobject"
            }, {
                "name": "ev",
                "value": "event\n"
            }],
            "parentId": null,
            "callbackType": null,
            "disabled": null,
            "source": "controller"
        }]
    }
}