{
    "AS_TextField_e35e051c2e9540fa8f61f1401f26de39": {
        "id": "AS_TextField_e35e051c2e9540fa8f61f1401f26de39",
        "type": "ACTION_SEQUENCE",
        "params": [{
            "datatype": "collection",
            "name": "eventobject"
        }],
        "contextObj": {
            "name": "userwidgetmodel",
            "type": "userwidgets",
            "KUID": "f916da848b4342cda0b36536bcef38a6"
        },
        "language": "js",
        "actions": [{
            "id": "INVOKE_FUNCTION__cd2b9551566643e9829ba12afdf32a27",
            "type": "INVOKE_FUNCTION",
            "sequenceKUID": "idTypeKeyUp",
            "display": "idTypeKeyUp",
            "inputparams": [{
                "name": "eveObj",
                "value": " eventobject"
            }, {
                "name": "ev",
                "value": "event"
            }],
            "parentId": null,
            "callbackType": null,
            "disabled": null,
            "source": "controller"
        }]
    }
}