{
    "AS_TextField_e490d1aadce94f68974b8ab8e9d3ec9f": {
        "id": "AS_TextField_e490d1aadce94f68974b8ab8e9d3ec9f",
        "type": "ACTION_SEQUENCE",
        "params": [{
            "datatype": "collection",
            "name": "eventobject"
        }],
        "contextObj": {
            "name": "userwidgetmodel",
            "type": "userwidgets",
            "KUID": "ud329011d6564b12933ea0f3f6eaf98d"
        },
        "language": "js",
        "actions": [{
            "id": "INVOKE_FUNCTION__a138e65e0fef49b5825fae2b9e267ef4",
            "type": "INVOKE_FUNCTION",
            "sequenceKUID": "tbxStateKeyUp",
            "display": "tbxStateKeyUp",
            "inputparams": [{
                "name": "evObj",
                "value": " eventobject"
            }, {
                "name": "ev",
                "value": "event"
            }],
            "parentId": null,
            "callbackType": null,
            "disabled": null,
            "source": "controller"
        }]
    }
}