{
    "AS_TextField_h49cbf7b7e4a48efa4275e8ad22d605c": {
        "id": "AS_TextField_h49cbf7b7e4a48efa4275e8ad22d605c",
        "type": "ACTION_SEQUENCE",
        "params": [{
            "datatype": "collection",
            "name": "eventobject"
        }],
        "contextObj": {
            "name": "userwidgetmodel",
            "type": "userwidgets",
            "KUID": "ub015aa576444890a4fe34d8a1df0cbf"
        },
        "language": "js",
        "actions": [{
            "id": "INVOKE_FUNCTION__bae12ed9ad3247349dab5d6e2f633a14",
            "type": "INVOKE_FUNCTION",
            "sequenceKUID": "tbxKeyUp",
            "display": "tbxKeyUp",
            "inputparams": [{
                "name": "evObj",
                "value": " eventobject"
            }, {
                "name": "ev",
                "value": "event"
            }],
            "parentId": null,
            "callbackType": null,
            "disabled": null,
            "source": "controller"
        }]
    }
}