{
    "@class": "com.kony.gen.viz.model.container.KVizScrollFlexForm",
    "DNDConfig": null,
    "_margin_": [
        0,
        0,
        0,
        0
    ],
    "_orientation_": 1,
    "_padding_": [
        0,
        0,
        0,
        0
    ],
    "_percent_": true,
    "_skin_": "s1452454240d445bac5d0ab8e98b2195",
    "_title_": null,
    "addWidgetsdone": false,
    "allboxes": [],
    "canUpdateUI": true,
    "canvasWidth": 1200,
    "children": [
        "CopyflxAddressList"
    ],
    "containerId": true,
    "containerweight": 100,
    "currentLocale": "default",
    "device": "desktopweb",
    "displayorientation": 3,
    "enabledforidletimeout": false,
    "id": "CopysegAddressList",
    "info": null,
    "initdone": false,
    "inputaccessoryviewtype": 4,
    "intransitionconfig": {
        "formTransition": "None"
    },
    "iscustomlayout": false,
    "isvisible": true,
    "kuid": "ga4d97abe5f34a4198d494e9f0b824b6",
    "name": "kony.ui.Form2",
    "needappmenu": true,
    "outtransitionconfig": {
        "formTransition": "None"
    },
    "paddinginpixel": false,
    "platform": "desktopweb",
    "prevDevice": "desktopweb",
    "prevPlatform": "desktopweb",
    "retaincontentalignment": false,
    "retainflexpositionproperties": false,
    "retainscrollposition": false,
    "shellCSS": "desktop",
    "titlebar": true,
    "type": 3,
    "wType": "Form"
}