{
    "AS_Button_d6f838cabebd4c66b6503997404300ef": {
        "id": "AS_Button_d6f838cabebd4c66b6503997404300ef",
        "type": "ACTION_SEQUENCE",
        "params": [{
            "datatype": "collection",
            "name": "eventobject"
        }],
        "contextObj": {
            "name": "Form1",
            "type": "forms",
            "platform": "",
            "KUID": "fdcc709de16d48298d7fc00aa3e70cbc"
        },
        "language": "js",
        "actions": [{
            "id": "INVOKE_FUNCTION___g37cb6150796467c8f1bf6ac307e7f01",
            "type": "INVOKE_FUNCTION",
            "sequenceKUID": "toast_call_middle",
            "display": "toast_call_middle",
            "inputparams": [],
            "parentId": null,
            "callbackType": null,
            "disabled": null,
            "source": "controller"
        }]
    }
}