{
    "AS_Button_cc953626df3844709cb06d64e300e421": {
        "id": "AS_Button_cc953626df3844709cb06d64e300e421",
        "type": "ACTION_SEQUENCE",
        "params": [{
            "datatype": "collection",
            "name": "eventobject"
        }],
        "contextObj": {
            "name": "Form1",
            "type": "forms",
            "platform": null,
            "KUID": "fdcc709de16d48298d7fc00aa3e70cbc"
        },
        "language": "js",
        "actions": [{
            "id": "INVOKE_FUNCTION___e7b25a3665764c51aa90d546305fbb5a",
            "type": "INVOKE_FUNCTION",
            "sequenceKUID": "toast_call",
            "display": "toast_call",
            "inputparams": [],
            "parentId": null,
            "callbackType": null,
            "disabled": null,
            "source": "controller"
        }]
    }
}