{
    "AS_Button_g7c798868cce4c47b48d6c6c2915fa05": {
        "id": "AS_Button_g7c798868cce4c47b48d6c6c2915fa05",
        "type": "ACTION_SEQUENCE",
        "params": [{
            "datatype": "collection",
            "name": "eventobject"
        }],
        "contextObj": {
            "name": "Form1",
            "type": "forms",
            "platform": "",
            "KUID": "fdcc709de16d48298d7fc00aa3e70cbc"
        },
        "language": "js",
        "actions": [{
            "id": "INVOKE_FUNCTION___f970ba1f261e45fd870a694f2e1fd594",
            "type": "INVOKE_FUNCTION",
            "sequenceKUID": "toast_call_bottom",
            "display": "toast_call_bottom",
            "inputparams": [],
            "parentId": null,
            "callbackType": null,
            "disabled": null,
            "source": "controller"
        }]
    }
}