{
    "AS_Button_a228f6bbbc634509b598560490fd8783": {
        "id": "AS_Button_a228f6bbbc634509b598560490fd8783",
        "type": "ACTION_SEQUENCE",
        "params": [{
            "datatype": "collection",
            "name": "eventobject"
        }],
        "contextObj": {
            "name": "Form1",
            "type": "forms",
            "platform": "",
            "KUID": "fdcc709de16d48298d7fc00aa3e70cbc"
        },
        "language": "js",
        "actions": [{
            "id": "INVOKE_FUNCTION___iac99884eaa545809141193eb46a30ca",
            "type": "INVOKE_FUNCTION",
            "sequenceKUID": "toast_call_top",
            "display": "toast_call_top",
            "inputparams": [],
            "parentId": null,
            "callbackType": null,
            "disabled": null,
            "source": "controller"
        }]
    }
}