{
    "AS_FlexContainer_ec1942a93d4341679afb9a4994c77150": {
        "id": "AS_FlexContainer_ec1942a93d4341679afb9a4994c77150",
        "type": "ACTION_SEQUENCE",
        "params": [{
            "datatype": "collection",
            "name": "eventobject"
        }],
        "contextObj": {
            "name": "userwidgetmodel",
            "type": "userwidgets",
            "KUID": "u693d8f4b44d463eac2ae6766d3bd5f6"
        },
        "language": "js",
        "actions": [{
            "id": "INVOKE_FUNCTION__gea802ef38704e95a23cd2b2e9557d4d",
            "type": "INVOKE_FUNCTION",
            "sequenceKUID": "onClickFunc",
            "display": "onClickFunc",
            "inputparams": [],
            "parentId": null,
            "callbackType": null,
            "disabled": null,
            "source": "controller"
        }]
    }
}