{
    "AS_NativeContainer_ad7b9e891ea54ff0a0ecd1e6b8da158e": {
        "id": "AS_NativeContainer_ad7b9e891ea54ff0a0ecd1e6b8da158e",
        "type": "ACTION_SEQUENCE",
        "params": [{
            "datatype": "collection",
            "name": "eventobject"
        }],
        "contextObj": {
            "name": "userwidgetmodel",
            "type": "userwidgets",
            "KUID": "u693d8f4b44d463eac2ae6766d3bd5f6"
        },
        "language": "js",
        "actions": [{
            "id": "INVOKE_FUNCTION__a6fd17ecf2c14876baafbdef85a26735",
            "type": "INVOKE_FUNCTION",
            "sequenceKUID": "createLottiView",
            "display": "createLottiView",
            "inputparams": [{
                "name": "eventObj",
                "value": " eventobject"
            }],
            "parentId": null,
            "callbackType": null,
            "disabled": null,
            "source": "controller"
        }]
    }
}