{
    "AS_NativeContainer_c6266c65e79a40ee865c7f23549a6c18": {
        "id": "AS_NativeContainer_c6266c65e79a40ee865c7f23549a6c18",
        "type": "ACTION_SEQUENCE",
        "params": [{
            "datatype": "collection",
            "name": "eventobject"
        }],
        "contextObj": {
            "name": "userwidgetmodel",
            "type": "userwidgets",
            "KUID": "u693d8f4b44d463eac2ae6766d3bd5f6"
        },
        "language": "js",
        "actions": [{
            "id": "INVOKE_FUNCTION__a527a0c8f51145cf8d168016501a6f34",
            "type": "INVOKE_FUNCTION",
            "sequenceKUID": "onCleanUpFunc",
            "display": "onCleanUpFunc",
            "inputparams": [{
                "name": "eventObj",
                "value": " eventobject"
            }],
            "parentId": null,
            "callbackType": null,
            "disabled": null,
            "source": "controller"
        }]
    }
}