{
    "AS_NativeContainer_e687e937058442fa9c85f75ddb5a6c05": {
        "id": "AS_NativeContainer_e687e937058442fa9c85f75ddb5a6c05",
        "type": "ACTION_SEQUENCE",
        "params": [{
            "datatype": "collection",
            "name": "eventobject"
        }],
        "contextObj": {
            "name": "userwidgetmodel",
            "type": "userwidgets",
            "KUID": "u693d8f4b44d463eac2ae6766d3bd5f6"
        },
        "language": "js",
        "actions": [{
            "id": "INVOKE_FUNCTION__c4e75e1fac204631842de84390aef606",
            "type": "INVOKE_FUNCTION",
            "sequenceKUID": "onLayoutSubviewsFunc",
            "display": "onLayoutSubviewsFunc",
            "inputparams": [{
                "name": "eventObj",
                "value": " eventobject"
            }],
            "parentId": null,
            "callbackType": null,
            "disabled": null,
            "source": "controller"
        }]
    }
}