{
    "@class": "com.kony.gen.viz.model.component.KVizButton",
    "DNDConfig": null,
    "__parentReadjusting__": false,
    "_height_": {
        "type": "string",
        "value": "50dp"
    },
    "_left_": {
        "type": "string",
        "value": "9.18%"
    },
    "_margin_": [
        6,
        6,
        6,
        6
    ],
    "_padding_": [
        0,
        0,
        0,
        0
    ],
    "_skin_": "s2805c26f11642ef8ffa70528b15540f",
    "_text_": "Decrypt the text (Asymmetric)",
    "_top_": {
        "type": "string",
        "value": "70.48%"
    },
    "_width_": {
        "type": "string",
        "value": "300dp"
    },
    "canUpdateUI": true,
    "containerweight": 100,
    "contentalignment": 5,
    "displaytext": true,
    "focusskin": "scd37b5b06434866b8dda6e042194bd6",
    "id": "btnAsymmetricDecrypt",
    "info": null,
    "iscustomlayout": false,
    "isvisible": true,
    "kuid": "b3db74bb32a245058807948e985642d0",
    "name": "kony.ui.Button",
    "onclick": "AS_Button_ad719039395e48ebb2107d475cbcfd19",
    "parent": "flxAsymmetricEncryptDecrypt",
    "pf": "frmAsymmetric",
    "retaincontentalignment": false,
    "retainflexpositionproperties": false,
    "wType": "Button",
    "zindex": 1
}