{
    "@class": "com.kony.gen.viz.model.component.KVizButton",
    "DNDConfig": null,
    "__parentReadjusting__": false,
    "_height_": {
        "type": "string",
        "value": "50dp"
    },
    "_left_": {
        "type": "string",
        "value": "9.24%"
    },
    "_margin_": [
        6,
        6,
        6,
        6
    ],
    "_padding_": [
        0,
        0,
        0,
        0
    ],
    "_skin_": "s3f0064c75784bdc9b712651f2ce7aaf",
    "_text_": "Encrypt the text (Asymmetric)",
    "_top_": {
        "type": "string",
        "value": "46.09%"
    },
    "_width_": {
        "type": "string",
        "value": "300dp"
    },
    "canUpdateUI": true,
    "containerweight": 100,
    "contentalignment": 5,
    "displaytext": true,
    "focusskin": "scd37b5b06434866b8dda6e042194bd6",
    "id": "btnAsymmmetricEncrypt",
    "info": null,
    "iscustomlayout": false,
    "isvisible": true,
    "kuid": "i78a38f8f3314a3f8c6a41e781adcb31",
    "name": "kony.ui.Button",
    "onclick": "AS_Button_c537311da5b14de39a2e52378e88ec93",
    "parent": "flxAsymmetricEncryptDecrypt",
    "pf": "frmAsymmetric",
    "retaincontentalignment": false,
    "retainflexpositionproperties": false,
    "wType": "Button",
    "zindex": 1
}