{
    "@class": "com.kony.gen.viz.model.component.KVizButton",
    "DNDConfig": null,
    "__parentReadjusting__": false,
    "_height_": {
        "type": "string",
        "value": "50dp"
    },
    "_left_": {
        "type": "string",
        "value": "10%"
    },
    "_margin_": [
        6,
        6,
        6,
        6
    ],
    "_padding_": [
        0,
        0,
        0,
        0
    ],
    "_skin_": "s3c368f0bd7c45d5b32457ecb7449ca9",
    "_text_": "Generate Asymmetric Key Pair",
    "_top_": {
        "type": "string",
        "value": "5%"
    },
    "_width_": {
        "type": "string",
        "value": "300dp"
    },
    "canUpdateUI": true,
    "containerweight": 100,
    "contentalignment": 5,
    "displaytext": true,
    "focusskin": "scd37b5b06434866b8dda6e042194bd6",
    "id": "btnGenerateAsymmetric",
    "info": null,
    "iscustomlayout": false,
    "isvisible": true,
    "kuid": "b03f81efd1b04457bc45b726d3ee6fe6",
    "name": "kony.ui.Button",
    "onclick": "AS_Button_ce1d2941d13540ee9f22858f2bf8c581",
    "parent": "flxBody",
    "pf": "frmAsymmetric",
    "retaincontentalignment": false,
    "retainflexpositionproperties": false,
    "wType": "Button",
    "zindex": 1
}