{
    "@class": "com.kony.gen.viz.model.component.KVizButton",
    "DNDConfig": null,
    "__parentReadjusting__": false,
    "_height_": {
        "type": "string",
        "value": "50dp"
    },
    "_left_": {
        "type": "string",
        "value": "10.06%"
    },
    "_margin_": [
        6,
        6,
        6,
        6
    ],
    "_padding_": [
        0,
        0,
        0,
        0
    ],
    "_skin_": "s496cb56f0a745a7a37652b3087f67a5",
    "_text_": "Retrieve Asymmetric Public Key",
    "_top_": {
        "type": "string",
        "value": "58.90%"
    },
    "_width_": {
        "type": "string",
        "value": "300dp"
    },
    "canUpdateUI": true,
    "containerweight": 100,
    "contentalignment": 5,
    "displaytext": true,
    "focusskin": "scd37b5b06434866b8dda6e042194bd6",
    "id": "btnRetrievePublicKey",
    "info": null,
    "iscustomlayout": false,
    "isvisible": true,
    "kuid": "a48ba84bd2e84f2c831a23290bc325c0",
    "name": "kony.ui.Button",
    "onclick": "AS_Button_g6d02cc8cbb74f1fa8940210ba277a81",
    "parent": "flxBody",
    "pf": "frmAsymmetric",
    "retaincontentalignment": false,
    "retainflexpositionproperties": false,
    "wType": "Button",
    "zindex": 1
}