{
    "@class": "com.kony.gen.viz.model.component.KVizTextBox2",
    "DNDConfig": null,
    "__parentReadjusting__": false,
    "_height_": {
        "type": "string",
        "value": "40dp"
    },
    "_left_": {
        "type": "string",
        "value": "9.16%"
    },
    "_margin_": [
        0,
        0,
        0,
        0
    ],
    "_padding_": [
        3,
        0,
        0,
        0
    ],
    "_placeholder_": "Enter any text",
    "_skin_": "scb4c4f76c124dc3840c00dc50ba5ead",
    "_text_": "",
    "_top_": {
        "type": "string",
        "value": "15.32%"
    },
    "_width_": {
        "type": "string",
        "value": "300dp"
    },
    "autocapitalize": "none",
    "autocomplete": false,
    "autocorrect": false,
    "autofilter": false,
    "canUpdateUI": true,
    "containerheight": "",
    "containerheightmode": 1,
    "containerweight": 100,
    "contentalignment": 4,
    "focusskin": "sd67dc3f63444bf798cd15d8454388f0",
    "id": "tbxasyencrypt",
    "info": null,
    "iscustomlayout": false,
    "isvisible": true,
    "keyboardtype": "A",
    "kuid": "ee32f77100b140aab521b90e101e26c7",
    "mode": "A",
    "name": "kony.ui.TextBox2",
    "parent": "flxAsymmetricEncryptDecrypt",
    "pf": "frmAsymmetric",
    "placeholderskin": "s7950803d8d14265ab2e10f19612881b",
    "retaincontentalignment": false,
    "retainflexpositionproperties": false,
    "securetextentry": false,
    "textinputmode": "A",
    "tooltip": "",
    "viewtype": "default",
    "wType": "TextField",
    "zindex": 1
}