{
    "@class": "com.kony.gen.viz.model.component.KVizButton",
    "DNDConfig": null,
    "_height_": {
        "type": "string",
        "value": "50dp"
    },
    "_left_": {
        "type": "string",
        "value": "10%"
    },
    "_margin_": [
        6,
        6,
        6,
        6
    ],
    "_padding_": [
        0,
        0,
        0,
        0
    ],
    "_skin_": "s5b784326f6544d8ac820efe7aff9209",
    "_text_": "Sign In",
    "_top_": {
        "type": "string",
        "value": "75%"
    },
    "_width_": {
        "type": "string",
        "value": "153dp"
    },
    "canUpdateUI": true,
    "containerweight": 100,
    "contentalignment": 5,
    "disabledSkins": {
        "focusSkin": "sb5946322d75423698c7fc5b51f19e16"
    },
    "displaytext": true,
    "id": "btnSignin",
    "ide_onClick": "AS_Button_fde6487d232640229eb460b2a551e59b",
    "info": null,
    "iscustomlayout": false,
    "isvisible": true,
    "kuid": "fd21dd65175c44d0867ba490044a6efc",
    "name": "kony.ui.Button",
    "parent": "Form3",
    "pf": "Form3",
    "retaincontentalignment": false,
    "retainflexpositionproperties": false,
    "wType": "Button",
    "zindex": 4
}