{
    "@class": "com.kony.gen.viz.model.component.KVizUserWidget",
    "DNDConfig": null,
    "_children_": [],
    "_height_": {
        "type": "string",
        "value": "60%"
    },
    "_left_": {
        "type": "string",
        "value": "-30%"
    },
    "_margin_": [
        0,
        0,
        0,
        0
    ],
    "_orientation_": 1,
    "_padding_": [
        0,
        0,
        0,
        0
    ],
    "_percent_": true,
    "_skin_": "sf7c0ac46c954271bd33e05005b71b91",
    "_top_": {
        "type": "string",
        "value": "20%"
    },
    "_width_": {
        "type": "string",
        "value": "150%"
    },
    "canUpdateUI": true,
    "containerweight": 0,
    "data": {
        "loop": 1000,
        "source": "https://assets3.lottiefiles.com/packages/lf20_ex6pbxhe.json"
    },
    "id": "SignoutLeaves",
    "info": null,
    "iscustomlayout": false,
    "isvisible": true,
    "kuid": "bcfa2c22ae3d4dd48b0f398d2aa67e43",
    "masterType": 1,
    "name": "kony.ui.UserWidgetInstance",
    "parent": "Form3",
    "pf": "Form3",
    "retaincontentalignment": false,
    "retainflexpositionproperties": false,
    "retainflowhorizontalalignment": false,
    "sourceUserWidget": "gb1376f12b1a4d8698d34d53fade3cc7",
    "vizProps": {
        "lock": true
    },
    "wType": "UserWidgetInstance",
    "zindex": 2
}