{
    "@class": "com.kony.gen.viz.model.component.KVizUserWidget",
    "DNDConfig": null,
    "_children_": [],
    "_height_": {
        "type": "string",
        "value": "65%"
    },
    "_left_": {
        "type": "string",
        "value": "10dp"
    },
    "_margin_": [
        0,
        0,
        0,
        0
    ],
    "_orientation_": 1,
    "_padding_": [
        0,
        0,
        0,
        0
    ],
    "_percent_": true,
    "_skin_": "sf7c0ac46c954271bd33e05005b71b91",
    "_top_": {
        "type": "string",
        "value": "35%"
    },
    "_width_": {
        "type": "string",
        "value": "94.20%"
    },
    "canUpdateUI": true,
    "containerweight": 0,
    "data": {
        "source": "https://assets3.lottiefiles.com/packages/lf20_pmeekjqk.json"
    },
    "id": "Signoutman",
    "info": null,
    "iscustomlayout": false,
    "isvisible": true,
    "kuid": "d720fe3a17dd4726ac99984248f21e9f",
    "masterType": 1,
    "name": "kony.ui.UserWidgetInstance",
    "parent": "Form3",
    "pf": "Form3",
    "retaincontentalignment": false,
    "retainflexpositionproperties": false,
    "retainflowhorizontalalignment": false,
    "sourceUserWidget": "gb1376f12b1a4d8698d34d53fade3cc7",
    "vizProps": {
        "lock": true
    },
    "wType": "UserWidgetInstance"
}