{
  "android": {
    "font_name": "default",
    "font_size": 142,
    "isForked": true
  },
  "background_color": "00000000",
  "bg_type": "one",
  "border_color": "424242ff",
  "border_style": "plain",
  "border_type": 0,
  "border_width": 0,
  "delinkedPltfrms": {
    "desktop": [],
    "mobile": [
      "android",
      "spaan",
      "spaip",
      "iphone"
    ],
    "tablet": [],
    "watch": []
  },
  "desktopweb": {
    "font_size": 120,
    "isForked": false
  },
  "fontSizeInPx": false,
  "font_color": "ffffffff",
  "font_name": "Helvetica",
  "font_size": 120,
  "font_style": "normal",
  "font_weight": "normal",
  "ipad": {
    "font_size": 120,
    "isForked": false
  },
  "iphone": {
    "font_color": "000000ff",
    "font_name": "Arial-BoldMT",
    "font_size": 150,
    "isForked": true
  },
  "isDefaultSkin": false,
  "kiosk": {
    "font_size": 120,
    "isForked": false
  },
  "kuid": "s7a841dab08e4a018f7b6a9ac5313019",
  "spaan": {
    "font_name": "Helvetica",
    "font_size": 120,
    "isForked": true
  },
  "spaandroidtablet": {
    "font_size": 120,
    "isForked": false
  },
  "spabb": {
    "font_size": 120,
    "isForked": false
  },
  "spaip": {
    "font_size": 145,
    "isForked": true
  },
  "spaipad": {
    "font_size": 120,
    "isForked": false
  },
  "spawindowstablet": {
    "font_size": 120,
    "isForked": false
  },
  "spawinphone8": {
    "font_size": 120,
    "isForked": false
  },
  "tabrcandroid": {
    "font_size": 120,
    "isForked": false
  },
  "wType": "Label",
  "watchos": {
    "font_size": 120,
    "isForked": false
  },
  "windows8": {
    "font_size": 120,
    "isForked": false
  },
  "winphone8": {
    "font_size": 120,
    "isForked": false
  }
}