{
    "@class": "com.kony.gen.viz.model.component.KVizUserWidget",
    "DNDConfig": null,
    "_children_": [],
    "_height_": {
        "type": "string",
        "value": "150dp"
    },
    "_left_": {
        "type": "string",
        "value": "0%"
    },
    "_margin_": [
        0,
        0,
        0,
        0
    ],
    "_orientation_": 1,
    "_padding_": [
        0,
        0,
        0,
        0
    ],
    "_percent_": true,
    "_skin_": "s04caf1d22ba4135af1acb3c13ba1f0d",
    "_top_": {
        "type": "string",
        "value": "0dp"
    },
    "_width_": {
        "type": "string",
        "value": "100%"
    },
    "android": {},
    "androidwearos": {},
    "areflexpropsreferenced": false,
    "autogrowmode": 0,
    "canUpdateUI": true,
    "clipbounds": true,
    "containerweight": 0,
    "dataDiffs": {
        "FlexGroup0i041ec2316494d": {
            "__events__": {},
            "__info__": {
                "kuid": "d622e647a75e42a6b41c8ac1bdf32e13",
                "srcKUID": "e2ed998158284f74bc28cd83a77d27a4",
                "wType": "FlexContainer"
            }
        },
        "btnContactUs": {
            "__events__": {},
            "__info__": {
                "kuid": "eb7964a842784a9eb9c4b3e9197b7990",
                "srcKUID": "ecc25bc7153f457ab1ba632ef717cd45",
                "wType": "Button"
            },
            "left": {
                "Default": {
                    "type": "string",
                    "value": "10dp"
                }
            },
            "responsiveData": {}
        },
        "btnFaqs": {
            "__events__": {},
            "__info__": {
                "kuid": "e6e51d2851964ba2a25752b139fca731",
                "srcKUID": "b944dd400d92446cac05298aa3a9c3ac",
                "wType": "Button"
            }
        },
        "btnPrivacy": {
            "__events__": {},
            "__info__": {
                "kuid": "a403dfd0eb6b42da9421b5c35a0d6024",
                "srcKUID": "fe75665892ee4a40970c4666de147ae2",
                "wType": "Button"
            }
        },
        "btnTermsAndConditions": {
            "__events__": {},
            "__info__": {
                "kuid": "f13ffa9341484160afd56f7e40f70dc4",
                "srcKUID": "a9613de4c0cb40d0afdd09fc05d3dc16",
                "wType": "Button"
            }
        },
        "customfooter": {
            "__events__": {},
            "__info__": {
                "isRoot": true,
                "kuid": "ccca9bff9d874d1cb884c69840ee5504",
                "srcKUID": "fa97e826f07b4e11b7b2f05a53498e1b",
                "wType": "FlexContainer"
            },
            "bottom": {
                "Default": {
                    "type": "string",
                    "value": ""
                }
            },
            "centerX": {
                "Default": {
                    "type": "string",
                    "value": ""
                }
            },
            "centerY": {
                "Default": {
                    "type": "string",
                    "value": ""
                }
            },
            "left": {
                "Default": {
                    "type": "string",
                    "value": "0%"
                }
            },
            "responsiveData": {},
            "right": {
                "Default": {
                    "type": "string",
                    "value": ""
                }
            },
            "top": {
                "Default": {
                    "type": "string",
                    "value": "0dp"
                }
            },
            "width": {
                "Default": {
                    "type": "string",
                    "value": "100%"
                }
            }
        },
        "flxDesktopLinks": {
            "__events__": {},
            "__info__": {
                "kuid": "d06fa7b8aae94e0bb1beb97ce4d80935",
                "srcKUID": "cfde8141a51d4ceeba0f08c4b6baa1e4",
                "wType": "FlexContainer"
            }
        },
        "flxFooterMain": {
            "__events__": {},
            "__info__": {
                "kuid": "f1535092235f4af0b918ce72280ed7dd",
                "srcKUID": "b6fca0aa0dc34bb5b0740d14b9bd5996",
                "wType": "FlexContainer"
            },
            "responsiveConfig": {
                "desktop": {
                    "offset": {
                        "b1": 0,
                        "b2": 0,
                        "b3": 0
                    },
                    "span": {
                        "b1": 12,
                        "b2": 12,
                        "b3": 12
                    }
                }
            }
        },
        "flxVBar2": {
            "__events__": {},
            "__info__": {
                "kuid": "d100df6f851849bdb37048ad3fd40406",
                "srcKUID": "a0d2718b24fe44de91b15f2e637a8e2d",
                "wType": "FlexContainer"
            }
        },
        "flxVBar3": {
            "__events__": {},
            "__info__": {
                "kuid": "ba1ffd94315948f58c65f1eb04493055",
                "srcKUID": "ae43b076561248bfae9a405e4e555487",
                "wType": "FlexContainer"
            }
        },
        "flxVBar4": {
            "__events__": {},
            "__info__": {
                "kuid": "f4fb987022ff4fefb03426d9e6c0615f",
                "srcKUID": "cf28e38a18f048a390e3daad3458ffda",
                "wType": "FlexContainer"
            }
        },
        "lblCopyright": {
            "__events__": {},
            "__info__": {
                "kuid": "a0f0824f5370437eaf251435b4a36904",
                "srcKUID": "ee2d73ee228d46d0978a62aae45e4cda",
                "wType": "Label"
            },
            "left": {
                "Default": {
                    "type": "string",
                    "value": "10dp"
                }
            },
            "responsiveData": {}
        }
    },
    "desktopweb": {
        "render": true
    },
    "enablescrolling": true,
    "id": "customfooter",
    "info": null,
    "ipad": {},
    "iphone": {},
    "isdatareferenced": true,
    "issegmentchild": false,
    "isvisible": true,
    "kiosk": {
        "render": true
    },
    "kuid": "ccca9bff9d874d1cb884c69840ee5504",
    "layouttype": 5,
    "masterType": 0,
    "maxwidth": {
        "type": "string",
        "value": "1200px"
    },
    "name": "kony.ui.UserWidgetInstance",
    "parent": "flxFooter",
    "pf": "frmPersonalInfod",
    "responsiveData": {},
    "snapgridsize": 10,
    "snaptogrid": true,
    "sourceUserWidget": "fa97e826f07b4e11b7b2f05a53498e1b",
    "spa": {},
    "spaan": {},
    "spaandroidtablet": {},
    "spabb": {},
    "spaip": {},
    "spaipad": {},
    "spamobile": {},
    "spatablet": {},
    "spawindowstablet": {},
    "spawinphone8": {},
    "tabrcandroid": {},
    "vizProps": {
        "hidewidgethierarchy": false
    },
    "wType": "UserWidgetInstance",
    "windows10": {},
    "windows8": {},
    "winphone10": {},
    "winphone8": {}
}