{
    "DNDConfig": null,
    "_height_": {
        "type": "ref",
        "value": "preferred"
    },
    "_left_": {
        "type": "string",
        "value": "0dp"
    },
    "_margin_": [
        0,
        0,
        0,
        0
    ],
    "_orientation_": 6,
    "_padding_": [
        0,
        0,
        0,
        0
    ],
    "_percent_": true,
    "_skin_": "s04caf1d22ba4135af1acb3c13ba1f0d",
    "_top_": {
        "type": "string",
        "value": "0dp"
    },
    "_width_": {
        "type": "string",
        "value": "100%"
    },
    "allboxes": [],
    "autogrowmode": 1,
    "canUpdateUI": true,
    "children": [
        "flxTitle",
        "flxContent"
    ],
    "clipbounds": false,
    "containerweight": 100,
    "enablescrolling": true,
    "id": "f1",
    "info": null,
    "iscustomlayout": false,
    "isvisible": true,
    "kuid": "c8fa9afa379249e9a81eba1e71c94ead",
    "layouttype": 2,
    "name": "kony.ui.FlexContainer",
    "parent": "flxWrapper",
    "pf": "frmPersonalInfod",
    "responsiveconfig": {
        "offset": {
            "b1": 0,
            "b2": 0,
            "b3": 0
        },
        "span": {
            "b1": 8,
            "b2": 12,
            "b3": 12
        }
    },
    "retaincontentalignment": false,
    "retainflexpositionproperties": false,
    "retainflowhorizontalalignment": false,
    "snapgridsize": 10,
    "snaptogrid": true,
    "wType": "FlexContainer",
    "widgetalignment": 1,
    "zindex": 1
}