{
    "DNDConfig": null,
    "_height_": {
        "type": "ref",
        "value": "preferred"
    },
    "_left_": {
        "type": "string",
        "value": "0dp"
    },
    "_margin_": [
        0,
        0,
        0,
        0
    ],
    "_orientation_": 6,
    "_padding_": [
        0,
        0,
        0,
        0
    ],
    "_percent_": true,
    "_skin_": "s04caf1d22ba4135af1acb3c13ba1f0d",
    "_top_": {
        "type": "string",
        "value": "20dp"
    },
    "_width_": {
        "type": "string",
        "value": "1366dp"
    },
    "allboxes": [],
    "autogrowmode": 1,
    "canUpdateUI": true,
    "centerx": {
        "type": "string",
        "value": "50%"
    },
    "children": [
        "f2"
    ],
    "clipbounds": false,
    "containerweight": 100,
    "desktopweb": {
        "render": true
    },
    "enablescrolling": true,
    "id": "flxContentProcedure",
    "info": null,
    "iscustomlayout": false,
    "isvisible": true,
    "kiosk": {
        "render": false
    },
    "kuid": "d5178919587f414692c8d3d98a98cf96",
    "layouttype": 5,
    "name": "kony.ui.FlexContainer",
    "parent": "flxMain",
    "pf": "frmPersonalInfod",
    "responsiveData": {
        "b1": {
            "width": {
                "type": "string",
                "value": "100%"
            }
        },
        "b2": {
            "width": {
                "type": "string",
                "value": "100%"
            }
        },
        "b3": {
            "width": {
                "type": "string",
                "value": "100%"
            }
        }
    },
    "retaincontentalignment": false,
    "retainflexpositionproperties": false,
    "snapgridsize": 10,
    "snaptogrid": true,
    "wType": "FlexContainer",
    "widgetalignment": 1,
    "zindex": 1
}