{
    "DNDConfig": null,
    "_height_": {
        "type": "ref",
        "value": "preferred"
    },
    "_left_": {
        "type": "string",
        "value": "0dp"
    },
    "_margin_": [
        0,
        0,
        0,
        0
    ],
    "_orientation_": 6,
    "_padding_": [
        0,
        0,
        0,
        0
    ],
    "_percent_": true,
    "_skin_": "s04caf1d22ba4135af1acb3c13ba1f0d",
    "_top_": {
        "type": "string",
        "value": "0dp"
    },
    "_width_": {
        "type": "string",
        "value": "100%"
    },
    "allboxes": [],
    "autogrowmode": 1,
    "canUpdateUI": true,
    "children": [
        "customfooter"
    ],
    "clipbounds": true,
    "containerweight": 100,
    "enablescrolling": true,
    "id": "flxFooter",
    "info": null,
    "iscustomlayout": false,
    "isvisible": true,
    "kuid": "efcadceed4d44408b16661723ac942e8",
    "layouttype": 2,
    "name": "kony.ui.FlexContainer",
    "parent": "flxMainScroll",
    "pf": "frmPersonalInfod",
    "responsiveData": {
        "b3": {}
    },
    "responsiveconfig": {
        "offset": {
            "b1": 1,
            "b2": 1,
            "b3": 0
        },
        "span": {
            "b1": 10,
            "b2": 10,
            "b3": 12
        }
    },
    "retaincontentalignment": false,
    "retainflexpositionproperties": false,
    "snapgridsize": 10,
    "snaptogrid": true,
    "wType": "FlexContainer",
    "widgetalignment": 1,
    "zindex": 1
}