{
    "DNDConfig": null,
    "_height_": {
        "type": "ref",
        "value": "preferred"
    },
    "_left_": {
        "type": "string",
        "value": "0dp"
    },
    "_margin_": [
        0,
        0,
        0,
        0
    ],
    "_orientation_": 6,
    "_padding_": [
        0,
        0,
        0,
        0
    ],
    "_percent_": true,
    "_skin_": "s04caf1d22ba4135af1acb3c13ba1f0d",
    "_top_": {
        "type": "string",
        "value": "0dp"
    },
    "_width_": {
        "type": "string",
        "value": "100%"
    },
    "accessibilityconfig": {
        "a11yHidden": false
    },
    "allboxes": [],
    "autogrowmode": 0,
    "canUpdateUI": true,
    "children": [
        "customHeaderNUO"
    ],
    "clipbounds": true,
    "containerweight": 100,
    "enablescrolling": true,
    "id": "flxHeader",
    "info": null,
    "iscustomlayout": false,
    "isvisible": true,
    "kuid": "fd01bd9755764fbd9b3e84d11d1d4043",
    "layouttype": 2,
    "name": "kony.ui.FlexContainer",
    "parent": "frmPersonalInfod",
    "pf": "frmPersonalInfod",
    "responsiveData": {
        "b1": {
            "height": {
                "type": "string",
                "value": "120dp"
            }
        },
        "b2": {
            "height": {
                "type": "string",
                "value": "120dp"
            }
        },
        "b3": {
            "height": {
                "type": "string",
                "value": "120dp"
            }
        }
    },
    "retaincontentalignment": false,
    "retainflexpositionproperties": false,
    "snapgridsize": 10,
    "snaptogrid": true,
    "wType": "FlexContainer",
    "widgetalignment": 1,
    "zindex": 1
}