{
    "DNDConfig": null,
    "_height_": {
        "type": "ref",
        "value": "preferred"
    },
    "_left_": {
        "type": "number",
        "value": ""
    },
    "_margin_": [
        0,
        0,
        0,
        0
    ],
    "_orientation_": 6,
    "_padding_": [
        0,
        0,
        0,
        0
    ],
    "_percent_": true,
    "_right_": {
        "type": "string",
        "value": "6%"
    },
    "_skin_": "s04caf1d22ba4135af1acb3c13ba1f0d",
    "_top_": {
        "type": "string",
        "value": "0dp"
    },
    "_width_": {
        "type": "string",
        "value": "28%"
    },
    "allboxes": [],
    "autogrowmode": 1,
    "canUpdateUI": true,
    "children": [
        "flxRoadMapSpace",
        "Roadmap"
    ],
    "clipbounds": false,
    "containerweight": 100,
    "enablescrolling": true,
    "id": "flxRoadmap",
    "info": null,
    "iscustomlayout": false,
    "isvisible": true,
    "kuid": "id12e742e37c43b2a94de2a2c36cd7c4",
    "layouttype": 4,
    "name": "kony.ui.FlexContainer",
    "parent": "flxWrapper",
    "pf": "frmPersonalInfod",
    "responsiveData": {
        "b1": {
            "skin": "s04caf1d22ba4135af1acb3c13ba1f0d",
            "top": {
                "type": "string",
                "value": "45dp"
            }
        },
        "b2": {
            "left": {
                "type": "string",
                "value": "2.50%"
            },
            "skin": "s04caf1d22ba4135af1acb3c13ba1f0d",
            "top": {
                "type": "string",
                "value": "20dp"
            },
            "width": {
                "type": "string",
                "value": "95%"
            }
        },
        "b3": {
            "left": {
                "type": "string",
                "value": "0%"
            },
            "skin": "s34db6048055416b9865cbfcb11af6d5",
            "width": {
                "type": "string",
                "value": "100%"
            }
        }
    },
    "responsiveconfig": {
        "offset": {
            "b1": 0,
            "b2": 0,
            "b3": 0
        },
        "span": {
            "b1": 4,
            "b2": 12,
            "b3": 12
        }
    },
    "retaincontentalignment": false,
    "retainflexpositionproperties": false,
    "snapgridsize": 10,
    "snaptogrid": true,
    "wType": "FlexContainer",
    "widgetalignment": 1,
    "zindex": 1
}