{
    "DNDConfig": null,
    "_height_": {
        "type": "string",
        "value": "50px"
    },
    "_left_": {
        "type": "string",
        "value": "0dp"
    },
    "_margin_": [
        0,
        0,
        0,
        0
    ],
    "_orientation_": 6,
    "_padding_": [
        0,
        0,
        0,
        0
    ],
    "_percent_": true,
    "_skin_": "s04caf1d22ba4135af1acb3c13ba1f0d",
    "_top_": {
        "type": "string",
        "value": "0dp"
    },
    "_width_": {
        "type": "string",
        "value": "100%"
    },
    "allboxes": [],
    "canUpdateUI": true,
    "children": [
        "lblHeader"
    ],
    "clipbounds": true,
    "containerweight": 100,
    "enablescrolling": true,
    "id": "flxTitle",
    "info": null,
    "isvisible": true,
    "kuid": "e85cbb370d9344b681cdddaaa05069ca",
    "layouttype": 2,
    "name": "kony.ui.FlexContainer",
    "parent": "f1",
    "pf": "frmPersonalInfod",
    "responsiveData": {
        "b1": {
            "left": {
                "type": "string",
                "value": "0%"
            }
        },
        "b2": {
            "height": {
                "type": "string",
                "value": "50dp"
            },
            "isVisible": true,
            "left": {
                "type": "string",
                "value": "0%"
            },
            "top": {
                "type": "string",
                "value": "0dp"
            }
        },
        "b3": {
            "height": {
                "type": "string",
                "value": "50dp"
            },
            "isVisible": true,
            "top": {
                "type": "string",
                "value": "5dp"
            }
        }
    },
    "snapgridsize": 10,
    "snaptogrid": true,
    "wType": "FlexContainer",
    "widgetalignment": 1,
    "zindex": 1
}