{
    "@class": "com.kony.gen.viz.model.component.KVizLabel",
    "DNDConfig": null,
    "_height_": {
        "type": "ref",
        "value": "preferred"
    },
    "_left_": {
        "type": "string",
        "value": "6%"
    },
    "_margin_": [
        1,
        1,
        1,
        1
    ],
    "_padding_": [
        0,
        0,
        3,
        0
    ],
    "_skin_": "sd3e2c218f84415e9c31cc590a17ebb3",
    "_text_": "Personal Information",
    "_width_": {
        "type": "ref",
        "value": "preferred"
    },
    "_wrapping_": 2,
    "accessibilityconfig": {
        "a11yLabel": "Personal Information"
    },
    "android": {
        "textStyle": {
            "letterSpacing": 0,
            "strikeThrough": false
        }
    },
    "canUpdateUI": true,
    "centery": {
        "type": "string",
        "value": "50%"
    },
    "containerweight": 100,
    "contentalignment": 4,
    "id": "lblHeader",
    "info": null,
    "ipad": {
        "psp": {
            "wrapping": 2
        }
    },
    "iphone": {
        "psp": {
            "wrapping": 2
        }
    },
    "isvisible": true,
    "kuid": "h71414835f214463aea323c233feed01",
    "name": "kony.ui.Label",
    "parent": "flxTitle",
    "pf": "frmPersonalInfod",
    "responsiveData": {
        "b1": {
            "left": {
                "type": "string",
                "value": "0%"
            },
            "skin": "sa598b46acd9447983cda5e2f1affe9c"
        },
        "b2": {
            "left": {
                "type": "string",
                "value": "0dp"
            }
        },
        "b3": {}
    },
    "texti18n": "kony.nuo.PersonalInfo.Header",
    "tooltip": "",
    "wType": "Label",
    "zindex": 1
}