{
    "@class": "com.kony.gen.viz.model.component.KVizUserWidget",
    "DNDConfig": null,
    "_children_": [],
    "_height_": {
        "type": "ref",
        "value": "preferred"
    },
    "_left_": {
        "type": "string",
        "value": "20dp"
    },
    "_margin_": [
        0,
        0,
        0,
        0
    ],
    "_orientation_": 1,
    "_padding_": [
        0,
        0,
        0,
        0
    ],
    "_percent_": true,
    "_skin_": "s47b31ecf8a44d9e8fd7526df5fe67e0",
    "_top_": {
        "type": "string",
        "value": "5dp"
    },
    "_width_": {
        "type": "string",
        "value": "92%"
    },
    "android": {},
    "androidwearos": {},
    "areflexpropsreferenced": false,
    "autogrowmode": 1,
    "canUpdateUI": true,
    "clipbounds": false,
    "containerweight": 0,
    "dataDiffs": {
        "Roadmap": {
            "__events__": {},
            "__info__": {
                "isRoot": true,
                "kuid": "cc09ac1f839e49d1b1301872f174a8f0",
                "srcKUID": "hc0b969f8808427a95b3959d06c2730b",
                "wType": "FlexContainer"
            },
            "left": {
                "Default": {
                    "type": "string",
                    "value": "20dp"
                }
            },
            "responsiveData": {
                "b1": {
                    "width": {
                        "type": "string",
                        "value": "92%"
                    }
                },
                "b2": {
                    "left": {
                        "type": "string",
                        "value": "0dp"
                    },
                    "top": {
                        "type": "string",
                        "value": "10dp"
                    },
                    "width": null
                },
                "b3": {
                    "left": {
                        "type": "string",
                        "value": "0dp"
                    },
                    "top": {
                        "type": "string",
                        "value": "5dp"
                    },
                    "width": {
                        "type": "string",
                        "value": "100%"
                    }
                }
            },
            "top": {
                "Default": {
                    "type": "string",
                    "value": "5dp"
                }
            },
            "width": {
                "Default": {
                    "type": "string",
                    "value": "92%"
                }
            }
        },
        "flxDropdown": {
            "__events__": {},
            "__info__": {
                "kuid": "cdcdfc28b12b434da3ba04e1d539284f",
                "srcKUID": "f806763a7bdf455093205d4dc03ed5b2",
                "wType": "FlexContainer"
            }
        },
        "flxHeader": {
            "__events__": {},
            "__info__": {
                "kuid": "c8a2f140bc29497ba6638ccf40980950",
                "srcKUID": "f9b0217de0304306a77bcbf557d38ea3",
                "wType": "FlexContainer"
            },
            "autogrowMode": {
                "Default": 0
            },
            "height": {
                "Default": {
                    "type": "string",
                    "value": "70px"
                }
            },
            "responsiveData": {}
        },
        "flxHeaderLabels": {
            "__events__": {},
            "__info__": {
                "kuid": "e084aa30243f42818d06f35fe6c839c0",
                "srcKUID": "e5e29bb3a3fb4432b83b910e62a18705",
                "wType": "FlexContainer"
            },
            "left": {},
            "responsiveData": {
                "b3": {
                    "left": {
                        "type": "string",
                        "value": "6.25%"
                    }
                }
            }
        },
        "flxSegment": {
            "__events__": {},
            "__info__": {
                "kuid": "bf7e6404bf25479184fa45cf744166ff",
                "srcKUID": "ga8e464664654966b79c789352ed11ed",
                "wType": "FlexContainer"
            },
            "isVisible": true,
            "responsiveData": {}
        },
        "imgDropdown": {
            "__events__": {},
            "__info__": {
                "kuid": "i88b388585c84fb583fe6fd4318b6768",
                "srcKUID": "i08b8f6326624dbd82f3c4d24820e838",
                "wType": "Image"
            },
            "src": "dropdowndown.png"
        },
        "lblApplicationStartDate": {
            "__events__": {},
            "__info__": {
                "kuid": "bc40df3252ef41a0b837add015679595",
                "srcKUID": "b27163700f6442c2af2e26f92840073a",
                "wType": "Label"
            }
        },
        "lblApplicationStatus": {
            "__events__": {},
            "__info__": {
                "kuid": "db17f073a4de4d4eb56cc96dffea9901",
                "srcKUID": "f83585effa3d43658afa45290dcb04b8",
                "wType": "Label"
            }
        },
        "lblApplicationStep": {
            "__events__": {},
            "__info__": {
                "kuid": "e5c9a6a386884f99b1388d357d25e078",
                "srcKUID": "j207de8726704d1d9ca3bca2ece3d57d",
                "wType": "Label"
            }
        },
        "segSections": {
            "__events__": {},
            "__info__": {
                "kuid": "a833d84a5cd44112bc3a5d644ac423d3",
                "srcKUID": "a94b3197411841e0bb982d0e49589c1a",
                "wType": "Segment"
            },
            "data": [
                {
                    "imgDottedLine": {
                        "@class": "com.viz.ide.model.segment.ImageSegmentData",
                        "src": ""
                    },
                    "imgRowDone": {
                        "@class": "com.viz.ide.model.segment.ImageSegmentData",
                        "src": ""
                    },
                    "lblInProgress": {
                        "@class": "com.viz.ide.model.segment.SimpleTextSegmentData",
                        "text": "In progress"
                    },
                    "lblRowName": {
                        "@class": "com.viz.ide.model.segment.SimpleTextSegmentData",
                        "text": "Row name"
                    },
                    "lblRowNumber": {
                        "@class": "com.viz.ide.model.segment.SimpleTextSegmentData",
                        "text": "1"
                    }
                },
                {
                    "imgDottedLine": {
                        "@class": "com.viz.ide.model.segment.ImageSegmentData",
                        "src": ""
                    },
                    "imgRowDone": {
                        "@class": "com.viz.ide.model.segment.ImageSegmentData",
                        "src": ""
                    },
                    "lblInProgress": {
                        "@class": "com.viz.ide.model.segment.SimpleTextSegmentData",
                        "text": "In progress"
                    },
                    "lblRowName": {
                        "@class": "com.viz.ide.model.segment.SimpleTextSegmentData",
                        "text": "Row name"
                    },
                    "lblRowNumber": {
                        "@class": "com.viz.ide.model.segment.SimpleTextSegmentData",
                        "text": "2"
                    }
                },
                {
                    "imgDottedLine": {
                        "@class": "com.viz.ide.model.segment.ImageSegmentData",
                        "src": ""
                    },
                    "imgRowDone": {
                        "@class": "com.viz.ide.model.segment.ImageSegmentData",
                        "src": ""
                    },
                    "lblInProgress": {
                        "@class": "com.viz.ide.model.segment.SimpleTextSegmentData",
                        "text": "In progress"
                    },
                    "lblRowName": {
                        "@class": "com.viz.ide.model.segment.SimpleTextSegmentData",
                        "text": "Row name"
                    },
                    "lblRowNumber": {
                        "@class": "com.viz.ide.model.segment.SimpleTextSegmentData",
                        "text": "3"
                    }
                },
                {
                    "imgDottedLine": {
                        "@class": "com.viz.ide.model.segment.ImageSegmentData",
                        "src": ""
                    },
                    "imgRowDone": {
                        "@class": "com.viz.ide.model.segment.ImageSegmentData",
                        "src": ""
                    },
                    "lblInProgress": {
                        "@class": "com.viz.ide.model.segment.SimpleTextSegmentData",
                        "text": "In progress"
                    },
                    "lblRowName": {
                        "@class": "com.viz.ide.model.segment.SimpleTextSegmentData",
                        "text": "Row name"
                    },
                    "lblRowNumber": {
                        "@class": "com.viz.ide.model.segment.SimpleTextSegmentData",
                        "text": "4"
                    }
                }
            ],
            "left": {},
            "responsiveData": {
                "b1": {
                    "data": null
                },
                "b2": {
                    "right": {
                        "type": "string",
                        "value": "10dp"
                    }
                },
                "b3": {
                    "left": {
                        "type": "string",
                        "value": "5%"
                    },
                    "right": {
                        "type": "string",
                        "value": "10dp"
                    }
                }
            },
            "right": {
                "Default": {
                    "type": "string",
                    "value": "15dp"
                }
            }
        }
    },
    "desktopweb": {},
    "enablescrolling": true,
    "id": "Roadmap",
    "info": null,
    "ipad": {},
    "iphone": {},
    "iscustomlayout": false,
    "isdatareferenced": false,
    "issegmentchild": false,
    "isvisible": true,
    "kiosk": {},
    "kuid": "cc09ac1f839e49d1b1301872f174a8f0",
    "layouttype": 4,
    "masterType": 0,
    "name": "kony.ui.UserWidgetInstance",
    "parent": "flxRoadmap",
    "pf": "frmPersonalInfod",
    "responsiveData": {
        "b1": {
            "width": {
                "type": "string",
                "value": "92%"
            }
        },
        "b2": {
            "left": {
                "type": "string",
                "value": "0dp"
            },
            "width": null
        },
        "b3": {
            "left": {
                "type": "string",
                "value": "0dp"
            },
            "width": {
                "type": "string",
                "value": "100%"
            }
        }
    },
    "retaincontentalignment": false,
    "retainflexpositionproperties": false,
    "retainflowhorizontalalignment": false,
    "snapgridsize": 10,
    "snaptogrid": true,
    "sourceUserWidget": "hc0b969f8808427a95b3959d06c2730b",
    "spa": {},
    "spaan": {},
    "spaandroidtablet": {},
    "spabb": {},
    "spaip": {},
    "spaipad": {},
    "spamobile": {},
    "spatablet": {},
    "spawindowstablet": {},
    "spawinphone8": {},
    "tabrcandroid": {},
    "vizProps": {
        "hidewidgethierarchy": false
    },
    "wType": "UserWidgetInstance",
    "windows10": {},
    "windows8": {},
    "winphone10": {},
    "winphone8": {}
}