{
    "AS_Button_e39a120167684eb68920fd7204817354": {
        "id": "AS_Button_e39a120167684eb68920fd7204817354",
        "type": "ACTION_SEQUENCE",
        "params": [{
            "datatype": "collection",
            "name": "eventobject"
        }],
        "contextObj": {
            "name": "frmSymmetric",
            "type": "forms",
            "platform": "",
            "KUID": "efd524ec2e8049549fc9b596c5368e32"
        },
        "language": "js",
        "actions": [{
            "id": "INVOKE_FUNCTION__onClick_e8761e37246d4df79289579c2ccec8a1",
            "type": "INVOKE_FUNCTION",
            "sequenceKUID": "readKey",
            "display": "readKey",
            "inputparams": [],
            "callbackType": null,
            "disabled": null,
            "source": "controller"
        }]
    }
}