{
    "AS_Button_bd3136cb084f45178a9eaeda21d0e7c7": {
        "id": "AS_Button_bd3136cb084f45178a9eaeda21d0e7c7",
        "type": "ACTION_SEQUENCE",
        "params": [{
            "datatype": "collection",
            "name": "eventobject"
        }],
        "contextObj": {
            "name": "frmSymmetric",
            "type": "forms",
            "platform": "",
            "KUID": "efd524ec2e8049549fc9b596c5368e32"
        },
        "language": "js",
        "actions": [{
            "id": "INVOKE_FUNCTION__onClick_da43f5e57d8a4e6f87d6c5b693c9de44",
            "type": "INVOKE_FUNCTION",
            "sequenceKUID": "deleteKey",
            "display": "deleteKey",
            "inputparams": [],
            "callbackType": null,
            "disabled": null,
            "source": "controller"
        }]
    }
}