{
    "AS_Button_b00ad91524954e9e8c9b5bf7e44ebdd2": {
        "id": "AS_Button_b00ad91524954e9e8c9b5bf7e44ebdd2",
        "type": "ACTION_SEQUENCE",
        "params": [{
            "datatype": "collection",
            "name": "eventobject"
        }],
        "contextObj": {
            "name": "frmSymmetric",
            "type": "forms",
            "platform": "",
            "KUID": "efd524ec2e8049549fc9b596c5368e32"
        },
        "language": "js",
        "actions": [{
            "id": "INVOKE_FUNCTION__onClick_c3d6c8ecf7f94b459269268970f44922",
            "type": "INVOKE_FUNCTION",
            "sequenceKUID": "createNewKey",
            "display": "createNewKey",
            "inputparams": [],
            "callbackType": null,
            "disabled": null,
            "source": "controller"
        }]
    }
}