{
    "AS_Button_f84f9d969c6245bdbd6c8bec31b7398b": {
        "id": "AS_Button_f84f9d969c6245bdbd6c8bec31b7398b",
        "type": "ACTION_SEQUENCE",
        "params": [{
            "datatype": "collection",
            "name": "eventobject"
        }],
        "contextObj": {
            "name": "frmSymmetric",
            "type": "forms",
            "platform": "",
            "KUID": "efd524ec2e8049549fc9b596c5368e32"
        },
        "language": "js",
        "actions": [{
            "id": "INVOKE_FUNCTION__onClick_f761956db5764c4f851d7776b5ec9675",
            "type": "INVOKE_FUNCTION",
            "sequenceKUID": "createHMacHash",
            "display": "createHMacHash",
            "inputparams": [],
            "callbackType": null,
            "disabled": null,
            "source": "controller"
        }]
    }
}