{
    "AS_Button_e8db818c8aaa4f4eadde4565774305b7": {
        "id": "AS_Button_e8db818c8aaa4f4eadde4565774305b7",
        "type": "ACTION_SEQUENCE",
        "params": [{
            "datatype": "collection",
            "name": "eventobject"
        }],
        "contextObj": {
            "name": "frmSymmetric",
            "type": "forms",
            "platform": "",
            "KUID": "efd524ec2e8049549fc9b596c5368e32"
        },
        "language": "js",
        "actions": [{
            "id": "INVOKE_FUNCTION__onClick_dec93c2dfcea4ef49ac0a5443566f8ee",
            "type": "INVOKE_FUNCTION",
            "sequenceKUID": "saveTheKey",
            "display": "saveTheKey",
            "inputparams": [],
            "callbackType": null,
            "disabled": null,
            "source": "controller"
        }]
    }
}