{
    "AS_Button_ce1d2941d13540ee9f22858f2bf8c581": {
        "id": "AS_Button_ce1d2941d13540ee9f22858f2bf8c581",
        "type": "ACTION_SEQUENCE",
        "params": [{
            "datatype": "collection",
            "name": "eventobject"
        }],
        "contextObj": {
            "name": "frmAsymmetric",
            "type": "forms",
            "platform": "",
            "KUID": "d32da824b4ef44f5b65905b6292a87cc"
        },
        "language": "js",
        "actions": [{
            "id": "INVOKE_FUNCTION___bd3bb0e8ab1a4df8885698b4df3731ba",
            "type": "INVOKE_FUNCTION",
            "sequenceKUID": "generateAsymmetricKeyPair",
            "display": "generateAsymmetricKeyPair",
            "inputparams": [],
            "parentId": null,
            "callbackType": null,
            "disabled": null,
            "source": "controller"
        }]
    }
}