{
    "AS_Button_a2471a5e214d4a00bdb2dc31d867185b": {
        "id": "AS_Button_a2471a5e214d4a00bdb2dc31d867185b",
        "type": "ACTION_SEQUENCE",
        "params": [{
            "datatype": "collection",
            "name": "eventobject"
        }],
        "contextObj": {
            "name": "frmSymmetric",
            "type": "forms",
            "platform": null,
            "KUID": "efd524ec2e8049549fc9b596c5368e32"
        },
        "language": "js",
        "actions": [{
            "id": "INVOKE_FUNCTION___f88089c6b5934ef58c56edd4c6e3672e",
            "type": "INVOKE_FUNCTION",
            "sequenceKUID": "decrypt",
            "display": "decrypt",
            "inputparams": [],
            "parentId": null,
            "callbackType": null,
            "disabled": null,
            "source": "controller"
        }]
    }
}