{
    "AS_Button_ad2f01a91da14854bd99265158d06555": {
        "id": "AS_Button_ad2f01a91da14854bd99265158d06555",
        "type": "ACTION_SEQUENCE",
        "params": [{
            "datatype": "collection",
            "name": "eventobject"
        }],
        "contextObj": {
            "name": "frmHome",
            "type": "forms",
            "platform": "",
            "KUID": "j335da2c66ba40bcbddf670927c30055"
        },
        "language": "js",
        "actions": [{
            "id": "NAVIGATE_TO_FORM___e4e4ea3f19894bc092fde47ee532ed1e",
            "type": "NAVIGATE_TO_FORM",
            "formId": "frmSymmetric",
            "formKUID": "efd524ec2e8049549fc9b596c5368e32",
            "mappings": {},
            "mappingsOrder": [],
            "parentId": "",
            "callbackType": null,
            "enableMappingEditor": true,
            "package": "",
            "navigationObj": "{\n    \"_meta_\": {\n        \"eventName\": \"onClick\",\n        \"widgetId\": \"Button0h760a3249cec4c\"\n    }\n}",
            "isCustomInput": false
        }]
    }
}