{
    "AS_Button_d2a65a3a616641e0920a5d2246956862": {
        "id": "AS_Button_d2a65a3a616641e0920a5d2246956862",
        "type": "ACTION_SEQUENCE",
        "params": [{
            "datatype": "collection",
            "name": "eventobject"
        }],
        "contextObj": {
            "name": "frmSymmetric",
            "type": "forms",
            "platform": "",
            "KUID": "efd524ec2e8049549fc9b596c5368e32"
        },
        "language": "js",
        "actions": [{
            "id": "INVOKE_FUNCTION__onClick_eb07dc72629140f4b24921efbd4d6144",
            "type": "INVOKE_FUNCTION",
            "sequenceKUID": "createPBKDF2KEY",
            "display": "createPBKDF2KEY",
            "inputparams": [],
            "callbackType": null,
            "disabled": null,
            "source": "controller"
        }]
    }
}