{
    "AS_Button_g6d02cc8cbb74f1fa8940210ba277a81": {
        "id": "AS_Button_g6d02cc8cbb74f1fa8940210ba277a81",
        "type": "ACTION_SEQUENCE",
        "params": [{
            "datatype": "collection",
            "name": "eventobject"
        }],
        "contextObj": {
            "name": "frmAsymmetric",
            "type": "forms",
            "platform": "",
            "KUID": "d32da824b4ef44f5b65905b6292a87cc"
        },
        "language": "js",
        "actions": [{
            "id": "INVOKE_FUNCTION___ab6acd77b94f4c3fb4f4be23923d4c1e",
            "type": "INVOKE_FUNCTION",
            "sequenceKUID": "retrieveAsymmetricKey",
            "display": "retrieveAsymmetricKey",
            "inputparams": [],
            "parentId": null,
            "callbackType": null,
            "disabled": null,
            "source": "controller"
        }]
    }
}