{
    "AS_Button_ceb75c11638841438b4b1a315a855f77": {
        "id": "AS_Button_ceb75c11638841438b4b1a315a855f77",
        "type": "ACTION_SEQUENCE",
        "params": [{
            "datatype": "collection",
            "name": "eventobject"
        }],
        "language": "js",
        "actions": [{
            "id": "NAVIGATE_TO_FORM__ide_onClick_eca7141fa4534648b91d5a497163d61c",
            "type": "NAVIGATE_TO_FORM",
            "formId": "frmHome",
            "formKUID": "j335da2c66ba40bcbddf670927c30055",
            "mappings": {},
            "mappingsOrder": [],
            "parentId": "",
            "callbackType": null,
            "enableMappingEditor": true,
            "package": "",
            "navigationObj": "{\n    \"_meta_\": {\n        \"eventName\": \"onClick\",\n        \"widgetId\": \"headerButtonLeft\"\n    }\n}",
            "isCustomInput": false
        }]
    }
}