{
    "AS_Button_b63a1a3127374bf5b66a54e46c66beac": {
        "id": "AS_Button_b63a1a3127374bf5b66a54e46c66beac",
        "type": "ACTION_SEQUENCE",
        "params": [{
            "datatype": "collection",
            "name": "eventobject"
        }],
        "language": "js",
        "actions": [{
            "id": "NAVIGATE_TO_FORM__onClick_bec2145d75a645c9b39ef5015fd03596",
            "type": "NAVIGATE_TO_FORM",
            "formId": "frmHome",
            "formKUID": "j335da2c66ba40bcbddf670927c30055",
            "mappings": {},
            "mappingsOrder": [],
            "parentId": "",
            "callbackType": null,
            "enableMappingEditor": true,
            "package": "",
            "navigationObj": "{\n    \"_meta_\": {\n        \"eventName\": \"\",\n        \"widgetId\": \"\"\n    }\n}",
            "isCustomInput": false
        }]
    }
}