{
    "AS_Button_ad719039395e48ebb2107d475cbcfd19": {
        "id": "AS_Button_ad719039395e48ebb2107d475cbcfd19",
        "type": "ACTION_SEQUENCE",
        "params": [{
            "datatype": "collection",
            "name": "eventobject"
        }],
        "contextObj": {
            "name": "frmAsymmetric",
            "type": "forms",
            "platform": "",
            "KUID": "d32da824b4ef44f5b65905b6292a87cc"
        },
        "language": "js",
        "actions": [{
            "id": "INVOKE_FUNCTION___f716061d819a4e92b55739503c8da638",
            "type": "INVOKE_FUNCTION",
            "sequenceKUID": "asymmetricDecrypt",
            "display": "asymmetricDecrypt",
            "inputparams": [],
            "parentId": null,
            "callbackType": null,
            "disabled": null,
            "source": "controller"
        }]
    }
}