{
    "AS_Button_c537311da5b14de39a2e52378e88ec93": {
        "id": "AS_Button_c537311da5b14de39a2e52378e88ec93",
        "type": "ACTION_SEQUENCE",
        "params": [{
            "datatype": "collection",
            "name": "eventobject"
        }],
        "contextObj": {
            "name": "frmAsymmetric",
            "type": "forms",
            "platform": "",
            "KUID": "d32da824b4ef44f5b65905b6292a87cc"
        },
        "language": "js",
        "actions": [{
            "id": "INVOKE_FUNCTION___b71c414092b74a3888eeb7eba6f7a74a",
            "type": "INVOKE_FUNCTION",
            "sequenceKUID": "asymmetricEncrypt",
            "display": "asymmetricEncrypt",
            "inputparams": [],
            "parentId": null,
            "callbackType": null,
            "disabled": null,
            "source": "controller"
        }]
    }
}