{
    "AS_Button_f637d0145eae4d73ab6c967cadd4a23f": {
        "id": "AS_Button_f637d0145eae4d73ab6c967cadd4a23f",
        "type": "ACTION_SEQUENCE",
        "params": [{
            "datatype": "collection",
            "name": "eventobject"
        }],
        "language": "js",
        "actions": [{
            "id": "NAVIGATE_TO_FORM__onClick_d034358dd9124a5d98016cfdb30c49d6",
            "type": "NAVIGATE_TO_FORM",
            "formId": "frmHome",
            "formKUID": "j335da2c66ba40bcbddf670927c30055",
            "mappings": {},
            "mappingsOrder": [],
            "parentId": "",
            "callbackType": null,
            "enableMappingEditor": true,
            "package": "",
            "navigationObj": "{\n    \"_meta_\": {\n        \"eventName\": \"onClick\",\n        \"widgetId\": \"headerButtonLeft\"\n    }\n}",
            "isCustomInput": false
        }]
    }
}