{
    "AS_Button_b519ed0338d845cba83a5ba4aa55ec6c": {
        "id": "AS_Button_b519ed0338d845cba83a5ba4aa55ec6c",
        "type": "ACTION_SEQUENCE",
        "params": [{
            "datatype": "collection",
            "name": "eventobject"
        }],
        "contextObj": {
            "name": "frmHome",
            "type": "forms",
            "platform": "",
            "KUID": "j335da2c66ba40bcbddf670927c30055"
        },
        "language": "js",
        "actions": [{
            "id": "NAVIGATE_TO_FORM___ecf66132fdc14ef2853e8acfd258b502",
            "type": "NAVIGATE_TO_FORM",
            "formId": "frmAsymmetric",
            "formKUID": "d32da824b4ef44f5b65905b6292a87cc",
            "mappings": {},
            "mappingsOrder": [],
            "parentId": "",
            "callbackType": null,
            "enableMappingEditor": true,
            "package": "",
            "navigationObj": "{\n    \"_meta_\": {\n        \"eventName\": \"onClick\",\n        \"widgetId\": \"Button0d5346db2200845\"\n    }\n}",
            "isCustomInput": false
        }]
    }
}