{
    "AS_Button_g722303050fe444d9df66c19f52f06e0": {
        "id": "AS_Button_g722303050fe444d9df66c19f52f06e0",
        "type": "ACTION_SEQUENCE",
        "params": [{
            "datatype": "collection",
            "name": "eventobject"
        }],
        "contextObj": {
            "name": "Form1",
            "type": "forms",
            "platform": null,
            "KUID": "i467e4b392dc499ba98521f00b91775a"
        },
        "language": "js",
        "actions": [{
            "id": "INVOKE_FUNCTION___ce9f60cb2f4c4992967a4b8eb5782b74",
            "type": "INVOKE_FUNCTION",
            "sequenceKUID": "deregisterDataStream",
            "display": "deregisterDataStream",
            "inputparams": [],
            "parentId": null,
            "callbackType": null,
            "disabled": null,
            "source": "controller"
        }]
    }
}