{
    "AS_Button_e8861d0bca824dfc8d1976de938effc6": {
        "id": "AS_Button_e8861d0bca824dfc8d1976de938effc6",
        "type": "ACTION_SEQUENCE",
        "params": [{
            "datatype": "collection",
            "name": "eventobject"
        }],
        "contextObj": {
            "name": "Form1",
            "type": "forms",
            "platform": null,
            "KUID": "i467e4b392dc499ba98521f00b91775a"
        },
        "language": "js",
        "actions": [{
            "id": "INVOKE_FUNCTION___ge2cc9119b3040b2acebbb25535558b8",
            "type": "INVOKE_FUNCTION",
            "sequenceKUID": "registerDataStream",
            "display": "registerDataStream",
            "inputparams": [],
            "parentId": null,
            "callbackType": null,
            "disabled": null,
            "source": "controller"
        }]
    }
}