{
    "@class": "com.kony.gen.viz.model.component.KVizUserWidget",
    "DNDConfig": null,
    "_children_": [],
    "_height_": {
        "type": "string",
        "value": "150dp"
    },
    "_left_": {
        "type": "string",
        "value": "0dp"
    },
    "_margin_": [
        0,
        0,
        0,
        0
    ],
    "_orientation_": 1,
    "_padding_": [
        0,
        0,
        0,
        0
    ],
    "_percent_": true,
    "_skin_": "s04caf1d22ba4135af1acb3c13ba1f0d",
    "_top_": {
        "type": "string",
        "value": "0dp"
    },
    "_width_": {
        "type": "string",
        "value": "100%"
    },
    "android": {},
    "androidwearos": {},
    "areflexpropsreferenced": false,
    "autogrowmode": 0,
    "canUpdateUI": true,
    "clipbounds": true,
    "containerweight": 0,
    "dataDiffs": {
        "FlexGroup0i041ec2316494d": {
            "__events__": {},
            "__info__": {
                "kuid": "h1505d321689442199fc3bb1a34185cd",
                "srcKUID": "e2ed998158284f74bc28cd83a77d27a4",
                "wType": "FlexContainer"
            }
        },
        "btnContactUs": {
            "__events__": {},
            "__info__": {
                "kuid": "f5483f433f344aaf933e7bda3acbe4ff",
                "srcKUID": "ecc25bc7153f457ab1ba632ef717cd45",
                "wType": "Button"
            },
            "left": {
                "Default": {
                    "type": "string",
                    "value": "10dp"
                }
            },
            "responsiveData": {}
        },
        "btnFaqs": {
            "__events__": {},
            "__info__": {
                "kuid": "e5d09a8373cf4e8f98bbfbcf9a7ac04c",
                "srcKUID": "b944dd400d92446cac05298aa3a9c3ac",
                "wType": "Button"
            }
        },
        "btnPrivacy": {
            "__events__": {},
            "__info__": {
                "kuid": "a42efd5e1952491c89d7c3534649b855",
                "srcKUID": "fe75665892ee4a40970c4666de147ae2",
                "wType": "Button"
            }
        },
        "btnTermsAndConditions": {
            "__events__": {},
            "__info__": {
                "kuid": "feefc85d94e54e4889411907a8440f3a",
                "srcKUID": "a9613de4c0cb40d0afdd09fc05d3dc16",
                "wType": "Button"
            }
        },
        "customfooter": {
            "__events__": {},
            "__info__": {
                "isRoot": true,
                "kuid": "g1bd683da5c94f79ace24bdda1e2c5d9",
                "srcKUID": "fa97e826f07b4e11b7b2f05a53498e1b",
                "wType": "FlexContainer"
            },
            "bottom": {
                "Default": {
                    "type": "string",
                    "value": ""
                }
            },
            "centerX": {
                "Default": {
                    "type": "string",
                    "value": ""
                }
            },
            "centerY": {
                "Default": {
                    "type": "string",
                    "value": ""
                }
            },
            "left": {
                "Default": {
                    "type": "string",
                    "value": "0dp"
                }
            },
            "responsiveData": {},
            "right": {
                "Default": {
                    "type": "string",
                    "value": ""
                }
            },
            "top": {
                "Default": {
                    "type": "string",
                    "value": "0dp"
                }
            },
            "width": {
                "Default": {
                    "type": "string",
                    "value": "100%"
                }
            }
        },
        "flxDesktopLinks": {
            "__events__": {},
            "__info__": {
                "kuid": "h91ab2d7e8064c85b6125177263b18ae",
                "srcKUID": "cfde8141a51d4ceeba0f08c4b6baa1e4",
                "wType": "FlexContainer"
            }
        },
        "flxFooterMain": {
            "__events__": {},
            "__info__": {
                "kuid": "bb71a229d711407ab5afcf26b807ca9f",
                "srcKUID": "b6fca0aa0dc34bb5b0740d14b9bd5996",
                "wType": "FlexContainer"
            },
            "responsiveConfig": {
                "desktop": {
                    "offset": {
                        "b2": 0,
                        "b3": 0,
                        "b4": 0
                    },
                    "span": {
                        "b2": 12,
                        "b3": 12,
                        "b4": 12
                    }
                }
            }
        },
        "flxVBar2": {
            "__events__": {},
            "__info__": {
                "kuid": "ddec9c2eee3f4f0db2e6b37ae6e4f664",
                "srcKUID": "a0d2718b24fe44de91b15f2e637a8e2d",
                "wType": "FlexContainer"
            }
        },
        "flxVBar3": {
            "__events__": {},
            "__info__": {
                "kuid": "ec394786fb0d485b82e0bf4a8dfc3c13",
                "srcKUID": "ae43b076561248bfae9a405e4e555487",
                "wType": "FlexContainer"
            }
        },
        "flxVBar4": {
            "__events__": {},
            "__info__": {
                "kuid": "cdc4e405c3664cc8b3c744719f91ad93",
                "srcKUID": "cf28e38a18f048a390e3daad3458ffda",
                "wType": "FlexContainer"
            }
        },
        "lblCopyright": {
            "__events__": {},
            "__info__": {
                "kuid": "e66d0b7194294845a0c2a04ed493e0a8",
                "srcKUID": "ee2d73ee228d46d0978a62aae45e4cda",
                "wType": "Label"
            },
            "left": {
                "Default": {
                    "type": "string",
                    "value": "10dp"
                }
            },
            "responsiveData": {}
        }
    },
    "desktopweb": {
        "render": true
    },
    "enablescrolling": true,
    "id": "customfooter",
    "info": null,
    "ipad": {},
    "iphone": {},
    "isdatareferenced": true,
    "issegmentchild": false,
    "isvisible": true,
    "kiosk": {
        "render": true
    },
    "kuid": "g1bd683da5c94f79ace24bdda1e2c5d9",
    "layouttype": 5,
    "masterType": 0,
    "maxwidth": {
        "type": "string",
        "value": "1200px"
    },
    "name": "kony.ui.UserWidgetInstance",
    "parent": "flxFooter",
    "pf": "frmIdentityDetails",
    "responsiveData": {},
    "snapgridsize": 10,
    "snaptogrid": true,
    "sourceUserWidget": "fa97e826f07b4e11b7b2f05a53498e1b",
    "spa": {},
    "spaan": {},
    "spaandroidtablet": {},
    "spabb": {},
    "spaip": {},
    "spaipad": {},
    "spamobile": {},
    "spatablet": {},
    "spawindowstablet": {},
    "spawinphone8": {},
    "tabrcandroid": {},
    "vizProps": {
        "hidewidgethierarchy": false
    },
    "wType": "UserWidgetInstance",
    "windows10": {},
    "windows8": {},
    "winphone10": {},
    "winphone8": {}
}