{
    "DNDConfig": null,
    "_height_": {
        "type": "string",
        "value": "100%"
    },
    "_left_": {
        "type": "string",
        "value": "0dp"
    },
    "_margin_": [
        0,
        0,
        0,
        0
    ],
    "_orientation_": 6,
    "_padding_": [
        0,
        0,
        0,
        0
    ],
    "_percent_": true,
    "_skin_": "s04caf1d22ba4135af1acb3c13ba1f0d",
    "_top_": {
        "type": "string",
        "value": "0dp"
    },
    "_width_": {
        "type": "string",
        "value": "100%"
    },
    "allboxes": [],
    "canUpdateUI": true,
    "children": [
        "flxPopUp",
        "flxClosePopUp",
        "flxLoading"
    ],
    "clipbounds": true,
    "containerweight": 100,
    "enablescrolling": true,
    "id": "flxDialog",
    "info": null,
    "iscustomlayout": false,
    "isvisible": false,
    "kuid": "he384f3591834789896bc5ffe1558af8",
    "layouttype": 2,
    "name": "kony.ui.FlexContainer",
    "parent": "frmIdentityDetails",
    "pf": "frmIdentityDetails",
    "responsiveData": {
        "b4": {
            "isVisible": false
        }
    },
    "retaincontentalignment": false,
    "retainflexpositionproperties": false,
    "retainflowhorizontalalignment": false,
    "snapgridsize": 10,
    "snaptogrid": true,
    "wType": "FlexContainer",
    "widgetalignment": 1
}