{
    "DNDConfig": null,
    "_height_": {
        "type": "string",
        "value": "220dp"
    },
    "_left_": {
        "type": "string",
        "value": "0dp"
    },
    "_margin_": [
        0,
        0,
        0,
        0
    ],
    "_orientation_": 6,
    "_padding_": [
        0,
        0,
        0,
        0
    ],
    "_percent_": true,
    "_skin_": "s04caf1d22ba4135af1acb3c13ba1f0d",
    "_top_": {
        "type": "string",
        "value": "0dp"
    },
    "_width_": {
        "type": "string",
        "value": "100%"
    },
    "allboxes": [],
    "canUpdateUI": true,
    "children": [],
    "clipbounds": true,
    "containerweight": 100,
    "enablescrolling": true,
    "id": "flxDummy",
    "info": null,
    "iscustomlayout": false,
    "isvisible": false,
    "kuid": "d5e7256ce61b4843bd7b806ccd28ccd2",
    "layouttype": 2,
    "name": "kony.ui.FlexContainer",
    "parent": "flxWrapper",
    "pf": "frmIdentityDetails",
    "responsiveconfig": {
        "offset": {
            "b2": 0,
            "b3": 0,
            "b4": 0
        },
        "span": {
            "b2": 0,
            "b3": 0,
            "b4": 4
        }
    },
    "retaincontentalignment": false,
    "retainflexpositionproperties": false,
    "retainflowhorizontalalignment": false,
    "snapgridsize": 10,
    "snaptogrid": true,
    "wType": "FlexContainer",
    "widgetalignment": 1,
    "zindex": 1
}