{
    "DNDConfig": null,
    "_height_": {
        "type": "string",
        "value": "120dp"
    },
    "_left_": {
        "type": "string",
        "value": "0dp"
    },
    "_margin_": [
        0,
        0,
        0,
        0
    ],
    "_orientation_": 6,
    "_padding_": [
        0,
        0,
        0,
        0
    ],
    "_percent_": true,
    "_skin_": "s04caf1d22ba4135af1acb3c13ba1f0d",
    "_top_": {
        "type": "string",
        "value": "0dp"
    },
    "_width_": {
        "type": "string",
        "value": "100%"
    },
    "allboxes": [],
    "canUpdateUI": true,
    "children": [
        "customHeaderNUO"
    ],
    "clipbounds": true,
    "containerweight": 100,
    "enablescrolling": true,
    "id": "flxHeader",
    "info": null,
    "iscustomlayout": false,
    "isvisible": false,
    "kuid": "a66274c36a334322bdb4c35a01a60eb2",
    "layouttype": 2,
    "name": "kony.ui.FlexContainer",
    "parent": "frmIdentityDetails",
    "pf": "frmIdentityDetails",
    "responsiveData": {
        "b2": {
            "isVisible": true
        },
        "b3": {
            "height": {
                "type": "string",
                "value": "120dp"
            },
            "isVisible": true
        },
        "b4": {
            "isVisible": true
        }
    },
    "retaincontentalignment": false,
    "retainflexpositionproperties": false,
    "snapgridsize": 10,
    "snaptogrid": true,
    "wType": "FlexContainer",
    "widgetalignment": 1,
    "zindex": 1
}