{
    "DNDConfig": null,
    "_height_": {
        "type": "ref",
        "value": "preferred"
    },
    "_left_": {
        "type": "string",
        "value": "0px"
    },
    "_margin_": [
        0,
        0,
        0,
        0
    ],
    "_orientation_": 6,
    "_padding_": [
        0,
        0,
        0,
        0
    ],
    "_percent_": true,
    "_right_": {
        "type": "string",
        "value": "0px"
    },
    "_skin_": "s04caf1d22ba4135af1acb3c13ba1f0d",
    "_top_": {
        "type": "string",
        "value": "120dp"
    },
    "_width_": {
        "type": "number",
        "value": ""
    },
    "allboxes": [],
    "autogrowmode": 1,
    "canUpdateUI": true,
    "centerx": {
        "type": "string",
        "value": "50%"
    },
    "children": [
        "flxMainContainer",
        "flxFooter"
    ],
    "clipbounds": true,
    "containerweight": 100,
    "desktopweb": {
        "render": true
    },
    "enablescrolling": true,
    "id": "flxMainScroll",
    "info": null,
    "iscustomlayout": false,
    "isvisible": true,
    "kiosk": {
        "render": false
    },
    "kuid": "ff9a57502f814b559aaf33f82f373756",
    "layouttype": 5,
    "maxwidth": {
        "type": "string",
        "value": "1200px"
    },
    "name": "kony.ui.FlexContainer",
    "parent": "frmIdentityDetails",
    "pf": "frmIdentityDetails",
    "responsiveData": {
        "b2": {
            "width": {
                "type": "string",
                "value": "100%"
            }
        },
        "b3": {
            "width": {
                "type": "string",
                "value": "100%"
            }
        },
        "b4": {}
    },
    "retaincontentalignment": false,
    "retainflexpositionproperties": false,
    "retainflowhorizontalalignment": false,
    "snapgridsize": 10,
    "snaptogrid": true,
    "wType": "FlexContainer",
    "widgetalignment": 1,
    "zindex": 1
}