{
    "DNDConfig": null,
    "_height_": {
        "type": "string",
        "value": "100%"
    },
    "_left_": {
        "type": "string",
        "value": "0dp"
    },
    "_margin_": [
        0,
        0,
        0,
        0
    ],
    "_orientation_": 6,
    "_padding_": [
        0,
        0,
        0,
        0
    ],
    "_percent_": true,
    "_skin_": "s247eae8434142a18b231cb97bb7685f",
    "_top_": {
        "type": "string",
        "value": "0dp"
    },
    "_width_": {
        "type": "string",
        "value": "100%"
    },
    "allboxes": [],
    "autogrowmode": 0,
    "canUpdateUI": true,
    "children": [
        "popup"
    ],
    "clipbounds": true,
    "containerweight": 100,
    "enablescrolling": true,
    "id": "flxPopUp",
    "info": null,
    "iscustomlayout": false,
    "isvisible": true,
    "kuid": "i6fad18ad22148c29a0215dc08dd2c22",
    "layouttype": 2,
    "name": "kony.ui.FlexContainer",
    "parent": "flxDialog",
    "pf": "frmIdentityDetails",
    "responsiveData": {
        "b2": {
            "isVisible": false
        },
        "b3": {
            "isVisible": false,
            "zIndex": 15
        },
        "b4": {
            "isVisible": false
        }
    },
    "retaincontentalignment": false,
    "retainflexpositionproperties": false,
    "retainflowhorizontalalignment": false,
    "snapgridsize": 10,
    "snaptogrid": true,
    "wType": "FlexContainer",
    "widgetalignment": 1,
    "zindex": 1
}