{
    "DNDConfig": null,
    "_height_": {
        "type": "string",
        "value": "5dp"
    },
    "_left_": {
        "type": "string",
        "value": "0dp"
    },
    "_margin_": [
        0,
        0,
        0,
        0
    ],
    "_orientation_": 6,
    "_padding_": [
        0,
        0,
        0,
        0
    ],
    "_percent_": true,
    "_skin_": "s04caf1d22ba4135af1acb3c13ba1f0d",
    "_top_": {
        "type": "string",
        "value": "0dp"
    },
    "_width_": {
        "type": "string",
        "value": "100%"
    },
    "allboxes": [],
    "canUpdateUI": true,
    "children": [],
    "clipbounds": true,
    "containerweight": 100,
    "enablescrolling": true,
    "id": "flxSpace",
    "info": null,
    "iscustomlayout": false,
    "isvisible": true,
    "kuid": "f3527983cbcc48c69af606d88f7eaaf5",
    "layouttype": 2,
    "name": "kony.ui.FlexContainer",
    "parent": "flxRoadmap",
    "pf": "frmIdentityDetails",
    "responsiveData": {
        "b2": {},
        "b3": {}
    },
    "retaincontentalignment": false,
    "retainflexpositionproperties": false,
    "retainflowhorizontalalignment": false,
    "snapgridsize": 10,
    "snaptogrid": true,
    "wType": "FlexContainer",
    "widgetalignment": 1,
    "zindex": 1
}