{
    "@class": "com.kony.gen.viz.model.container.KVizScrollFlexForm",
    "DNDConfig": null,
    "_margin_": [
        0,
        0,
        0,
        0
    ],
    "_orientation_": 1,
    "_padding_": [
        0,
        0,
        0,
        0
    ],
    "_percent_": true,
    "_pxMenuIndex": [
        2,
        1,
        1
    ],
    "_skin_": "s9ff8d06bfac401993310dc31dd3e53b",
    "_title_": "Online Banking | Identity Details",
    "addWidgetsdone": false,
    "allboxes": [],
    "android": {
        "needAppMenu": false,
        "psp": {
            "windowSoftInputMode": 2
        }
    },
    "androidwearos": {
        "needAppMenu": false
    },
    "breakpointInfo": {
        "b2": {
            "width": 1024
        },
        "b3": {
            "width": 641
        },
        "b4": {
            "width": 1366
        }
    },
    "canUpdateUI": true,
    "canvasWidth": 1200,
    "children": [
        "flxHeader",
        "flxMainScroll",
        "flxDialog"
    ],
    "containerweight": 100,
    "controllerInfo": {
        "default": {
            "channel": "desktop",
            "name": "frmIdentityDetailsController"
        }
    },
    "currentBreakpoint": {
        "kuid": "b2",
        "width": 1024
    },
    "currentLocale": "default",
    "desktopweb": {
        "needAppMenu": false
    },
    "device": "desktopweb",
    "displayorientation": 1,
    "enabledforidletimeout": true,
    "friendlyName": "frmIdentityDetails",
    "id": "frmIdentityDetails",
    "ide_postShow": "AS_Form_c303f6d270b04ecaa23cbc902b1aae0e",
    "ide_preShow": "AS_Form_fba11383492d4005b43c481525f9909f",
    "info": null,
    "initdone": false,
    "inputaccessoryviewtype": 4,
    "ipad": {
        "needAppMenu": false,
        "psp": {
            "inputAccessoryViewType": 4
        },
        "titleBar": false
    },
    "iphone": {
        "needAppMenu": false,
        "psp": {
            "inputAccessoryViewType": 4
        },
        "titleBar": false
    },
    "iscustomlayout": false,
    "isvisible": true,
    "kiosk": {
        "needAppMenu": false
    },
    "kuid": "d1d0382677224871aeef5dd6eacb5b07",
    "layouttype": 4,
    "name": "kony.ui.Form2",
    "needappmenu": false,
    "paddinginpixel": false,
    "platform": "desktopweb",
    "prevDevice": "desktopweb",
    "prevPlatform": "desktopweb",
    "responsiveData": {
        "b2": {
            "layoutType": 2
        },
        "b3": {
            "layoutType": 2
        },
        "b4": {
            "layoutType": 2
        }
    },
    "retaincontentalignment": false,
    "retainflexpositionproperties": false,
    "retainscrollposition": false,
    "snapgridsize": 10,
    "snaptogrid": true,
    "spaan": {
        "needAppMenu": false
    },
    "spaandroidtablet": {
        "needAppMenu": false
    },
    "spabb": {
        "needAppMenu": false
    },
    "spaip": {
        "needAppMenu": false
    },
    "spaipad": {
        "needAppMenu": false
    },
    "spawindowstablet": {
        "needAppMenu": false
    },
    "spawinphone8": {
        "needAppMenu": false
    },
    "titleBarSkin": "s83c29c6a3a74821b730f59f64a97443",
    "titlebar": true,
    "type": 3,
    "vizProps": {
        "globalRespDesignEnabled": true
    },
    "wType": "Form",
    "windows8": {
        "needAppMenu": false
    },
    "winphone8": {
        "needAppMenu": false
    }
}