{
    "DNDConfig": null,
    "_bottom_": {
        "type": "string",
        "value": "23.00%"
    },
    "_height_": {
        "type": "string",
        "value": "35%"
    },
    "_left_": {
        "type": "string",
        "value": "5.11%"
    },
    "_margin_": [
        0,
        0,
        0,
        0
    ],
    "_orientation_": 6,
    "_padding_": [
        0,
        0,
        0,
        0
    ],
    "_percent_": true,
    "_skin_": "se634ec3dbfd46108d3927c3e919d0f0",
    "_width_": {
        "type": "string",
        "value": "90%"
    },
    "allboxes": [],
    "autogrowmode": 0,
    "canUpdateUI": true,
    "children": [
        "lblTap2"
    ],
    "clipbounds": true,
    "containerweight": 100,
    "enablescrolling": true,
    "id": "flxbg",
    "info": null,
    "iscustomlayout": false,
    "isvisible": true,
    "kuid": "ceb75b0d7a06489cbd78db4314853273",
    "layouttype": 2,
    "name": "kony.ui.FlexContainer",
    "parent": "flxMonthlySpendings",
    "pf": "Form5",
    "retaincontentalignment": false,
    "retainflexpositionproperties": false,
    "retainflowhorizontalalignment": false,
    "snapgridsize": 10,
    "snaptogrid": true,
    "vizProps": {
        "lock": true
    },
    "wType": "FlexContainer",
    "widgetalignment": 1,
    "zindex": 1
}