{
    "DNDConfig": null,
    "_height_": {
        "type": "string",
        "value": "336dp"
    },
    "_left_": {
        "type": "string",
        "value": "5%"
    },
    "_margin_": [
        0,
        0,
        0,
        0
    ],
    "_orientation_": 6,
    "_padding_": [
        0,
        0,
        0,
        0
    ],
    "_percent_": true,
    "_skin_": "s035117e2d694617a153dda3f2c3854a",
    "_top_": {
        "type": "string",
        "value": "3dp"
    },
    "_width_": {
        "type": "string",
        "value": "90%"
    },
    "allboxes": [],
    "autogrowmode": 0,
    "canUpdateUI": true,
    "children": [
        "imgChecking"
    ],
    "clipbounds": true,
    "containerweight": 100,
    "enablescrolling": true,
    "id": "flxChecking",
    "info": null,
    "iscustomlayout": false,
    "isvisible": true,
    "kuid": "b70b1e85a9d34aad81c4f75ba159ccd9",
    "layouttype": 2,
    "name": "kony.ui.FlexContainer",
    "parent": "flxScrollContainer",
    "pf": "Form5",
    "retaincontentalignment": false,
    "retainflexpositionproperties": false,
    "retainflowhorizontalalignment": false,
    "snapgridsize": 10,
    "snaptogrid": true,
    "wType": "FlexContainer",
    "widgetalignment": 1,
    "zindex": 1
}