{
    "DNDConfig": null,
    "_bottom_": {
        "type": "string",
        "value": "0%"
    },
    "_height_": {
        "type": "string",
        "value": "10%"
    },
    "_left_": {
        "type": "string",
        "value": "0dp"
    },
    "_margin_": [
        0,
        0,
        0,
        0
    ],
    "_orientation_": 6,
    "_padding_": [
        0,
        0,
        0,
        0
    ],
    "_percent_": true,
    "_skin_": "sb6f2ab9517c4720836fe4628a7fc592",
    "_width_": {
        "type": "string",
        "value": "100%"
    },
    "allboxes": [],
    "autogrowmode": 0,
    "canUpdateUI": true,
    "children": [
        "Footer1",
        "Footer2",
        "Footer3",
        "Footer4",
        "lblFooter1",
        "lblFooter2",
        "lblFooter3",
        "lblFooter4",
        "imgFooter1",
        "imgFooter2",
        "imgFooter3",
        "imgFooter4"
    ],
    "clipbounds": true,
    "containerweight": 100,
    "enablescrolling": true,
    "id": "flxFooter",
    "info": null,
    "iscustomlayout": false,
    "isvisible": true,
    "kuid": "b4954c26f49542268e0bf80ea5fd6450",
    "layouttype": 2,
    "name": "kony.ui.FlexContainer",
    "parent": "Form5",
    "pf": "Form5",
    "retaincontentalignment": false,
    "retainflexpositionproperties": false,
    "retainflowhorizontalalignment": false,
    "snapgridsize": 10,
    "snaptogrid": true,
    "wType": "FlexContainer",
    "widgetalignment": 1,
    "zindex": 1
}