{
    "DNDConfig": null,
    "_height_": {
        "type": "string",
        "value": "250dp"
    },
    "_left_": {
        "type": "string",
        "value": "0%"
    },
    "_margin_": [
        0,
        0,
        0,
        0
    ],
    "_orientation_": 6,
    "_padding_": [
        0,
        0,
        0,
        0
    ],
    "_percent_": true,
    "_skin_": "s035117e2d694617a153dda3f2c3854a",
    "_top_": {
        "type": "string",
        "value": "10dp"
    },
    "_width_": {
        "type": "string",
        "value": "100%"
    },
    "allboxes": [],
    "autogrowmode": 0,
    "canUpdateUI": true,
    "children": [
        "imgFisco",
        "flxwhite"
    ],
    "clipbounds": true,
    "containerweight": 100,
    "enablescrolling": true,
    "id": "flxFico",
    "info": null,
    "iscustomlayout": false,
    "isvisible": true,
    "kuid": "bc3ed93db1dc4cc787390d57266bca57",
    "layouttype": 2,
    "name": "kony.ui.FlexContainer",
    "parent": "flxScrollContainer",
    "pf": "Form5",
    "retaincontentalignment": false,
    "retainflexpositionproperties": false,
    "retainflowhorizontalalignment": false,
    "snapgridsize": 10,
    "snaptogrid": true,
    "wType": "FlexContainer",
    "widgetalignment": 1,
    "zindex": 1
}