{
    "DNDConfig": null,
    "_bottom_": {
        "type": "string",
        "value": "5%"
    },
    "_height_": {
        "type": "string",
        "value": "35%"
    },
    "_left_": {
        "type": "string",
        "value": "3%"
    },
    "_margin_": [
        0,
        0,
        0,
        0
    ],
    "_orientation_": 6,
    "_padding_": [
        0,
        0,
        0,
        0
    ],
    "_percent_": true,
    "_skin_": "s0d7459b141b4de88068c06e416dea0d",
    "_width_": {
        "type": "string",
        "value": "94%"
    },
    "allboxes": [],
    "autogrowmode": 0,
    "canUpdateUI": true,
    "children": [
        "lblTap"
    ],
    "clipbounds": true,
    "containerweight": 100,
    "enablescrolling": true,
    "id": "flxgrid",
    "info": null,
    "iscustomlayout": false,
    "isvisible": false,
    "kuid": "c69cef8e69e54416a3eeea8dc4dab097",
    "layouttype": 2,
    "name": "kony.ui.FlexContainer",
    "parent": "flxCashPosition",
    "pf": "Form5",
    "retaincontentalignment": false,
    "retainflexpositionproperties": false,
    "retainflowhorizontalalignment": false,
    "snapgridsize": 10,
    "snaptogrid": true,
    "wType": "FlexContainer",
    "widgetalignment": 1,
    "zindex": 1
}