{
    "DNDConfig": null,
    "_height_": {
        "type": "string",
        "value": "25%"
    },
    "_margin_": [
        0,
        0,
        0,
        0
    ],
    "_orientation_": 6,
    "_padding_": [
        0,
        0,
        0,
        0
    ],
    "_percent_": true,
    "_skin_": "s6051f59112e44ab8f23ab87c3f6a40f",
    "_width_": {
        "type": "string",
        "value": "40%"
    },
    "allboxes": [],
    "autogrowmode": 0,
    "canUpdateUI": true,
    "centerx": {
        "type": "string",
        "value": "30%"
    },
    "centery": {
        "type": "string",
        "value": "75.00%"
    },
    "children": [
        "lblMess"
    ],
    "clipbounds": true,
    "containerweight": 100,
    "enablescrolling": true,
    "id": "flxMess",
    "info": null,
    "iscustomlayout": false,
    "isvisible": true,
    "kuid": "c7e1f46c97a34a25a803e03a43951c61",
    "layouttype": 2,
    "name": "kony.ui.FlexContainer",
    "parent": "flxApp",
    "pf": "Form5",
    "retaincontentalignment": false,
    "retainflexpositionproperties": false,
    "retainflowhorizontalalignment": false,
    "snapgridsize": 10,
    "snaptogrid": true,
    "vizProps": {
        "lock": false
    },
    "wType": "FlexContainer",
    "widgetalignment": 1,
    "zindex": 1
}