{
    "DNDConfig": null,
    "_height_": {
        "type": "string",
        "value": "89%"
    },
    "_left_": {
        "type": "string",
        "value": "0dp"
    },
    "_margin_": [
        0,
        0,
        0,
        0
    ],
    "_orientation_": 6,
    "_padding_": [
        0,
        0,
        0,
        0
    ],
    "_percent_": true,
    "_skin_": "sba7de43ac204cc08c6cb9074b3a2285",
    "_top_": {
        "type": "string",
        "value": "0dp"
    },
    "_width_": {
        "type": "string",
        "value": "100%"
    },
    "allboxes": [],
    "allowhorizontalbounce": false,
    "allowverticalbounce": true,
    "bounces": true,
    "canUpdateUI": true,
    "children": [
        "flxTop",
        "flxOptions",
        "flxChecking",
        "flxSavings",
        "flxApprovals",
        "lblUpdates",
        "flxScrollUpdates",
        "lblMoreAc",
        "flxTotalBalance",
        "flxMonthlySpendings",
        "flxChat",
        "flxFico",
        "lblAttractiveOffers",
        "flxOffers"
    ],
    "clipbounds": true,
    "containerweight": 100,
    "decelerat": false,
    "dragg": false,
    "enablescrolling": true,
    "horizontalscrollindicator": true,
    "id": "flxScrollContainer",
    "ide_onScrollEnd": "AS_FlexScrollContainer_i3abb2fa87994c28a8f8300a2503cf15",
    "ide_onTouchStart": "AS_FlexScrollContainer_bc592e7bdb5046c7b471e2e65eb02fe1",
    "info": null,
    "iscustomlayout": false,
    "isvisible": true,
    "kuid": "g52e792c2eec4bc5ba7046e39de023f4",
    "layouttype": 4,
    "name": "kony.ui.FlexScrollContainer",
    "pagingenabled": false,
    "parent": "Form5",
    "pf": "Form5",
    "retaincontentalignment": false,
    "retainflexpositionproperties": false,
    "retainflowhorizontalalignment": false,
    "scrolldirection": 2,
    "snapgridsize": 10,
    "snaptogrid": true,
    "track": false,
    "verticalscrollindicator": true,
    "wType": "FlexScrollContainer",
    "widgetalignment": 1,
    "zindex": 1
}