{
    "DNDConfig": null,
    "_height_": {
        "type": "string",
        "value": "370dp"
    },
    "_left_": {
        "type": "string",
        "value": "5%"
    },
    "_margin_": [
        0,
        0,
        0,
        0
    ],
    "_orientation_": 6,
    "_padding_": [
        0,
        0,
        0,
        0
    ],
    "_percent_": true,
    "_skin_": "s035117e2d694617a153dda3f2c3854a",
    "_top_": {
        "type": "string",
        "value": "8dp"
    },
    "_width_": {
        "type": "string",
        "value": "90%"
    },
    "allboxes": [],
    "autogrowmode": 0,
    "canUpdateUI": true,
    "children": [
        "imgTotalBalance",
        "flxBgTotalBalance"
    ],
    "clipbounds": true,
    "containerweight": 100,
    "enablescrolling": true,
    "id": "flxTotalBalance",
    "ide_onTouchStart": "AS_FlexContainer_j8cb30e215cc47b88b153ababa8c957f",
    "info": null,
    "iscustomlayout": false,
    "isvisible": true,
    "kuid": "d0f60b4cc8124625a7ea4c70e9314107",
    "layouttype": 2,
    "name": "kony.ui.FlexContainer",
    "parent": "flxScrollContainer",
    "pf": "Form5",
    "retaincontentalignment": false,
    "retainflexpositionproperties": false,
    "retainflowhorizontalalignment": false,
    "snapgridsize": 10,
    "snaptogrid": true,
    "wType": "FlexContainer",
    "widgetalignment": 1,
    "zindex": 1
}