{
    "DNDConfig": null,
    "_height_": {
        "type": "string",
        "value": "370dp"
    },
    "_left_": {
        "type": "string",
        "value": "3%"
    },
    "_margin_": [
        0,
        0,
        0,
        0
    ],
    "_orientation_": 6,
    "_padding_": [
        0,
        0,
        0,
        0
    ],
    "_percent_": true,
    "_skin_": "s035117e2d694617a153dda3f2c3854a",
    "_top_": {
        "type": "string",
        "value": "3dp"
    },
    "_width_": {
        "type": "string",
        "value": "90%"
    },
    "allboxes": [],
    "autogrowmode": 0,
    "canUpdateUI": true,
    "children": [
        "imgTotalBal"
    ],
    "clipbounds": true,
    "containerweight": 100,
    "enablescrolling": true,
    "id": "flxTotalBal",
    "ide_onTouchStart": "AS_FlexContainer_e6b6ba7a9dc8454caee97ca3124fac00",
    "info": null,
    "iscustomlayout": false,
    "isvisible": true,
    "kuid": "fd0764f06d0c47eab7b9ba34c1359faf",
    "layouttype": 2,
    "name": "kony.ui.FlexContainer",
    "parent": "flxScrollUpdates",
    "pf": "Form5",
    "retaincontentalignment": false,
    "retainflexpositionproperties": false,
    "retainflowhorizontalalignment": false,
    "snapgridsize": 10,
    "snaptogrid": true,
    "vizProps": {
        "lock": true
    },
    "wType": "FlexContainer",
    "widgetalignment": 1,
    "zindex": 1
}