{
    "@class": "com.kony.gen.viz.model.component.KVizUserWidget",
    "DNDConfig": null,
    "_children_": [],
    "_height_": {
        "type": "string",
        "value": "70dp"
    },
    "_left_": {
        "type": "string",
        "value": "30%"
    },
    "_margin_": [
        0,
        0,
        0,
        0
    ],
    "_orientation_": 1,
    "_padding_": [
        0,
        0,
        0,
        0
    ],
    "_percent_": true,
    "_skin_": "sf7c0ac46c954271bd33e05005b71b91",
    "_width_": {
        "type": "string",
        "value": "70dp"
    },
    "canUpdateUI": true,
    "centery": {
        "type": "string",
        "value": "50%"
    },
    "containerweight": 0,
    "data": {
        "source": "transfer.json",
        "speed": 2
    },
    "id": "Footer2",
    "ide_onTouchStart": "AS_UWI_f1a3cbaa140344ae8c74edb1c5236a53",
    "info": null,
    "iscustomlayout": false,
    "isvisible": true,
    "kuid": "ca37a0a3e3334d078f28e9a5b577cfa2",
    "masterType": 1,
    "name": "kony.ui.UserWidgetInstance",
    "parent": "flxFooter",
    "pf": "Form5",
    "retaincontentalignment": false,
    "retainflexpositionproperties": false,
    "retainflowhorizontalalignment": false,
    "sourceUserWidget": "gb1376f12b1a4d8698d34d53fade3cc7",
    "vizProps": {
        "lock": true
    },
    "wType": "UserWidgetInstance"
}