{
    "@class": "com.kony.gen.viz.model.component.KVizUserWidget",
    "DNDConfig": null,
    "_children_": [],
    "_height_": {
        "type": "string",
        "value": "70dp"
    },
    "_left_": {
        "type": "string",
        "value": "50.00%"
    },
    "_margin_": [
        0,
        0,
        0,
        0
    ],
    "_orientation_": 1,
    "_padding_": [
        0,
        0,
        0,
        0
    ],
    "_percent_": true,
    "_skin_": "sf7c0ac46c954271bd33e05005b71b91",
    "_width_": {
        "type": "string",
        "value": "70dp"
    },
    "canUpdateUI": true,
    "centery": {
        "type": "string",
        "value": "50.00%"
    },
    "containerweight": 0,
    "data": {
        "source": "mybills.json",
        "speed": 2
    },
    "id": "Footer3",
    "ide_onTouchStart": "AS_UWI_e9a8a695652647f5b9fbb36499e4a725",
    "info": null,
    "iscustomlayout": false,
    "isvisible": true,
    "kuid": "d97b497bedb54f868033df9ab6561416",
    "masterType": 1,
    "name": "kony.ui.UserWidgetInstance",
    "parent": "flxFooter",
    "pf": "Form5",
    "retaincontentalignment": false,
    "retainflexpositionproperties": false,
    "retainflowhorizontalalignment": false,
    "sourceUserWidget": "gb1376f12b1a4d8698d34d53fade3cc7",
    "vizProps": {
        "lock": true
    },
    "wType": "UserWidgetInstance"
}