{
    "@class": "com.kony.gen.viz.model.component.KVizUserWidget",
    "DNDConfig": null,
    "_children_": [],
    "_height_": {
        "type": "string",
        "value": "80dp"
    },
    "_left_": {
        "type": "string",
        "value": "9%"
    },
    "_margin_": [
        0,
        0,
        0,
        0
    ],
    "_orientation_": 1,
    "_padding_": [
        0,
        0,
        0,
        0
    ],
    "_percent_": true,
    "_skin_": "sf7c0ac46c954271bd33e05005b71b91",
    "_width_": {
        "type": "string",
        "value": "80dp"
    },
    "canUpdateUI": true,
    "centery": {
        "type": "string",
        "value": "50%"
    },
    "containerweight": 0,
    "data": {
        "source": "account.json",
        "speed": 2
    },
    "id": "Footer1",
    "ide_onTouchStart": "AS_UWI_fdab32b10d7543d7b98fee1d02ae602b",
    "info": null,
    "iscustomlayout": false,
    "isvisible": true,
    "kuid": "ee0dd4cb3d6d4344801be0662b1293a2",
    "masterType": 1,
    "name": "kony.ui.UserWidgetInstance",
    "parent": "flxFooter",
    "pf": "Form5",
    "retaincontentalignment": false,
    "retainflexpositionproperties": false,
    "retainflowhorizontalalignment": false,
    "sourceUserWidget": "gb1376f12b1a4d8698d34d53fade3cc7",
    "vizProps": {
        "lock": true
    },
    "wType": "UserWidgetInstance"
}