{
    "@class": "com.kony.gen.viz.model.component.KVizImage2",
    "DNDConfig": null,
    "_base64_": null,
    "_height_": {
        "type": "string",
        "value": "25dp"
    },
    "_margin_": [
        0,
        0,
        0,
        0
    ],
    "_padding_": [
        0,
        0,
        0,
        0
    ],
    "_right_": {
        "type": "string",
        "value": "5.00%"
    },
    "_skin_": "s74d76f9be79431a9cb185694b63d23d",
    "_src_": "settings.png",
    "_top_": {
        "type": "string",
        "value": "28dp"
    },
    "_width_": {
        "type": "string",
        "value": "25dp"
    },
    "canUpdateUI": true,
    "containerweight": 100,
    "id": "imgsettings",
    "ide_onTouchStart": "AS_Image_f17927654203456cb3e61b80eaff9e8e",
    "imagescalemode": 1,
    "info": null,
    "iscustomlayout": false,
    "isvisible": true,
    "kuid": "hf021f276b7942dd869d667a5cc2924c",
    "name": "kony.ui.Image2",
    "parent": "flxTop",
    "pf": "Form5",
    "retaincontentalignment": false,
    "retainflexpositionproperties": false,
    "srcType": 1,
    "wType": "Image",
    "widgetalignment": 5,
    "zindex": 1
}