{
    "@class": "com.kony.gen.viz.model.component.KVizUserWidget",
    "DNDConfig": null,
    "_children_": [],
    "_height_": {
        "type": "string",
        "value": "50%"
    },
    "_left_": {
        "type": "string",
        "value": "0dp"
    },
    "_margin_": [
        0,
        0,
        0,
        0
    ],
    "_orientation_": 1,
    "_padding_": [
        0,
        0,
        0,
        0
    ],
    "_percent_": true,
    "_skin_": "sf7c0ac46c954271bd33e05005b71b91",
    "_top_": {
        "type": "string",
        "value": "108dp"
    },
    "_width_": {
        "type": "string",
        "value": "45%"
    },
    "canUpdateUI": true,
    "containerweight": 0,
    "data": {
        "autoPlay": false,
        "scaleMode": "Fit To Dimensions",
        "source": "coinbag.json"
    },
    "id": "LottieAnimator",
    "info": null,
    "iscustomlayout": false,
    "isvisible": true,
    "kuid": "c79bde6c186143e697a5f472ded94ca7",
    "masterType": 1,
    "name": "kony.ui.UserWidgetInstance",
    "parent": "flxTop",
    "pf": "Form5",
    "retaincontentalignment": false,
    "retainflexpositionproperties": false,
    "retainflowhorizontalalignment": false,
    "sourceUserWidget": "gb1376f12b1a4d8698d34d53fade3cc7",
    "wType": "UserWidgetInstance"
}