{
    "@class": "com.kony.gen.viz.model.component.KVizUserWidget",
    "DNDConfig": null,
    "_bottom_": {
        "type": "string",
        "value": "5.03%"
    },
    "_children_": [],
    "_height_": {
        "type": "string",
        "value": "34.16%"
    },
    "_left_": {
        "type": "string",
        "value": "11dp"
    },
    "_margin_": [
        0,
        0,
        0,
        0
    ],
    "_orientation_": 1,
    "_padding_": [
        0,
        0,
        0,
        0
    ],
    "_percent_": true,
    "_skin_": "s34317bef0dc431694c7f7d66f89bae0",
    "_width_": {
        "type": "string",
        "value": "93.27%"
    },
    "canUpdateUI": true,
    "containerweight": 0,
    "data": {
        "chartData": {
            "data": [
                {
                    "label": "d1",
                    "value1": "8",
                    "value2": "12",
                    "value3": "25",
                    "value4": "32",
                    "value5": "5"
                },
                {
                    "label": "d2",
                    "value1": "11",
                    "value2": "32",
                    "value3": "36",
                    "value4": "10",
                    "value5": "22"
                },
                {
                    "label": "d3",
                    "value1": "22",
                    "value2": "3",
                    "value3": "15",
                    "value4": "8",
                    "value5": "24"
                },
                {
                    "label": "d4",
                    "value1": "4",
                    "value2": "20",
                    "value3": "40",
                    "value4": "",
                    "value5": ""
                }
            ],
            "schema": [
                {
                    "columnHeaderTemplate": null,
                    "columnHeaderText": "Label",
                    "columnHeaderType": "text",
                    "columnID": "label",
                    "columnText": "Not Defined",
                    "columnType": "text",
                    "kuid": "adb02a6b13a046f4861d9d64ef0c34ee"
                },
                {
                    "columnHeaderTemplate": null,
                    "columnHeaderText": "Value1",
                    "columnHeaderType": "text",
                    "columnID": "value1",
                    "columnText": "Not Defined",
                    "columnType": "text",
                    "kuid": "f7ad02b6f3df4493bb1ef588ab70e008"
                },
                {
                    "columnHeaderTemplate": null,
                    "columnHeaderText": "Value2",
                    "columnHeaderType": "text",
                    "columnID": "value2",
                    "columnText": "Not Defined",
                    "columnType": "text",
                    "kuid": "b59fe0cbc1394743a3214ea7583c0180"
                },
                {
                    "columnHeaderTemplate": null,
                    "columnHeaderText": "Value3",
                    "columnHeaderType": "text",
                    "columnID": "value3",
                    "columnText": "Not Defined",
                    "columnType": "text",
                    "kuid": "d9cae0e9fe1548b0becf2dac23f4ceef"
                },
                {
                    "columnHeaderTemplate": null,
                    "columnHeaderText": "Value4",
                    "columnHeaderType": "text",
                    "columnID": "value4",
                    "columnText": "Not Defined",
                    "columnType": "text",
                    "kuid": "f03e4f1fe95c4dd4b6f8e6f3d7629bd9"
                },
                {
                    "columnHeaderTemplate": null,
                    "columnHeaderText": "Value5",
                    "columnHeaderType": "text",
                    "columnID": "value5",
                    "columnText": "Not Defined",
                    "columnType": "text",
                    "kuid": "bb532b4caa214aabb1f9e17780f59200"
                }
            ]
        },
        "chartTitle": "",
        "enableChartAnimation": false,
        "indicatorFontColor": "#FFFFFF",
        "indicatorFontSize": "6",
        "legendFontColor": "#FFFFFF",
        "titleFontColor": "#FFFFFF"
    },
    "id": "multiseriesverticalbar",
    "info": null,
    "isvisible": false,
    "kuid": "c2c7c45d3e8b4742b2bbdf7c5274708f",
    "masterType": 1,
    "name": "kony.ui.UserWidgetInstance",
    "parent": "flxCashPosition",
    "pf": "Form5",
    "sourceUserWidget": "d0de1e7d4d3347fbb80bfd2430641815",
    "wType": "UserWidgetInstance"
}