{
    "@class": "com.kony.gen.viz.model.component.KVizUserWidget",
    "DNDConfig": null,
    "_children_": [],
    "_height_": {
        "type": "string",
        "value": "70dp"
    },
    "_left_": {
        "type": "string",
        "value": "30%"
    },
    "_margin_": [
        0,
        0,
        0,
        0
    ],
    "_orientation_": 1,
    "_padding_": [
        0,
        0,
        0,
        0
    ],
    "_percent_": true,
    "_skin_": "sf7c0ac46c954271bd33e05005b71b91",
    "_top_": {
        "type": "string",
        "value": "0dp"
    },
    "_width_": {
        "type": "string",
        "value": "70dp"
    },
    "canUpdateUI": true,
    "centery": {
        "type": "string",
        "value": "50%"
    },
    "containerweight": 0,
    "data": {
        "loop": 1,
        "source": "requestmoney.json"
    },
    "id": "Option2",
    "info": null,
    "iscustomlayout": false,
    "isvisible": true,
    "kuid": "fb8beda1426e4100ab0b7d6e96c6d52d",
    "masterType": 1,
    "name": "kony.ui.UserWidgetInstance",
    "parent": "flxOptions",
    "pf": "Form5",
    "retaincontentalignment": false,
    "retainflexpositionproperties": false,
    "retainflowhorizontalalignment": false,
    "sourceUserWidget": "gb1376f12b1a4d8698d34d53fade3cc7",
    "vizProps": {
        "lock": true
    },
    "wType": "UserWidgetInstance"
}