{
    "AS_Button_b55b434b618e426283f953c53f2c9f6f": {
        "id": "AS_Button_b55b434b618e426283f953c53f2c9f6f",
        "type": "ACTION_SEQUENCE",
        "params": [{
            "datatype": "collection",
            "name": "eventobject"
        }],
        "contextObj": {
            "name": "frmPhone",
            "type": "forms",
            "platform": null,
            "KUID": "f1c9c7564f5641c39c65e54df22b9b73"
        },
        "language": "js",
        "actions": [{
            "id": "INVOKE_FUNCTION___f4de5696447c4a90b2209f155d453492",
            "type": "INVOKE_FUNCTION",
            "sequenceKUID": "CalendarAddEvent",
            "display": "CalendarAddEvent",
            "inputparams": [{
                "name": "eventObj",
                "value": " eventobject"
            }],
            "parentId": null,
            "callbackType": null,
            "disabled": null,
            "source": "controller"
        }]
    }
}