{
    "AS_Button_de52b6812e9c4d5ea2e3c0ea532a567e": {
        "id": "AS_Button_de52b6812e9c4d5ea2e3c0ea532a567e",
        "type": "ACTION_SEQUENCE",
        "params": [{
            "datatype": "collection",
            "name": "eventobject"
        }],
        "contextObj": {
            "name": "frmPhone",
            "type": "forms",
            "platform": "",
            "KUID": "f1c9c7564f5641c39c65e54df22b9b73"
        },
        "language": "js",
        "actions": [{
            "id": "INVOKE_FUNCTION___a39b5c279d98420b9a4aacb2fb0d7f1f",
            "type": "INVOKE_FUNCTION",
            "sequenceKUID": "dial",
            "display": "dial",
            "inputparams": [],
            "parentId": null,
            "callbackType": null,
            "disabled": null,
            "source": "controller"
        }]
    }
}