{
    "AS_Button_j7e1cc02e1be44eca7065ee3d46b0fe9": {
        "id": "AS_Button_j7e1cc02e1be44eca7065ee3d46b0fe9",
        "type": "ACTION_SEQUENCE",
        "params": [{
            "datatype": "collection",
            "name": "eventobject"
        }],
        "contextObj": {
            "name": "frmPhone",
            "type": "forms",
            "platform": "",
            "KUID": "f1c9c7564f5641c39c65e54df22b9b73"
        },
        "language": "js",
        "actions": [{
            "id": "INVOKE_FUNCTION__onClick_bda147c305204ffaa9f1e9dcb9973bc1",
            "type": "INVOKE_FUNCTION",
            "sequenceKUID": "emailSend",
            "display": "emailSend",
            "inputparams": [],
            "callbackType": null,
            "disabled": null,
            "source": "controller"
        }]
    }
}