{
    "AS_Button_i180067a5c984f57a763a9d86f3f3737": {
        "id": "AS_Button_i180067a5c984f57a763a9d86f3f3737",
        "type": "ACTION_SEQUENCE",
        "params": [{
            "datatype": "collection",
            "name": "eventobject"
        }],
        "contextObj": {
            "name": "frmPhone",
            "type": "forms",
            "platform": "",
            "KUID": "f1c9c7564f5641c39c65e54df22b9b73"
        },
        "language": "js",
        "actions": [{
            "id": "INVOKE_FUNCTION__onClick_fa5650a43e764737a78fac1412f86ece",
            "type": "INVOKE_FUNCTION",
            "sequenceKUID": "hasVibratorSupport",
            "display": "hasVibratorSupport",
            "inputparams": [],
            "callbackType": null,
            "disabled": null,
            "source": "controller"
        }]
    }
}