{
    "AS_Button_b06b1aff190e42659c941d89fb6cccee": {
        "id": "AS_Button_b06b1aff190e42659c941d89fb6cccee",
        "type": "ACTION_SEQUENCE",
        "params": [{
            "datatype": "collection",
            "name": "eventobject"
        }],
        "contextObj": {
            "name": "frmPhone",
            "type": "forms",
            "platform": "",
            "KUID": "f1c9c7564f5641c39c65e54df22b9b73"
        },
        "language": "js",
        "actions": [{
            "id": "INVOKE_FUNCTION__onClick_d2f93723874f47818b1846485772bbda",
            "type": "INVOKE_FUNCTION",
            "sequenceKUID": "sendSMS",
            "display": "sendSMS",
            "inputparams": [],
            "callbackType": null,
            "disabled": null,
            "source": "controller"
        }]
    }
}