{
    "AS_Button_h5809bb16a624a9f84545c210d65caba": {
        "id": "AS_Button_h5809bb16a624a9f84545c210d65caba",
        "type": "ACTION_SEQUENCE",
        "params": [{
            "datatype": "collection",
            "name": "eventobject"
        }],
        "contextObj": {
            "name": "frmPhone",
            "type": "forms",
            "platform": "",
            "KUID": "f1c9c7564f5641c39c65e54df22b9b73"
        },
        "language": "js",
        "actions": [{
            "id": "INVOKE_FUNCTION__onClick_d7fcc6fc59c24279adbb694158cf3dcf",
            "type": "INVOKE_FUNCTION",
            "sequenceKUID": "startVibration",
            "display": "startVibration",
            "inputparams": [],
            "callbackType": null,
            "disabled": null,
            "source": "controller"
        }]
    }
}