{
    "AS_Button_i302fe9223ee4af989eeaa024229a408": {
        "id": "AS_Button_i302fe9223ee4af989eeaa024229a408",
        "type": "ACTION_SEQUENCE",
        "params": [{
            "datatype": "collection",
            "name": "eventobject"
        }],
        "contextObj": {
            "name": "frmPhone",
            "type": "forms",
            "platform": null,
            "KUID": "f1c9c7564f5641c39c65e54df22b9b73"
        },
        "language": "js",
        "actions": [{
            "id": "INVOKE_FUNCTION___e2b88e817dbf4e17994e494fcdc6d52d",
            "type": "INVOKE_FUNCTION",
            "sequenceKUID": "CalendarAddEvent",
            "display": "CalendarAddEvent",
            "inputparams": [{
                "name": "eventObj",
                "value": " eventobject"
            }],
            "parentId": null,
            "callbackType": null,
            "disabled": null,
            "source": "controller"
        }]
    }
}