{
    "AS_Button_cce789d1753f4615bb31211ef40e83d9": {
        "id": "AS_Button_cce789d1753f4615bb31211ef40e83d9",
        "type": "ACTION_SEQUENCE",
        "params": [{
            "datatype": "collection",
            "name": "eventobject"
        }],
        "contextObj": {
            "name": "frmPhone",
            "type": "forms",
            "platform": "",
            "KUID": "f1c9c7564f5641c39c65e54df22b9b73"
        },
        "language": "js",
        "actions": [{
            "id": "INVOKE_FUNCTION__onClick_cf7f816cddee4aa79fee012bec2c4590",
            "type": "INVOKE_FUNCTION",
            "sequenceKUID": "openMediaGalleryForEmail",
            "display": "openMediaGalleryForEmail",
            "inputparams": [],
            "callbackType": null,
            "disabled": null,
            "source": "controller"
        }]
    }
}