{
    "AS_Button_b05267508f13488698fd71fec4671e65": {
        "id": "AS_Button_b05267508f13488698fd71fec4671e65",
        "type": "ACTION_SEQUENCE",
        "params": [{
            "datatype": "collection",
            "name": "eventobject"
        }],
        "contextObj": {
            "name": "frmPhone",
            "type": "forms",
            "platform": "",
            "KUID": "f1c9c7564f5641c39c65e54df22b9b73"
        },
        "language": "js",
        "actions": [{
            "id": "INVOKE_FUNCTION__onClick_gf560afb0c654017b47c8b506113571d",
            "type": "INVOKE_FUNCTION",
            "sequenceKUID": "hapticFeedback",
            "display": "hapticFeedback",
            "inputparams": [],
            "callbackType": null,
            "disabled": null,
            "source": "controller"
        }]
    }
}