{
    "AS_Button_abc7292fc9784669a2388c656da47188": {
        "id": "AS_Button_abc7292fc9784669a2388c656da47188",
        "type": "ACTION_SEQUENCE",
        "params": [{
            "datatype": "collection",
            "name": "eventobject"
        }],
        "contextObj": {
            "name": "frmPhone",
            "type": "forms",
            "platform": "",
            "KUID": "f1c9c7564f5641c39c65e54df22b9b73"
        },
        "language": "js",
        "actions": [{
            "id": "INVOKE_FUNCTION__onClick_b9677dce175b45b5aaf9a5a913a53b76",
            "type": "INVOKE_FUNCTION",
            "sequenceKUID": "cancelVibration",
            "display": "cancelVibration",
            "inputparams": [],
            "callbackType": null,
            "disabled": null,
            "source": "controller"
        }]
    }
}