{
    "AS_Button_c78607318e314b0a8713526ad3b123bc": {
        "id": "AS_Button_c78607318e314b0a8713526ad3b123bc",
        "type": "ACTION_SEQUENCE",
        "params": [{
            "datatype": "collection",
            "name": "eventobject"
        }],
        "contextObj": {
            "name": "Form1",
            "type": "forms",
            "platform": "",
            "KUID": "dc4e65c57f8e4f59b1a2e6f859bd3a76"
        },
        "language": "js",
        "actions": [{
            "id": "NAVIGATE_TO_FORM__fe8233f010f84f17bc101a7afd1e8edf",
            "type": "NAVIGATE_TO_FORM",
            "formId": "Form2",
            "formKUID": "b0b4c2a85f4a47f2bf22d928663cebb7",
            "mappings": {},
            "mappingsOrder": [],
            "enableMappingEditor": true,
            "package": "",
            "isCustomInput": false
        }]
    }
}