{
    "AS_Button_fde6487d232640229eb460b2a551e59b": {
        "id": "AS_Button_fde6487d232640229eb460b2a551e59b",
        "type": "ACTION_SEQUENCE",
        "params": [{
            "datatype": "collection",
            "name": "eventobject"
        }],
        "contextObj": {
            "name": "Form3",
            "type": "forms",
            "platform": "",
            "KUID": "ga461bf5c5344494b9d9e8721aa93ff3"
        },
        "language": "js",
        "actions": [{
            "id": "NAVIGATE_TO_FORM__b44d30841e4b4fe68b056024fd9db3d4",
            "type": "NAVIGATE_TO_FORM",
            "formId": "Form1",
            "formKUID": "dc4e65c57f8e4f59b1a2e6f859bd3a76",
            "mappings": {},
            "mappingsOrder": [],
            "enableMappingEditor": true,
            "package": "",
            "isCustomInput": false
        }]
    }
}