{
    "AS_FlexScrollContainer_be7792affc884f0590ade7826e789e47": {
        "id": "AS_FlexScrollContainer_be7792affc884f0590ade7826e789e47",
        "type": "ACTION_SEQUENCE",
        "params": [{
            "datatype": "collection",
            "name": "eventobject"
        }, {
            "datatype": "string",
            "name": "x"
        }, {
            "datatype": "string",
            "name": "y"
        }],
        "contextObj": {
            "name": "Form2",
            "type": "forms",
            "platform": "",
            "KUID": "b0b4c2a85f4a47f2bf22d928663cebb7"
        },
        "language": "js",
        "actions": [{
            "id": "ADD_SNIPPET_e80336da5fc94c4ba6b74bfc9ba7075c",
            "type": "ADD_SNIPPET",
            "codeSnippet": "//this.view.multiseriesverticalbar.enableChartAnimation = false;\n//this.view.multiseriesverticalbar.enableChartAnimation = true;",
            "parentId": null
        }]
    }
}