{
    "AS_FlexContainer_h94174e3781244ad93b1cee1f2862018": {
        "id": "AS_FlexContainer_h94174e3781244ad93b1cee1f2862018",
        "type": "ACTION_SEQUENCE",
        "params": [{
            "datatype": "collection",
            "name": "eventobject"
        }, {
            "datatype": "string",
            "name": "x"
        }, {
            "datatype": "string",
            "name": "y"
        }],
        "contextObj": {
            "name": "Form2",
            "type": "forms",
            "platform": "",
            "KUID": "b0b4c2a85f4a47f2bf22d928663cebb7"
        },
        "language": "js",
        "actions": [{
            "id": "ADD_SNIPPET_e294f69189be4392a55df77aed190259",
            "type": "ADD_SNIPPET",
            "codeSnippet": "alert(JSON.stringify(this.view.multiseriesverticalbar.enableChartAnimation));",
            "parentId": null
        }]
    }
}