{
    "AS_Form_j1d6d7ea651b4032906e5bc9b1649fe3": {
        "id": "AS_Form_j1d6d7ea651b4032906e5bc9b1649fe3",
        "type": "ACTION_SEQUENCE",
        "params": [{
            "datatype": "collection",
            "name": "eventobject"
        }],
        "contextObj": {
            "name": "Form2",
            "type": "forms",
            "platform": "",
            "KUID": "b0b4c2a85f4a47f2bf22d928663cebb7"
        },
        "language": "js",
        "actions": [{
            "id": "ADD_SNIPPET_cca5aeaa16a540ac862e834a063449fe",
            "type": "ADD_SNIPPET",
            "codeSnippet": "ficocount = p = x = y = a = r = timercountr1 = timercount = timer1count = timer2count = timer3count = 0;",
            "parentId": null
        }, {
            "id": "ADD_SNIPPET_e7da3b439bdd4e0682cd1bd5bee16f90",
            "type": "ADD_SNIPPET",
            "codeSnippet": "kony.timer.cancel(\"timer\");\nkony.timer.cancel(\"timert1\");\nkony.timer.cancel(\"timer1\");\nkony.timer.cancel(\"timer2\");\nkony.timer.cancel(\"timer3\");\nkony.timer.cancel(\"timer4\");\nkony.timer.cancel(\"timer6\");\n\nthis.view.imgChecking.clipView  = {\n\t\t shape: constants.VIEW_CLIP_SHAPE_ROUNDED_RECTANGLE,\n\t\t bounds: [5, 5, 5, 5],\n\t\t boundsInPixel: true,\n\t\t radius: 10\n};\n\n",
            "parentId": null
        }]
    }
}