{
    "AS_Form_fcd2546a3e404cebb6fe157dd3515fcf": {
        "id": "AS_Form_fcd2546a3e404cebb6fe157dd3515fcf",
        "type": "ACTION_SEQUENCE",
        "params": [{
            "datatype": "collection",
            "name": "eventobject"
        }],
        "contextObj": {
            "name": "Form5",
            "type": "forms",
            "platform": null,
            "KUID": "g148afc06e1d408a90d00a4007fbb7f2"
        },
        "language": "js",
        "actions": [{
            "id": "ADD_SNIPPET_ide_postShow_ec29be7195eb475482e68324993e24d6",
            "type": "ADD_SNIPPET",
            "codeSnippet": "this.view.Footer1.play();\n\nthis.view.Footer2.stop();\n\nthis.view.Footer3.stop();\n\nthis.view.Footer4.stop();\n"
        }, {
            "id": "INVOKE_FUNCTION__ide_postShow_fc6afbaa9313466486f28e7d84eab03d",
            "type": "INVOKE_FUNCTION",
            "sequenceKUID": "scheduleTimer",
            "display": "scheduleTimer",
            "inputparams": [],
            "disabled": null,
            "source": "controller"
        }, {
            "id": "INVOKE_FUNCTION__ide_postShow_b665e01a03a34901bd274778c6e40e0d",
            "type": "INVOKE_FUNCTION",
            "sequenceKUID": "setCallBackTimer",
            "display": "setCallBackTimer",
            "inputparams": [],
            "disabled": null,
            "source": "controller"
        }, {
            "id": "INVOKE_FUNCTION__ide_postShow_bd849810b5ff43068e29fea5c776a69c",
            "type": "INVOKE_FUNCTION",
            "sequenceKUID": "scheduleTimert1",
            "display": "scheduleTimert1",
            "inputparams": [],
            "disabled": null,
            "source": "controller"
        }, {
            "id": "INVOKE_FUNCTION__ide_postShow_e532e46460ef476ebf1cd6943ce0fd05",
            "type": "INVOKE_FUNCTION",
            "sequenceKUID": "setCallBackTimert1",
            "display": "setCallBackTimert1",
            "inputparams": [],
            "disabled": null,
            "source": "controller"
        }, {
            "id": "INVOKE_FUNCTION__ide_postShow_bd14c24f0f3e4e8e8562d6cc1d01ba1c",
            "type": "INVOKE_FUNCTION",
            "sequenceKUID": "scheduleTimer6",
            "display": "scheduleTimer6",
            "inputparams": [],
            "disabled": null,
            "source": "controller"
        }, {
            "id": "INVOKE_FUNCTION__ide_postShow_ca7a3f2fb46c4b2ba716a7e3598be391",
            "type": "INVOKE_FUNCTION",
            "sequenceKUID": "setCallBackTimer6",
            "display": "setCallBackTimer6",
            "inputparams": [],
            "disabled": null,
            "source": "controller"
        }, {
            "id": "INVOKE_FUNCTION__ide_postShow_f0acdf42490e4fe6922c1f90451b2a30",
            "type": "INVOKE_FUNCTION",
            "sequenceKUID": "scheduleTimer1",
            "display": "scheduleTimer1",
            "inputparams": [],
            "disabled": null,
            "source": "controller"
        }, {
            "id": "INVOKE_FUNCTION__ide_postShow_h5fd0c1720a948b685b689f77135c708",
            "type": "INVOKE_FUNCTION",
            "sequenceKUID": "scheduleTimer2",
            "display": "scheduleTimer2",
            "inputparams": [],
            "disabled": null,
            "source": "controller"
        }, {
            "id": "INVOKE_FUNCTION__ide_postShow_da7f8e692dea4b01bd99e7678ef2380d",
            "type": "INVOKE_FUNCTION",
            "sequenceKUID": "scheduleTimer4",
            "display": "scheduleTimer4",
            "inputparams": [],
            "disabled": null,
            "source": "controller"
        }, {
            "id": "INVOKE_FUNCTION__ide_postShow_e15edeff0cc246f28b3240b2724199e9",
            "type": "INVOKE_FUNCTION",
            "sequenceKUID": "scheduleTimer3",
            "display": "scheduleTimer3",
            "inputparams": [],
            "disabled": null,
            "source": "controller"
        }]
    }
}