{
    "AS_FlexContainer_bf0bb5ad681c404fb3eb14daa879c2fb": {
        "id": "AS_FlexContainer_bf0bb5ad681c404fb3eb14daa879c2fb",
        "type": "ACTION_SEQUENCE",
        "params": [{
            "datatype": "collection",
            "name": "eventobject"
        }, {
            "datatype": "string",
            "name": "x"
        }, {
            "datatype": "string",
            "name": "y"
        }],
        "contextObj": {
            "name": "Form2",
            "type": "forms",
            "platform": "",
            "KUID": "b0b4c2a85f4a47f2bf22d928663cebb7"
        },
        "language": "js",
        "actions": [{
            "id": "ADD_SNIPPET_h55ff4d150d5468481cc9022834c2567",
            "type": "ADD_SNIPPET",
            "codeSnippet": "",
            "parentId": null
        }]
    }
}