{
    "AS_FlexContainer_jd2602de4be849c6813ed99e433b2521": {
        "id": "AS_FlexContainer_jd2602de4be849c6813ed99e433b2521",
        "type": "ACTION_SEQUENCE",
        "params": [{
            "datatype": "collection",
            "name": "eventobject"
        }],
        "contextObj": {
            "name": "Form5",
            "type": "forms",
            "platform": null,
            "KUID": "g148afc06e1d408a90d00a4007fbb7f2"
        },
        "language": "js",
        "actions": [{
            "id": "INVOKE_FUNCTION__ide_onClick_dab5ae305efc434698960259e6ae5abc",
            "type": "INVOKE_FUNCTION",
            "sequenceKUID": "onClickFunc",
            "display": "onClickFunc",
            "inputparams": [],
            "callbackType": null,
            "disabled": null,
            "source": "controller"
        }]
    }
}