{
    "AS_FlexContainer_j81111516d5d47428bdd3b1ff534aa37": {
        "id": "AS_FlexContainer_j81111516d5d47428bdd3b1ff534aa37",
        "type": "ACTION_SEQUENCE",
        "params": [{
            "datatype": "collection",
            "name": "eventobject"
        }],
        "contextObj": {
            "name": "Form5",
            "type": "forms",
            "platform": null,
            "KUID": "g148afc06e1d408a90d00a4007fbb7f2"
        },
        "language": "js",
        "actions": [{
            "id": "INVOKE_FUNCTION__ide_onClick_bc3d0bbcb8404bf5bec0c925cc830a71",
            "type": "INVOKE_FUNCTION",
            "sequenceKUID": "onClickFunc",
            "display": "onClickFunc",
            "inputparams": [],
            "callbackType": null,
            "disabled": null,
            "source": "controller"
        }]
    }
}