{
    "AS_FlexContainer_i242f3839ecc4265ae907d33406fff07": {
        "id": "AS_FlexContainer_i242f3839ecc4265ae907d33406fff07",
        "type": "ACTION_SEQUENCE",
        "params": [{
            "datatype": "collection",
            "name": "eventobject"
        }],
        "contextObj": {
            "name": "Form5",
            "type": "forms",
            "platform": null,
            "KUID": "g148afc06e1d408a90d00a4007fbb7f2"
        },
        "language": "js",
        "actions": [{
            "id": "INVOKE_FUNCTION__ide_onClick_db0ee395ff2d4094a77ad2547a9e24dd",
            "type": "INVOKE_FUNCTION",
            "sequenceKUID": "onClickFunc",
            "display": "onClickFunc",
            "inputparams": [],
            "callbackType": null,
            "disabled": null,
            "source": "controller"
        }]
    }
}