{
    "AS_FlexContainer_f236ea5859134c6c994fe595e11920b9": {
        "id": "AS_FlexContainer_f236ea5859134c6c994fe595e11920b9",
        "type": "ACTION_SEQUENCE",
        "params": [{
            "datatype": "collection",
            "name": "eventobject"
        }, {
            "datatype": "string",
            "name": "x"
        }, {
            "datatype": "string",
            "name": "y"
        }],
        "contextObj": {
            "name": "Form2",
            "type": "forms",
            "platform": "",
            "KUID": "b0b4c2a85f4a47f2bf22d928663cebb7"
        },
        "language": "js",
        "actions": [{
            "id": "ADD_SNIPPET_gc2f438f818c4fa1894caba826c3f4bf",
            "type": "ADD_SNIPPET",
            "codeSnippet": "alert(JSON.stringify(this.view.multiseriesverticalbar.enableChartAnimation));\nthis.view.multiseriesverticalbar.enableChartAnimation = true;\nalert(JSON.stringify(this.view.multiseriesverticalbar.enableChartAnimation));",
            "parentId": null
        }]
    }
}