{
    "AS_FlexScrollContainer_gd0e5492e529468fa0e5bfcf0dfc9aed": {
        "id": "AS_FlexScrollContainer_gd0e5492e529468fa0e5bfcf0dfc9aed",
        "type": "ACTION_SEQUENCE",
        "params": [{
            "datatype": "collection",
            "name": "eventobject"
        }],
        "contextObj": {
            "name": "Form2",
            "type": "forms",
            "platform": "",
            "KUID": "b0b4c2a85f4a47f2bf22d928663cebb7"
        },
        "language": "js",
        "actions": [{
            "id": "ADD_SNIPPET_g3e617606aaf46f8ba7fc6be068515e3",
            "type": "ADD_SNIPPET",
            "codeSnippet": "/*var contentOffsety = this.view.flxScrollContainer.contentOffsetMeasured.y;\n//alert(contentOffsety);\nif (1150<=contentOffsety &&contentOffsety<=1450){\n  if (this.view.lblTap3.isVisible === true){\n    this.view.lblTap3.onTouchStart();\n   \n  }\n}\n\nif (1410<=contentOffsety &&contentOffsety<=1750){\n  if (this.view.lbld1.isVisible === false){\n    this.view.lblTap2.onTouchStart();\n  }\n}\n\n\n\nif (1750<=contentOffsety &&contentOffsety<=2000){\n this.view.Chat.play();\n}*/",
            "parentId": null
        }]
    }
}