{
    "AS_Form_j9e568045c96499e8cfbfe185424a549": {
        "id": "AS_Form_j9e568045c96499e8cfbfe185424a549",
        "type": "ACTION_SEQUENCE",
        "params": [{
            "datatype": "collection",
            "name": "eventobject"
        }, {
            "datatype": "string",
            "name": "x"
        }, {
            "datatype": "string",
            "name": "y"
        }],
        "contextObj": {
            "name": "Form2",
            "type": "forms",
            "platform": "",
            "KUID": "b0b4c2a85f4a47f2bf22d928663cebb7"
        },
        "language": "js",
        "actions": [{
            "id": "INVOKE_FUNCTION__c3bc53bb89f14d19bfa92dcdd8b6a745",
            "type": "INVOKE_FUNCTION",
            "sequenceKUID": "scheduleTimer1",
            "display": "scheduleTimer1",
            "inputparams": [],
            "parentId": "TRY_ACTION_b7e6072eeed443a0b51518e02496b8d1",
            "disabled": null,
            "source": "controller"
        }, {
            "id": "INVOKE_FUNCTION__fc2cefff4d4844e1adbb98a34fe87be0",
            "type": "INVOKE_FUNCTION",
            "sequenceKUID": "scheduleTimer2",
            "display": "scheduleTimer2",
            "inputparams": [],
            "parentId": "TRY_ACTION_b7e6072eeed443a0b51518e02496b8d1",
            "disabled": null,
            "source": "controller"
        }, {
            "id": "INVOKE_FUNCTION__b75f2e25ac8846db80f0772d2ed286dd",
            "type": "INVOKE_FUNCTION",
            "sequenceKUID": "scheduleTimer3",
            "display": "scheduleTimer3",
            "inputparams": [],
            "parentId": "TRY_ACTION_b7e6072eeed443a0b51518e02496b8d1",
            "disabled": null,
            "source": "controller"
        }, {
            "id": "INVOKE_FUNCTION__b54070db19d046ef9e0bb49907ea4851",
            "type": "INVOKE_FUNCTION",
            "sequenceKUID": "scheduleTimer4",
            "display": "scheduleTimer4",
            "inputparams": [],
            "parentId": "TRY_ACTION_b7e6072eeed443a0b51518e02496b8d1",
            "disabled": null,
            "source": "controller"
        }, {
            "id": "ADD_SNIPPET_ac16f2fb20f34be3b9b3b618a900293f",
            "type": "ADD_SNIPPET",
            "codeSnippet": "/*  Creating the component s object */\n/*\nvar multiseriesverticalbar1 = new com.konymp.multiseriesverticalbar(\n\n{\n\n\t\"autogrowMode\": kony.flex.AUTOGROW_NONE,\n\n\t\"clipBounds\": true,\n\n\t\"height\": \"100%\",\n\n\t\"id\": \"multiseriesverticalbar1\",\n\n\t\"isVisible\": true,\n\n\t\"layoutType\": kony.flex.FREE_FORM,\n\n\t\"left\": \"0%\",\n\n\t\"masterType\": constants.MASTER_TYPE_USERWIDGET,\n\n\t\"skin\": \"CopyCopyslFbox1\",\n\n\t\"top\": \"0%\",\n\n\t\"width\": \"100%\"\n\n}, {}, {});\n\n\n\nmultiseriesverticalbar1.enableGrid = true;\n\nmultiseriesverticalbar1.chartData =\n\n{\n\n\t\"data\":[\t{\n\n\t\t\"label\": \"FEB 20\",\n\n\t\t\"value1\": \"27\",\n\n\t\t\"value2\": \"55\",\n\n\t\t\"value3\": \"80\"\n\n\t},\n\n\t{\n\n\t\t\"label\": \"MAR 20\",\n\n\t\t\"value1\": \"40\",\n\n\t\t\"value2\": \"30\",\n\n\t\t\"value3\": \"70\"\n\n\t},\n\n\t{\n\n\t\t\"label\": \"APR 20\",\n\n\t\t\"value1\": \"65\",\n\n\t\t\"value2\": \"15\",\n\n\t\t\"value3\": \"85\"\n\n\t},\n\n\t{\n\n\t\t\"label\": \"MAY 20\",\n\n\t\t\"value1\": \"10\",\n\n\t\t\"value2\": \"25\",\n\n\t\t\"value3\": \"60\"\n\n\t}\n\n\t]\n\n};\n\nmultiseriesverticalbar1.chartTitle = \"\";\n\nmultiseriesverticalbar1.indicatorFontColor = \"#FFFFFF\";\n\nmultiseriesverticalbar1.barDetails =\n\n{\n\n\t\"data\":\n\n\t[\n\n\t{\"color\": \"#8CC7FC\", \"legendName\": \"blue\"},\n\n\t{\"color\": \"#FFFFFF\", \"legendName\": \"white\"},\n\n\t{\"color\": \"#3E6F9A\", \"legendName\": \"LightBlue\"}\n\n\t]\n\n};\n\nmultiseriesverticalbar1.xAxisTitle = \"\";\n\nmultiseriesverticalbar1.lowValue = \"0\";\n\nmultiseriesverticalbar1.highValue = \"90\";\n\nmultiseriesverticalbar1.enableChartAnimation = true;\n\nmultiseriesverticalbar1.enableLegends = false;\n\nmultiseriesverticalbar1.bgColor = \"#1E4495\";\n\nmultiseriesverticalbar1.yAxisTitle = \"\";\n\nmultiseriesverticalbar1.titleFontSize = \"6\";\n\nmultiseriesverticalbar1.indicatorFontSize = \"6\";\n\nmultiseriesverticalbar1.legendFontSize = \"50%\";\n\nmultiseriesverticalbar1.titleFontColor = \"#FFFFFF\";\n\nmultiseriesverticalbar1.legendFontColor = \"#FFFFFF\";\n\nmultiseriesverticalbar1.enableStaticPreview = true;\n\nthis.view.flxgrid.add(multiseriesverticalbar1);\n*/",
            "parentId": null
        }, {
            "id": "ADD_SNIPPET_a0ac369c024c4e9cbedac468a8f314ed",
            "type": "ADD_SNIPPET",
            "codeSnippet": "/*\nvar DonutChart = new com.konymp.donutchart(\n\n{\n\n\t\"clipBounds\": true,\n\n\t\"id\": \"DonutChart\",\n\n\t\"height\": \"100%\",\n\n\t\"width\": \"50%\",\n\n\t\"top\": \"0%\",\n\n\t\"left\": \"0%\",\n\n\t\"isVisible\": true,\n\n\t\"zIndex\": 1\n\n}, {}, {});\n\n\n\n// Setting the component s properties \n\nDonutChart.bgColor = \"#FFFFFF\";\n\nDonutChart.enableChartAnimation = true;\n\nDonutChart.enableStaticPreview = true;\n\nDonutChart.chartData =\n\n{\n\n\t\"data\":\n\n\t[\n\n\t\t{\"colorCode\": \"#1B9ED9\", \"label\": \"Data1\", \"value\": \"46\"},\n\n\t\t{\"colorCode\": \"#E2E9F0\", \"label\": \"Data2\", \"value\": \"54\"}\n\n\t\t\n\t]\n\n};\n\nDonutChart.enableLegend = false;\nDonutChart.legendFontColor = \"#FFFFFF\";\nDonutChart.legendFontSize = \"8\";\n\nDonutChart.chartTitle = \"\";\n\nDonutChart.titleFontColor = \"#FFFFFF\";\n\nDonutChart.titleFontSize = 12;\n\n\n\n//Adding the component to the form \nthis.view.flxbg.add(DonutChart);\n\n\n\n\n\n\nvar DonutChart1 = new com.konymp.donutchart(\n\n{\n\n\t\"clipBounds\": true,\n\n\t\"id\": \"DonutChart1\",\n\n\t\"height\": \"100%\",\n\n\t\"width\": \"50%\",\n\n\t\"top\": \"0%\",\n\n\t\"left\": \"50%\",\n\n\t\"isVisible\": true,\n\n\t\"zIndex\": 1\n\n}, {}, {});\n\n\n\n// Setting the component s properties \n\nDonutChart1.bgColor = \"#FFFFFF\";\n\nDonutChart1.enableChartAnimation = true;\n\nDonutChart1.enableStaticPreview = true;\n\nDonutChart1.chartData =\n\n{\n\n\t\"data\":\n\n\t[\n\n\t\t{\"colorCode\": \"#57CE42\", \"label\": \"Data1\", \"value\": \"25\"},\n\n\t\t{\"colorCode\": \"#E2E9F0\", \"label\": \"Data2\", \"value\": \"75\"}\n\n\t\t\n\t]\n\n};\n\nDonutChart1.enableLegend = false;\nDonutChart1.legendFontColor = \"#FFFFFF\";\nDonutChart1.legendFontSize = \"8\";\n\nDonutChart1.chartTitle = \"\";\n\nDonutChart1.titleFontColor = \"#FFFFFF\";\n\nDonutChart1.titleFontSize = 12;\n\n\n\n// Adding the component to the form \nthis.view.flxbg.add(DonutChart1);\n*/",
            "parentId": null
        }, {
            "id": "ADD_SNIPPET_g6ae02be46924769b0562bf1a6560feb",
            "type": "ADD_SNIPPET",
            "codeSnippet": "/*var contentOffsety = this.view.flxScrollContainer.contentOffsetMeasured.y;\n//alert(contentOffsety);\nif (1150<=contentOffsety &&contentOffsety<=1450){\n  if (this.view.lblTap3.isVisible === true){\n    this.view.lblTap3.onTouchStart();\n   \n  }\n}\n\nif (1410<=contentOffsety &&contentOffsety<=1750){\n  if (this.view.lblTap2.isVisible === true){\n    this.view.lblTap2.onTouchStart();\n   \n  }\n}\n\n\n\nif (1750<=contentOffsety &&contentOffsety<=2000){\n this.view.Chat.play();\n}*/",
            "parentId": null
        }, {
            "id": "TRY_ACTION_b7e6072eeed443a0b51518e02496b8d1",
            "type": "TRY_ACTION",
            "parentId": null
        }, {
            "id": "CATCH_ACTION_hd29b012d4e344ad980714d8e87e260c",
            "catchcode": "catch(ex){ \n  y=0;\n  a=0;\n  r=0;\n  s=0;\n  this.view.lblFico.text = \"705\";\n  this.view.lblApproval.text= \"12\";\n  this.view.lblRequest.text=\"5\";\n  this.view.lblSpending.text = \"$2,274\";\n  kony.timer.cancel(\"timer1\");\n  kony.timer.cancel(\"timer2\");\n  kony.timer.cancel(\"timer3\");\n  kony.timer.cancel(\"timer4\");  \n}",
            "type": "CATCH_ACTION",
            "parentId": null
        }, {
            "id": "FINALLY_ACTION_d0de497077134f379f53bb46bcb265f4",
            "type": "FINALLY_ACTION",
            "parentId": null
        }]
    }
}