{
    "AS_FlexContainer_j8cb30e215cc47b88b153ababa8c957f": {
        "id": "AS_FlexContainer_j8cb30e215cc47b88b153ababa8c957f",
        "type": "ACTION_SEQUENCE",
        "params": [{
            "datatype": "collection",
            "name": "eventobject"
        }, {
            "datatype": "string",
            "name": "x"
        }, {
            "datatype": "string",
            "name": "y"
        }],
        "contextObj": {
            "name": "Form5",
            "type": "forms",
            "platform": null,
            "KUID": "g148afc06e1d408a90d00a4007fbb7f2"
        },
        "language": "js",
        "actions": [{
            "id": "ADD_SNIPPET_ide_onTouchStart_e1ce17df06bf4a6bb6022469f010ea84",
            "type": "ADD_SNIPPET",
            "codeSnippet": "//  Creating the component s object \n/*\nvar multiseriesverticalbar1 = new com.konymp.multiseriesverticalbar(\n\n{\n\n\t\"autogrowMode\": kony.flex.AUTOGROW_NONE,\n\n\t\"clipBounds\": true,\n\n\t\"height\": \"100%\",\n\n\t\"id\": \"multiseriesverticalbar1\",\n\n\t\"isVisible\": true,\n\n\t\"layoutType\": kony.flex.FREE_FORM,\n\n\t\"left\": \"0%\",\n\n\t\"masterType\": constants.MASTER_TYPE_USERWIDGET,\n\n\t\"skin\": \"CopyCopyslFbox1\",\n\n\t\"top\": \"0%\",\n\n\t\"width\": \"100%\"\n\n}, {}, {});\n\n\n\nmultiseriesverticalbar1.enableGrid = true;\n\nmultiseriesverticalbar1.chartData =\n\n{\n\n\t\"data\":[\t{\n\n\t\t\"label\": \"FEB 20\",\n\n\t\t\"value1\": \"27\",\n\n\t\t\"value2\": \"55\",\n\n\t\t\"value3\": \"80\"\n\n\t},\n\n\t{\n\n\t\t\"label\": \"MAR 20\",\n\n\t\t\"value1\": \"40\",\n\n\t\t\"value2\": \"30\",\n\n\t\t\"value3\": \"70\"\n\n\t},\n\n\t{\n\n\t\t\"label\": \"APR 20\",\n\n\t\t\"value1\": \"65\",\n\n\t\t\"value2\": \"15\",\n\n\t\t\"value3\": \"85\"\n\n\t},\n\n\t{\n\n\t\t\"label\": \"MAY 20\",\n\n\t\t\"value1\": \"10\",\n\n\t\t\"value2\": \"25\",\n\n\t\t\"value3\": \"60\"\n\n\t}\n\n\t]\n\n};\n\nmultiseriesverticalbar1.chartTitle = \"\";\n\nmultiseriesverticalbar1.indicatorFontColor = \"#FFFFFF\";\n\nmultiseriesverticalbar1.barDetails =\n\n{\n\n\t\"data\":\n\n\t[\n\n\t{\"color\": \"#8CC7FC\", \"legendName\": \"blue\"},\n\n\t{\"color\": \"#FFFFFF\", \"legendName\": \"white\"},\n\n\t{\"color\": \"#3E6F9A\", \"legendName\": \"LightBlue\"}\n\n\t]\n\n};\n\nmultiseriesverticalbar1.xAxisTitle = \"\";\n\nmultiseriesverticalbar1.lowValue = \"0\";\n\nmultiseriesverticalbar1.highValue = \"90\";\n\nmultiseriesverticalbar1.enableChartAnimation = true;\n\nmultiseriesverticalbar1.enableLegends = false;\n\nmultiseriesverticalbar1.bgColor = \"#1E4495\";\n\nmultiseriesverticalbar1.yAxisTitle = \"\";\n\nmultiseriesverticalbar1.titleFontSize = \"6\";\n\nmultiseriesverticalbar1.indicatorFontSize = \"6\";\n\nmultiseriesverticalbar1.legendFontSize = \"50%\";\n\nmultiseriesverticalbar1.titleFontColor = \"#FFFFFF\";\n\nmultiseriesverticalbar1.legendFontColor = \"#FFFFFF\";\n\nmultiseriesverticalbar1.enableStaticPreview = true;\n\nthis.view.flxgrid.add(multiseriesverticalbar1);\n*/"
        }]
    }
}