{
    "AS_FlexScrollContainer_bc592e7bdb5046c7b471e2e65eb02fe1": {
        "id": "AS_FlexScrollContainer_bc592e7bdb5046c7b471e2e65eb02fe1",
        "type": "ACTION_SEQUENCE",
        "params": [{
            "datatype": "collection",
            "name": "eventobject"
        }, {
            "datatype": "string",
            "name": "x"
        }, {
            "datatype": "string",
            "name": "y"
        }],
        "contextObj": {
            "name": "Form5",
            "type": "forms",
            "platform": null,
            "KUID": "g148afc06e1d408a90d00a4007fbb7f2"
        },
        "language": "js",
        "actions": [{
            "id": "ADD_SNIPPET_ide_onTouchStart_f97ee14d9b3a49e5bceda3324e6b7100",
            "type": "ADD_SNIPPET",
            "codeSnippet": "//this.view.multiseriesverticalbar.enableChartAnimation = false;\n//this.view.multiseriesverticalbar.enableChartAnimation = true;"
        }]
    }
}