{
    "AS_FlexScrollContainer_i3abb2fa87994c28a8f8300a2503cf15": {
        "id": "AS_FlexScrollContainer_i3abb2fa87994c28a8f8300a2503cf15",
        "type": "ACTION_SEQUENCE",
        "params": [{
            "datatype": "collection",
            "name": "eventobject"
        }],
        "contextObj": {
            "name": "Form5",
            "type": "forms",
            "platform": null,
            "KUID": "g148afc06e1d408a90d00a4007fbb7f2"
        },
        "language": "js",
        "actions": [{
            "id": "ADD_SNIPPET_ide_onScrollEnd_c85085e9326b478f95af54b9b20eea06",
            "type": "ADD_SNIPPET",
            "codeSnippet": "/*var contentOffsety = this.view.flxScrollContainer.contentOffsetMeasured.y;\n//alert(contentOffsety);\nif (1150<=contentOffsety &&contentOffsety<=1450){\n  if (this.view.lblTap3.isVisible === true){\n    this.view.lblTap3.onTouchStart();\n   \n  }\n}\n\nif (1410<=contentOffsety &&contentOffsety<=1750){\n  if (this.view.lbld1.isVisible === false){\n    this.view.lblTap2.onTouchStart();\n  }\n}\n\n\n\nif (1750<=contentOffsety &&contentOffsety<=2000){\n this.view.Chat.play();\n}*/"
        }]
    }
}