{
    "AS_Form_a69b9a79c82f41ad9de690d72ac0b552": {
        "id": "AS_Form_a69b9a79c82f41ad9de690d72ac0b552",
        "type": "ACTION_SEQUENCE",
        "params": [{
            "datatype": "collection",
            "name": "eventobject"
        }],
        "contextObj": {
            "name": "Form5",
            "type": "forms",
            "platform": null,
            "KUID": "g148afc06e1d408a90d00a4007fbb7f2"
        },
        "language": "js",
        "actions": [{
            "id": "ADD_SNIPPET_ide_preShow_d771fd9fc8844ba589c5d490fda31809",
            "type": "ADD_SNIPPET",
            "codeSnippet": "ficocount = p = x = y = a = r = timercountr1 = timercount = timer1count = timer2count = timer3count = 0;"
        }, {
            "id": "ADD_SNIPPET_ide_preShow_j85a6e9316c14ca39ce8b9932645ea8c",
            "type": "ADD_SNIPPET",
            "codeSnippet": "kony.timer.cancel(\"timer\");\nkony.timer.cancel(\"timert1\");\nkony.timer.cancel(\"timer1\");\nkony.timer.cancel(\"timer2\");\nkony.timer.cancel(\"timer3\");\nkony.timer.cancel(\"timer4\");\nkony.timer.cancel(\"timer6\");"
        }]
    }
}