{
    "AS_FlexContainer_bb3831213ac54356b5fde8caea20a75a": {
        "id": "AS_FlexContainer_bb3831213ac54356b5fde8caea20a75a",
        "type": "ACTION_SEQUENCE",
        "params": [{
            "datatype": "collection",
            "name": "eventobject"
        }],
        "contextObj": {
            "name": "Form5",
            "type": "forms",
            "platform": null,
            "KUID": "g148afc06e1d408a90d00a4007fbb7f2"
        },
        "language": "js",
        "actions": [{
            "id": "INVOKE_FUNCTION__ide_onClick_c5e8880455f2469680930d8c31e8b251",
            "type": "INVOKE_FUNCTION",
            "sequenceKUID": "onClickFunc",
            "display": "onClickFunc",
            "inputparams": [],
            "callbackType": null,
            "disabled": null,
            "source": "controller"
        }]
    }
}