{
    "AS_FlexScrollContainer_a5be53d10d834b0994f0b1b815c58e26": {
        "id": "AS_FlexScrollContainer_a5be53d10d834b0994f0b1b815c58e26",
        "type": "ACTION_SEQUENCE",
        "params": [{
            "datatype": "collection",
            "name": "eventobject"
        }],
        "contextObj": {
            "name": "Form2",
            "type": "forms",
            "platform": "",
            "KUID": "b0b4c2a85f4a47f2bf22d928663cebb7"
        },
        "language": "js",
        "actions": [{
            "id": "ADD_SNIPPET_e712d4ae8f3b4e17936d3f9cb4b7783f",
            "type": "ADD_SNIPPET",
            "codeSnippet": "alert(\"scrolling\");\nthis.view.multiseriesverticalbar.enableChartAnimation = true;",
            "parentId": null
        }]
    }
}