{
    "AS_Form_g9fc45d93bc4464ba8d75da9c49f76d5": {
        "id": "AS_Form_g9fc45d93bc4464ba8d75da9c49f76d5",
        "type": "ACTION_SEQUENCE",
        "params": [{
            "datatype": "collection",
            "name": "eventobject"
        }],
        "contextObj": {
            "name": "Form2",
            "type": "forms",
            "platform": "",
            "KUID": "b0b4c2a85f4a47f2bf22d928663cebb7"
        },
        "language": "js",
        "actions": [{
            "id": "ADD_SNIPPET_debf70a2ca6641ffacd5e6c113531dc1",
            "type": "ADD_SNIPPET",
            "codeSnippet": "this.view.Footer1.play();\n\nthis.view.Footer2.stop();\n\nthis.view.Footer3.stop();\n\nthis.view.Footer4.stop();\n",
            "parentId": null
        }, {
            "id": "INVOKE_FUNCTION__h74612a0578e47fc87b90e82ac40f5ed",
            "type": "INVOKE_FUNCTION",
            "sequenceKUID": "scheduleTimer",
            "display": "scheduleTimer",
            "inputparams": [],
            "parentId": null,
            "disabled": null,
            "source": "controller"
        }, {
            "id": "INVOKE_FUNCTION__ff7895cec43e4cf283628b1ad7cc3e1f",
            "type": "INVOKE_FUNCTION",
            "sequenceKUID": "setCallBackTimer",
            "display": "setCallBackTimer",
            "inputparams": [],
            "parentId": null,
            "disabled": null,
            "source": "controller"
        }, {
            "id": "INVOKE_FUNCTION__e536b65af6554c60bb8d48c69fc7ece8",
            "type": "INVOKE_FUNCTION",
            "sequenceKUID": "scheduleTimert1",
            "display": "scheduleTimert1",
            "inputparams": [],
            "parentId": null,
            "disabled": null,
            "source": "controller"
        }, {
            "id": "INVOKE_FUNCTION__h9066dff6df44846a92f4fcdfb69f825",
            "type": "INVOKE_FUNCTION",
            "sequenceKUID": "setCallBackTimert1",
            "display": "setCallBackTimert1",
            "inputparams": [],
            "parentId": null,
            "disabled": null,
            "source": "controller"
        }, {
            "id": "INVOKE_FUNCTION__b9d2f0892cc34bbf8ac94210fecd9292",
            "type": "INVOKE_FUNCTION",
            "sequenceKUID": "scheduleTimer6",
            "display": "scheduleTimer6",
            "inputparams": [],
            "parentId": null,
            "disabled": null,
            "source": "controller"
        }, {
            "id": "INVOKE_FUNCTION__hd8e22bc0308464aa4fbd8b0de38f00b",
            "type": "INVOKE_FUNCTION",
            "sequenceKUID": "setCallBackTimer6",
            "display": "setCallBackTimer6",
            "inputparams": [],
            "parentId": null,
            "disabled": null,
            "source": "controller"
        }, {
            "id": "INVOKE_FUNCTION__cb1cce828f0e4bfab3645be41823e980",
            "type": "INVOKE_FUNCTION",
            "sequenceKUID": "scheduleTimer1",
            "display": "scheduleTimer1",
            "inputparams": [],
            "parentId": null,
            "disabled": null,
            "source": "controller"
        }, {
            "id": "INVOKE_FUNCTION__f6ae86f0b4df4ce0a1e3de27556804d7",
            "type": "INVOKE_FUNCTION",
            "sequenceKUID": "scheduleTimer2",
            "display": "scheduleTimer2",
            "inputparams": [],
            "parentId": null,
            "disabled": null,
            "source": "controller"
        }, {
            "id": "INVOKE_FUNCTION__d038388099cc4e0a8ade0af877e62858",
            "type": "INVOKE_FUNCTION",
            "sequenceKUID": "scheduleTimer4",
            "display": "scheduleTimer4",
            "inputparams": [],
            "parentId": null,
            "disabled": null,
            "source": "controller"
        }, {
            "id": "INVOKE_FUNCTION__ff559590cc6b4c198bd6697358031963",
            "type": "INVOKE_FUNCTION",
            "sequenceKUID": "scheduleTimer3",
            "display": "scheduleTimer3",
            "inputparams": [],
            "parentId": null,
            "disabled": null,
            "source": "controller"
        }]
    }
}