{
    "AS_Form_i9c7d3cd93c14c888321adb9c79abb15": {
        "id": "AS_Form_i9c7d3cd93c14c888321adb9c79abb15",
        "type": "ACTION_SEQUENCE",
        "params": [{
            "datatype": "collection",
            "name": "eventobject"
        }],
        "contextObj": {
            "name": "Form2",
            "type": "forms",
            "platform": "",
            "KUID": "b0b4c2a85f4a47f2bf22d928663cebb7"
        },
        "language": "js",
        "actions": [{
            "id": "ADD_SNIPPET_ie5c8e17babb4fbf992301b538e276f5",
            "type": "ADD_SNIPPET",
            "codeSnippet": "this.view.Footer1.stop();\nthis.view.Footer2.stop();\nthis.view.Footer3.stop();\nthis.view.Footer4.stop();\n",
            "parentId": null
        }]
    }
}