{
    "AS_FlexContainer_g5ec9ec694b048ae8279cc1614b7deb8": {
        "id": "AS_FlexContainer_g5ec9ec694b048ae8279cc1614b7deb8",
        "type": "ACTION_SEQUENCE",
        "params": [{
            "datatype": "collection",
            "name": "eventobject"
        }],
        "contextObj": {
            "name": "Form5",
            "type": "forms",
            "platform": null,
            "KUID": "g148afc06e1d408a90d00a4007fbb7f2"
        },
        "language": "js",
        "actions": [{
            "id": "INVOKE_FUNCTION__ide_onClick_d30350ea2f1d4e22a71405bcfa3cf819",
            "type": "INVOKE_FUNCTION",
            "sequenceKUID": "onClickFunc",
            "display": "onClickFunc",
            "inputparams": [],
            "callbackType": null,
            "disabled": null,
            "source": "controller"
        }]
    }
}