{
    "AS_Image_c1a5a52bd9f64498bfb145805e97a9d4": {
        "id": "AS_Image_c1a5a52bd9f64498bfb145805e97a9d4",
        "type": "ACTION_SEQUENCE",
        "params": [{
            "datatype": "collection",
            "name": "eventobject"
        }, {
            "datatype": "string",
            "name": "x"
        }, {
            "datatype": "string",
            "name": "y"
        }],
        "contextObj": {
            "name": "Form2",
            "type": "forms",
            "platform": "",
            "KUID": "b0b4c2a85f4a47f2bf22d928663cebb7"
        },
        "language": "js",
        "actions": [{
            "id": "ADD_SNIPPET_f4762b34659248b7a8dd7ee1b0326b65",
            "type": "ADD_SNIPPET",
            "codeSnippet": "this.view.Footer3.play();\n\nthis.view.Footer1.stop();\nthis.view.Footer1.play();\nthis.view.Footer1.pause();\n\nthis.view.Footer2.stop();\nthis.view.Footer2.play();\nthis.view.Footer2.pause();\n\nthis.view.Footer4.stop();\nthis.view.Footer4.play();\nthis.view.Footer4.pause();",
            "parentId": null
        }]
    }
}