{
    "AS_Image_f197b8b5838f42c394226d8f90e69501": {
        "id": "AS_Image_f197b8b5838f42c394226d8f90e69501",
        "type": "ACTION_SEQUENCE",
        "params": [{
            "datatype": "collection",
            "name": "eventobject"
        }, {
            "datatype": "string",
            "name": "x"
        }, {
            "datatype": "string",
            "name": "y"
        }],
        "contextObj": {
            "name": "Form2",
            "type": "forms",
            "platform": "",
            "KUID": "b0b4c2a85f4a47f2bf22d928663cebb7"
        },
        "language": "js",
        "actions": [{
            "id": "NAVIGATE_TO_FORM__b81f51905ba1430fb333d1c1055135bf",
            "type": "NAVIGATE_TO_FORM",
            "formId": "Form3",
            "formKUID": "ga461bf5c5344494b9d9e8721aa93ff3",
            "mappings": {},
            "mappingsOrder": [],
            "enableMappingEditor": true,
            "package": "",
            "isCustomInput": false
        }]
    }
}