{
    "AS_Image_g4204950c47b42bd8e9305c19368f5c5": {
        "id": "AS_Image_g4204950c47b42bd8e9305c19368f5c5",
        "type": "ACTION_SEQUENCE",
        "params": [{
            "datatype": "collection",
            "name": "eventobject"
        }, {
            "datatype": "string",
            "name": "x"
        }, {
            "datatype": "string",
            "name": "y"
        }],
        "contextObj": {
            "name": "Form2",
            "type": "forms",
            "platform": "",
            "KUID": "b0b4c2a85f4a47f2bf22d928663cebb7"
        },
        "language": "js",
        "actions": [{
            "id": "ADD_SNIPPET_j1278508577b4bb0a9b5ac5ea4ac3c5d",
            "type": "ADD_SNIPPET",
            "codeSnippet": "this.view.imgFooter4.isVisible=false;\nthis.view.Footer4.isVisible=true;\nthis.view.Footer4.play();\n\nthis.view.imgFooter2.isVisible=true;\nthis.view.Footer2.isVisible=false;\n\nthis.view.imgFooter3.isVisible=true;\nthis.view.Footer3.isVisible=false;\n\nthis.view.Footer1.stop();\nthis.view.Footer1.play();\nthis.view.Footer1.pause();",
            "parentId": null
        }]
    }
}