{
    "AS_Image_dc4c95050efe4434b3614738ea3cb167": {
        "id": "AS_Image_dc4c95050efe4434b3614738ea3cb167",
        "type": "ACTION_SEQUENCE",
        "params": [{
            "datatype": "collection",
            "name": "eventobject"
        }, {
            "datatype": "string",
            "name": "x"
        }, {
            "datatype": "string",
            "name": "y"
        }],
        "contextObj": {
            "name": "Form5",
            "type": "forms",
            "platform": null,
            "KUID": "g148afc06e1d408a90d00a4007fbb7f2"
        },
        "language": "js",
        "actions": [{
            "id": "ADD_SNIPPET_ide_onTouchStart_d5705f46ee544d29b6776a7194289b06",
            "type": "ADD_SNIPPET",
            "codeSnippet": "this.view.Footer3.play();\n\nthis.view.Footer1.stop();\nthis.view.Footer1.play();\nthis.view.Footer1.pause();\n\nthis.view.Footer2.stop();\nthis.view.Footer2.play();\nthis.view.Footer2.pause();\n\nthis.view.Footer4.stop();\nthis.view.Footer4.play();\nthis.view.Footer4.pause();"
        }]
    }
}