{
    "AS_Image_e7509ebbd5f143319f0e3faa397748c4": {
        "id": "AS_Image_e7509ebbd5f143319f0e3faa397748c4",
        "type": "ACTION_SEQUENCE",
        "params": [{
            "datatype": "collection",
            "name": "eventobject"
        }, {
            "datatype": "string",
            "name": "x"
        }, {
            "datatype": "string",
            "name": "y"
        }],
        "contextObj": {
            "name": "Form5",
            "type": "forms",
            "platform": null,
            "KUID": "g148afc06e1d408a90d00a4007fbb7f2"
        },
        "language": "js",
        "actions": [{
            "id": "ADD_SNIPPET_ide_onTouchStart_b8107f8c2d6a41dfbf4c0d8f7214bab5",
            "type": "ADD_SNIPPET",
            "codeSnippet": "this.view.imgFooter4.isVisible=false;\nthis.view.Footer4.isVisible=true;\nthis.view.Footer4.play();\n\nthis.view.imgFooter2.isVisible=true;\nthis.view.Footer2.isVisible=false;\n\nthis.view.imgFooter3.isVisible=true;\nthis.view.Footer3.isVisible=false;\n\nthis.view.Footer1.stop();\nthis.view.Footer1.play();\nthis.view.Footer1.pause();"
        }]
    }
}