{
    "AS_Image_a6d37f581b674e8e88fb2d246745da54": {
        "id": "AS_Image_a6d37f581b674e8e88fb2d246745da54",
        "type": "ACTION_SEQUENCE",
        "params": [{
            "datatype": "collection",
            "name": "eventobject"
        }, {
            "datatype": "string",
            "name": "x"
        }, {
            "datatype": "string",
            "name": "y"
        }],
        "contextObj": {
            "name": "Form5",
            "type": "forms",
            "platform": null,
            "KUID": "g148afc06e1d408a90d00a4007fbb7f2"
        },
        "language": "js",
        "actions": [{
            "id": "ADD_SNIPPET_ide_onTouchStart_d644d2ffd6d3460a83eb32cc0fdca291",
            "type": "ADD_SNIPPET",
            "codeSnippet": "this.view.imgFooter1.isVisible=false;\nthis.view.Footer1.isVisible=true;\nthis.view.Footer1.play();\n\nthis.view.imgFooter2.isVisible=true;\nthis.view.Footer2.isVisible=false;\n\nthis.view.imgFooter3.isVisible=true;\nthis.view.Footer3.isVisible=false;\n\nthis.view.imgFooter4.isVisible=true;\nthis.view.Footer4.isVisible=false;"
        }]
    }
}