{
    "AS_Image_f17927654203456cb3e61b80eaff9e8e": {
        "id": "AS_Image_f17927654203456cb3e61b80eaff9e8e",
        "type": "ACTION_SEQUENCE",
        "params": [{
            "datatype": "collection",
            "name": "eventobject"
        }, {
            "datatype": "string",
            "name": "x"
        }, {
            "datatype": "string",
            "name": "y"
        }],
        "contextObj": {
            "name": "Form5",
            "type": "forms",
            "platform": null,
            "KUID": "g148afc06e1d408a90d00a4007fbb7f2"
        },
        "language": "js",
        "actions": [{
            "id": "NAVIGATE_TO_FORM__ide_onTouchStart_dcc8cba841b5484dbdc043cbfe3bc492",
            "type": "NAVIGATE_TO_FORM",
            "formId": "Form3",
            "formKUID": "ga461bf5c5344494b9d9e8721aa93ff3",
            "mappings": {},
            "mappingsOrder": [],
            "enableMappingEditor": true,
            "package": "",
            "isCustomInput": false
        }]
    }
}