{
    "AS_Image_e150107af37f4fbb94f1ae296fed02b9": {
        "id": "AS_Image_e150107af37f4fbb94f1ae296fed02b9",
        "type": "ACTION_SEQUENCE",
        "params": [{
            "datatype": "collection",
            "name": "eventobject"
        }, {
            "datatype": "string",
            "name": "x"
        }, {
            "datatype": "string",
            "name": "y"
        }],
        "contextObj": {
            "name": "Form2",
            "type": "forms",
            "platform": "",
            "KUID": "b0b4c2a85f4a47f2bf22d928663cebb7"
        },
        "language": "js",
        "actions": [{
            "id": "ADD_SNIPPET_b3ab1c1b06ff4793ab72026d61876ffd",
            "type": "ADD_SNIPPET",
            "codeSnippet": "this.view.Footer2.play();\n\nthis.view.Footer1.stop();\nthis.view.Footer1.play();\nthis.view.Footer1.pause();\n\nthis.view.Footer3.stop();\nthis.view.Footer3.play();\nthis.view.Footer3.pause();\n\nthis.view.Footer4.stop();\nthis.view.Footer4.play();\nthis.view.Footer4.pause();",
            "parentId": null
        }]
    }
}