{
    "AS_Image_c38f0466ce704b4597034094f8c29759": {
        "id": "AS_Image_c38f0466ce704b4597034094f8c29759",
        "type": "ACTION_SEQUENCE",
        "params": [{
            "datatype": "collection",
            "name": "eventobject"
        }, {
            "datatype": "string",
            "name": "x"
        }, {
            "datatype": "string",
            "name": "y"
        }],
        "contextObj": {
            "name": "Form5",
            "type": "forms",
            "platform": null,
            "KUID": "g148afc06e1d408a90d00a4007fbb7f2"
        },
        "language": "js",
        "actions": [{
            "id": "ADD_SNIPPET_ide_onTouchStart_a4fb26ca1dd74cb097b1812483c9b6f8",
            "type": "ADD_SNIPPET",
            "codeSnippet": "this.view.Footer2.play();\n\nthis.view.Footer1.stop();\nthis.view.Footer1.play();\nthis.view.Footer1.pause();\n\nthis.view.Footer3.stop();\nthis.view.Footer3.play();\nthis.view.Footer3.pause();\n\nthis.view.Footer4.stop();\nthis.view.Footer4.play();\nthis.view.Footer4.pause();"
        }]
    }
}