{
    "AS_Image_b8e5da6a195d4f629a253cf284ae03e7": {
        "id": "AS_Image_b8e5da6a195d4f629a253cf284ae03e7",
        "type": "ACTION_SEQUENCE",
        "params": [{
            "datatype": "collection",
            "name": "eventobject"
        }, {
            "datatype": "string",
            "name": "x"
        }, {
            "datatype": "string",
            "name": "y"
        }],
        "contextObj": {
            "name": "Form2",
            "type": "forms",
            "platform": "",
            "KUID": "b0b4c2a85f4a47f2bf22d928663cebb7"
        },
        "language": "js",
        "actions": [{
            "id": "ADD_SNIPPET_g40f3f3c8fa94891888a13beb032c5ae",
            "type": "ADD_SNIPPET",
            "codeSnippet": "this.view.imgFooter1.isVisible=false;\nthis.view.Footer1.isVisible=true;\nthis.view.Footer1.play();\n\nthis.view.imgFooter2.isVisible=true;\nthis.view.Footer2.isVisible=false;\n\nthis.view.imgFooter3.isVisible=true;\nthis.view.Footer3.isVisible=false;\n\nthis.view.imgFooter4.isVisible=true;\nthis.view.Footer4.isVisible=false;",
            "parentId": null
        }]
    }
}