{
    "AS_Label_hf01248d0f484952975f8a2bad9908db": {
        "id": "AS_Label_hf01248d0f484952975f8a2bad9908db",
        "type": "ACTION_SEQUENCE",
        "params": [{
            "datatype": "collection",
            "name": "eventobject"
        }, {
            "datatype": "string",
            "name": "x"
        }, {
            "datatype": "string",
            "name": "y"
        }],
        "contextObj": {
            "name": "Form2",
            "type": "forms",
            "platform": "",
            "KUID": "b0b4c2a85f4a47f2bf22d928663cebb7"
        },
        "language": "js",
        "actions": [{
            "id": "ADD_SNIPPET_i6257b2437a94105b28d5da3922ac7dd",
            "type": "ADD_SNIPPET",
            "codeSnippet": "this.view.lblTap3.isVisible = false;\nvar areachart = new com.konymp.areachart(\n\n  {\n\n    \"autogrowMode\": kony.flex.AUTOGROW_NONE,\n\n    \"clipBounds\": true,\n\n    \"id\": \"areachart\",\n\n    \"height\": \"100%\",\n\n    \"width\": \"100%\",\n\n    \"top\": \"0%\",\n\n    \"left\": \"0%\",\n\n    \"isVisible\": true,\n\n    \"zIndex\": 1,\n\n    \"layoutType\": kony.flex.FREE_FORM,\n\n    \"skin\": \"slFbox\",\n\n    \"masterType\": constants.MASTER_TYPE_USERWIDGET\n\n  }, {}, {});\n\n\n\n/* Setting the component s properties */\n\nareachart.graphColor = \"#52b7ce\";\n\nareachart.bgColor = \"#FFFFFF\";\n\nareachart.lowValue = \"600\";\n\nareachart.highValue = \"5000\";\n\nareachart.enableStaticPreview = true;\n\nareachart.enableChartAnimation = true;\n\nareachart.xAxisTitle = \"\";\n\nareachart.yAxisTitle = \"\";\n\nareachart.enableGrid = false;\n\nareachart.enableGridAnimation = false;\n\nareachart.chartTitle = \"\";\n\nareachart.titleFontColor = \"#FFFFFF\";\n\nareachart.titleFontSize = \"12\";\n\nareachart.chartData =\n\n  {\n\n  \"data\":\n\n  [\n\n    {\"dataVal\": 900, \"lblName\": \"Mar\"},\n\n    {\"dataVal\": 2200, \"lblName\": \"May\"},\n\n    {\"dataVal\": 3500, \"lblName\": \"Jul\"},\n\n    {\"dataVal\": 1200, \"lblName\": \"Sep\"},\n\n    {\"dataVal\": 2700, \"lblName\": \"Nov\"},\n\n    {\"dataVal\": 3800, \"lblName\": \"Jan\"},\n\n    {\"dataVal\": 1500, \"lblName\": \"Mar\"}\n\n\n  ]\n\n};\n\n\n\nthis.view.flxBgTotalBalance.add(areachart);\n",
            "parentId": null
        }]
    }
}