{
    "AS_Label_fd444f1dc1934d1290b8b24a975fb594": {
        "id": "AS_Label_fd444f1dc1934d1290b8b24a975fb594",
        "type": "ACTION_SEQUENCE",
        "params": [{
            "datatype": "collection",
            "name": "eventobject"
        }, {
            "datatype": "string",
            "name": "x"
        }, {
            "datatype": "string",
            "name": "y"
        }],
        "contextObj": {
            "name": "Form2",
            "type": "forms",
            "platform": "",
            "KUID": "b0b4c2a85f4a47f2bf22d928663cebb7"
        },
        "language": "js",
        "actions": [{
            "id": "ADD_SNIPPET_bf245efc4f7d4adabcbe69872aad7b04",
            "type": "ADD_SNIPPET",
            "codeSnippet": "this.view.lblTap.isVisible = false;\nthis.view.lbld1.isVisible = true;\nthis.view.lbld12.isVisible = true;\nthis.view.lbld2.isVisible = true;\nthis.view.lbld22.isVisible = true;\nvar DonutChart = new com.konymp.donutchart(\n\n{\n\n\t\"clipBounds\": true,\n\n\t\"id\": \"DonutChart\",\n\n\t\"height\": \"100%\",\n\n\t\"width\": \"50%\",\n\n\t\"top\": \"0%\",\n\n\t\"left\": \"0%\",\n\n\t\"isVisible\": true,\n\n\t\"zIndex\": 1\n\n}, {}, {});\n\n\n\n/* Setting the component s properties */\n\nDonutChart.bgColor = \"#FFFFFF\";\n\nDonutChart.enableChartAnimation = true;\n\nDonutChart.enableStaticPreview = true;\n\nDonutChart.chartData =\n\n{\n\n\t\"data\":\n\n\t[\n\n\t\t{\"colorCode\": \"#1B9ED9\", \"label\": \"Data1\", \"value\": \"46\"},\n\n\t\t{\"colorCode\": \"#E2E9F0\", \"label\": \"Data2\", \"value\": \"54\"}\n\n\t\t\n\t]\n\n};\n\nDonutChart.enableLegend = false;\nDonutChart.legendFontColor = \"#FFFFFF\";\nDonutChart.legendFontSize = \"8\";\n\nDonutChart.chartTitle = \"\";\n\nDonutChart.titleFontColor = \"#FFFFFF\";\n\nDonutChart.titleFontSize = 12;\n\n\n\n/* Adding the component to the form */\nthis.view.flxbg.add(DonutChart);\n\n\n\n\n\n\nvar DonutChart1 = new com.konymp.donutchart(\n\n{\n\n\t\"clipBounds\": true,\n\n\t\"id\": \"DonutChart1\",\n\n\t\"height\": \"100%\",\n\n\t\"width\": \"50%\",\n\n\t\"top\": \"0%\",\n\n\t\"left\": \"50%\",\n\n\t\"isVisible\": true,\n\n\t\"zIndex\": 1\n\n}, {}, {});\n\n\n\n/* Setting the component s properties */\n\nDonutChart1.bgColor = \"#FFFFFF\";\n\nDonutChart1.enableChartAnimation = true;\n\nDonutChart1.enableStaticPreview = true;\n\nDonutChart1.chartData =\n\n{\n\n\t\"data\":\n\n\t[\n\n\t\t{\"colorCode\": \"#57CE42\", \"label\": \"Data1\", \"value\": \"25\"},\n\n\t\t{\"colorCode\": \"#E2E9F0\", \"label\": \"Data2\", \"value\": \"75\"}\n\n\t\t\n\t]\n\n};\n\nDonutChart1.enableLegend = false;\nDonutChart1.legendFontColor = \"#FFFFFF\";\nDonutChart1.legendFontSize = \"8\";\n\nDonutChart1.chartTitle = \"\";\n\nDonutChart1.titleFontColor = \"#FFFFFF\";\n\nDonutChart1.titleFontSize = 12;\n\n\n\n/* Adding the component to the form */\nthis.view.flxbg.add(DonutChart1);\n",
            "parentId": null
        }]
    }
}