{
    "AS_NativeContainer_dbfd2722d0ec409e834a2599c83d3b1a": {
        "id": "AS_NativeContainer_dbfd2722d0ec409e834a2599c83d3b1a",
        "type": "ACTION_SEQUENCE",
        "params": [{
            "datatype": "collection",
            "name": "eventobject"
        }],
        "contextObj": {
            "name": "Form5",
            "type": "forms",
            "platform": null,
            "KUID": "g148afc06e1d408a90d00a4007fbb7f2"
        },
        "language": "js",
        "actions": [{
            "id": "INVOKE_FUNCTION__ide_onCreated_be5191939503471b96145a35865b160a",
            "type": "INVOKE_FUNCTION",
            "sequenceKUID": "createLottiView",
            "display": "createLottiView",
            "inputparams": [{
                "name": "eventObj",
                "value": " eventobject"
            }],
            "callbackType": null,
            "disabled": null,
            "source": "controller"
        }]
    }
}