{
    "AS_NativeContainer_bd4751acf9a04b9e9fed991a9b42f701": {
        "id": "AS_NativeContainer_bd4751acf9a04b9e9fed991a9b42f701",
        "type": "ACTION_SEQUENCE",
        "params": [{
            "datatype": "collection",
            "name": "eventobject"
        }],
        "contextObj": {
            "name": "Form5",
            "type": "forms",
            "platform": null,
            "KUID": "g148afc06e1d408a90d00a4007fbb7f2"
        },
        "language": "js",
        "actions": [{
            "id": "INVOKE_FUNCTION__ide_onCleanup_fe0610c2e9404149925526fd093f2cc3",
            "type": "INVOKE_FUNCTION",
            "sequenceKUID": "onCleanUpFunc",
            "display": "onCleanUpFunc",
            "inputparams": [{
                "name": "eventObj",
                "value": " eventobject"
            }],
            "callbackType": null,
            "disabled": null,
            "source": "controller"
        }]
    }
}