{
    "AS_NativeContainer_b6cebb2f47ab40e4bce446e8ea31ca42": {
        "id": "AS_NativeContainer_b6cebb2f47ab40e4bce446e8ea31ca42",
        "type": "ACTION_SEQUENCE",
        "params": [{
            "datatype": "collection",
            "name": "eventobject"
        }],
        "contextObj": {
            "name": "Form5",
            "type": "forms",
            "platform": null,
            "KUID": "g148afc06e1d408a90d00a4007fbb7f2"
        },
        "language": "js",
        "actions": [{
            "id": "INVOKE_FUNCTION__ide_onCleanup_aa54e92d32824cdeb6979450682de76d",
            "type": "INVOKE_FUNCTION",
            "sequenceKUID": "onCleanUpFunc",
            "display": "onCleanUpFunc",
            "inputparams": [{
                "name": "eventObj",
                "value": " eventobject"
            }],
            "callbackType": null,
            "disabled": null,
            "source": "controller"
        }]
    }
}