{
    "AS_NativeContainer_ic14a3c8b4a748a7a885d245849ecedd": {
        "id": "AS_NativeContainer_ic14a3c8b4a748a7a885d245849ecedd",
        "type": "ACTION_SEQUENCE",
        "params": [{
            "datatype": "collection",
            "name": "eventobject"
        }],
        "contextObj": {
            "name": "Form5",
            "type": "forms",
            "platform": null,
            "KUID": "g148afc06e1d408a90d00a4007fbb7f2"
        },
        "language": "js",
        "actions": [{
            "id": "INVOKE_FUNCTION__ide_onCleanup_b6e337630e3b4f02a768b66faa19760e",
            "type": "INVOKE_FUNCTION",
            "sequenceKUID": "onCleanUpFunc",
            "display": "onCleanUpFunc",
            "inputparams": [{
                "name": "eventObj",
                "value": " eventobject"
            }],
            "callbackType": null,
            "disabled": null,
            "source": "controller"
        }]
    }
}