{
    "AS_NativeContainer_f09e84f1d6654933ac2b081d0487df11": {
        "id": "AS_NativeContainer_f09e84f1d6654933ac2b081d0487df11",
        "type": "ACTION_SEQUENCE",
        "params": [{
            "datatype": "collection",
            "name": "eventobject"
        }],
        "contextObj": {
            "name": "Form5",
            "type": "forms",
            "platform": null,
            "KUID": "g148afc06e1d408a90d00a4007fbb7f2"
        },
        "language": "js",
        "actions": [{
            "id": "INVOKE_FUNCTION__ide_onCreated_ha9611622024423c8031501507f717e6",
            "type": "INVOKE_FUNCTION",
            "sequenceKUID": "createLottiView",
            "display": "createLottiView",
            "inputparams": [{
                "name": "eventObj",
                "value": " eventobject"
            }],
            "callbackType": null,
            "disabled": null,
            "source": "controller"
        }]
    }
}