{
    "AS_NativeContainer_g768b3bf814841979c80c2054bf92cfc": {
        "id": "AS_NativeContainer_g768b3bf814841979c80c2054bf92cfc",
        "type": "ACTION_SEQUENCE",
        "params": [{
            "datatype": "collection",
            "name": "eventobject"
        }],
        "contextObj": {
            "name": "Form5",
            "type": "forms",
            "platform": null,
            "KUID": "g148afc06e1d408a90d00a4007fbb7f2"
        },
        "language": "js",
        "actions": [{
            "id": "INVOKE_FUNCTION__ide_onCleanup_j2c2fa91419b491195b2d025b041b50a",
            "type": "INVOKE_FUNCTION",
            "sequenceKUID": "onCleanUpFunc",
            "display": "onCleanUpFunc",
            "inputparams": [{
                "name": "eventObj",
                "value": " eventobject"
            }],
            "callbackType": null,
            "disabled": null,
            "source": "controller"
        }]
    }
}