{
    "AS_NativeContainer_fd5fd4e7d3e444b1a7a31f6fe44f9754": {
        "id": "AS_NativeContainer_fd5fd4e7d3e444b1a7a31f6fe44f9754",
        "type": "ACTION_SEQUENCE",
        "params": [{
            "datatype": "collection",
            "name": "eventobject"
        }],
        "contextObj": {
            "name": "Form5",
            "type": "forms",
            "platform": null,
            "KUID": "g148afc06e1d408a90d00a4007fbb7f2"
        },
        "language": "js",
        "actions": [{
            "id": "INVOKE_FUNCTION__ide_onLayoutSubviews_b05ee4ec5d7743abba2f61051b0ca4de",
            "type": "INVOKE_FUNCTION",
            "sequenceKUID": "onLayoutSubviewsFunc",
            "display": "onLayoutSubviewsFunc",
            "inputparams": [{
                "name": "eventObj",
                "value": " eventobject"
            }],
            "callbackType": null,
            "disabled": null,
            "source": "controller"
        }]
    }
}