{
    "AS_NativeContainer_bafb459939c449d6ba3fb8a9338208d7": {
        "id": "AS_NativeContainer_bafb459939c449d6ba3fb8a9338208d7",
        "type": "ACTION_SEQUENCE",
        "params": [{
            "datatype": "collection",
            "name": "eventobject"
        }],
        "contextObj": {
            "name": "Form5",
            "type": "forms",
            "platform": null,
            "KUID": "g148afc06e1d408a90d00a4007fbb7f2"
        },
        "language": "js",
        "actions": [{
            "id": "INVOKE_FUNCTION__ide_onCreated_a98b9e17b5844becae3934c03e72261d",
            "type": "INVOKE_FUNCTION",
            "sequenceKUID": "createLottiView",
            "display": "createLottiView",
            "inputparams": [{
                "name": "eventObj",
                "value": " eventobject"
            }],
            "callbackType": null,
            "disabled": null,
            "source": "controller"
        }]
    }
}