{
    "AS_NativeContainer_f6ded08bbf5b4355b8c41efe4099159e": {
        "id": "AS_NativeContainer_f6ded08bbf5b4355b8c41efe4099159e",
        "type": "ACTION_SEQUENCE",
        "params": [{
            "datatype": "collection",
            "name": "eventobject"
        }],
        "contextObj": {
            "name": "Form5",
            "type": "forms",
            "platform": null,
            "KUID": "g148afc06e1d408a90d00a4007fbb7f2"
        },
        "language": "js",
        "actions": [{
            "id": "INVOKE_FUNCTION__ide_onCreated_c80f0ec5c7974c0ab250a46f21cd501b",
            "type": "INVOKE_FUNCTION",
            "sequenceKUID": "createLottiView",
            "display": "createLottiView",
            "inputparams": [{
                "name": "eventObj",
                "value": " eventobject"
            }],
            "callbackType": null,
            "disabled": null,
            "source": "controller"
        }]
    }
}