{
    "AS_NativeContainer_e8d3670a3a7142b39a4d3923e6badb2c": {
        "id": "AS_NativeContainer_e8d3670a3a7142b39a4d3923e6badb2c",
        "type": "ACTION_SEQUENCE",
        "params": [{
            "datatype": "collection",
            "name": "eventobject"
        }],
        "contextObj": {
            "name": "Form5",
            "type": "forms",
            "platform": null,
            "KUID": "g148afc06e1d408a90d00a4007fbb7f2"
        },
        "language": "js",
        "actions": [{
            "id": "INVOKE_FUNCTION__ide_onLayoutSubviews_be7f7e1b458f4eaf96171b0b3f99bc55",
            "type": "INVOKE_FUNCTION",
            "sequenceKUID": "onLayoutSubviewsFunc",
            "display": "onLayoutSubviewsFunc",
            "inputparams": [{
                "name": "eventObj",
                "value": " eventobject"
            }],
            "callbackType": null,
            "disabled": null,
            "source": "controller"
        }]
    }
}