{
    "AS_NativeContainer_df779b5d6ceb413f9774fe91ccc4b348": {
        "id": "AS_NativeContainer_df779b5d6ceb413f9774fe91ccc4b348",
        "type": "ACTION_SEQUENCE",
        "params": [{
            "datatype": "collection",
            "name": "eventobject"
        }],
        "contextObj": {
            "name": "Form5",
            "type": "forms",
            "platform": null,
            "KUID": "g148afc06e1d408a90d00a4007fbb7f2"
        },
        "language": "js",
        "actions": [{
            "id": "INVOKE_FUNCTION__ide_onLayoutSubviews_ffe2b827c21f4ff6ac46e31e45cfc22a",
            "type": "INVOKE_FUNCTION",
            "sequenceKUID": "onLayoutSubviewsFunc",
            "display": "onLayoutSubviewsFunc",
            "inputparams": [{
                "name": "eventObj",
                "value": " eventobject"
            }],
            "callbackType": null,
            "disabled": null,
            "source": "controller"
        }]
    }
}