{
    "AS_NativeContainer_h19219a80f5f4a4fa5108742adb18992": {
        "id": "AS_NativeContainer_h19219a80f5f4a4fa5108742adb18992",
        "type": "ACTION_SEQUENCE",
        "params": [{
            "datatype": "collection",
            "name": "eventobject"
        }],
        "contextObj": {
            "name": "Form5",
            "type": "forms",
            "platform": null,
            "KUID": "g148afc06e1d408a90d00a4007fbb7f2"
        },
        "language": "js",
        "actions": [{
            "id": "INVOKE_FUNCTION__ide_onCleanup_a05fac162dea4685acd98563f308e18c",
            "type": "INVOKE_FUNCTION",
            "sequenceKUID": "onCleanUpFunc",
            "display": "onCleanUpFunc",
            "inputparams": [{
                "name": "eventObj",
                "value": " eventobject"
            }],
            "callbackType": null,
            "disabled": null,
            "source": "controller"
        }]
    }
}