{
    "AS_NativeContainer_h68808d39737468f99efeee8c7796aff": {
        "id": "AS_NativeContainer_h68808d39737468f99efeee8c7796aff",
        "type": "ACTION_SEQUENCE",
        "params": [{
            "datatype": "collection",
            "name": "eventobject"
        }],
        "contextObj": {
            "name": "Form5",
            "type": "forms",
            "platform": null,
            "KUID": "g148afc06e1d408a90d00a4007fbb7f2"
        },
        "language": "js",
        "actions": [{
            "id": "INVOKE_FUNCTION__ide_onCreated_d88a3d900efe4d4ead3a024bbb9c38bc",
            "type": "INVOKE_FUNCTION",
            "sequenceKUID": "createLottiView",
            "display": "createLottiView",
            "inputparams": [{
                "name": "eventObj",
                "value": " eventobject"
            }],
            "callbackType": null,
            "disabled": null,
            "source": "controller"
        }]
    }
}