{
    "AS_NativeContainer_f4a90c6e5b3544cd82750d2da093a698": {
        "id": "AS_NativeContainer_f4a90c6e5b3544cd82750d2da093a698",
        "type": "ACTION_SEQUENCE",
        "params": [{
            "datatype": "collection",
            "name": "eventobject"
        }],
        "contextObj": {
            "name": "Form5",
            "type": "forms",
            "platform": null,
            "KUID": "g148afc06e1d408a90d00a4007fbb7f2"
        },
        "language": "js",
        "actions": [{
            "id": "INVOKE_FUNCTION__ide_onLayoutSubviews_e80c4bb786e04ffd88e7f5f56f9ffa0f",
            "type": "INVOKE_FUNCTION",
            "sequenceKUID": "onLayoutSubviewsFunc",
            "display": "onLayoutSubviewsFunc",
            "inputparams": [{
                "name": "eventObj",
                "value": " eventobject"
            }],
            "callbackType": null,
            "disabled": null,
            "source": "controller"
        }]
    }
}