{
    "AS_NativeContainer_ha84861ba813495e984d6b99e8101e89": {
        "id": "AS_NativeContainer_ha84861ba813495e984d6b99e8101e89",
        "type": "ACTION_SEQUENCE",
        "params": [{
            "datatype": "collection",
            "name": "eventobject"
        }],
        "contextObj": {
            "name": "Form5",
            "type": "forms",
            "platform": null,
            "KUID": "g148afc06e1d408a90d00a4007fbb7f2"
        },
        "language": "js",
        "actions": [{
            "id": "INVOKE_FUNCTION__ide_onLayoutSubviews_h6ed0845feaa44ebab88b65cc7298fcb",
            "type": "INVOKE_FUNCTION",
            "sequenceKUID": "onLayoutSubviewsFunc",
            "display": "onLayoutSubviewsFunc",
            "inputparams": [{
                "name": "eventObj",
                "value": " eventobject"
            }],
            "callbackType": null,
            "disabled": null,
            "source": "controller"
        }]
    }
}