{
    "AS_UWI_c6005c25b79e42ff84604e69ae9a5a9c": {
        "id": "AS_UWI_c6005c25b79e42ff84604e69ae9a5a9c",
        "type": "ACTION_SEQUENCE",
        "params": [{
            "datatype": "collection",
            "name": "eventobject"
        }, {
            "datatype": "string",
            "name": "x"
        }, {
            "datatype": "string",
            "name": "y"
        }],
        "contextObj": {
            "name": "Form2",
            "type": "forms",
            "platform": "",
            "KUID": "b0b4c2a85f4a47f2bf22d928663cebb7"
        },
        "language": "js",
        "actions": [{
            "id": "ADD_SNIPPET_e10b7d8e4d9b4d10b15406e737054181",
            "type": "ADD_SNIPPET",
            "codeSnippet": "this.view.Footer4.play();",
            "parentId": null
        }]
    }
}