{
    "AS_UWI_e685a870ba78408a81810fd51748fd72": {
        "id": "AS_UWI_e685a870ba78408a81810fd51748fd72",
        "type": "ACTION_SEQUENCE",
        "params": [{
            "datatype": "collection",
            "name": "eventobject"
        }, {
            "datatype": "string",
            "name": "x"
        }, {
            "datatype": "string",
            "name": "y"
        }],
        "contextObj": {
            "name": "Form2",
            "type": "forms",
            "platform": "",
            "KUID": "b0b4c2a85f4a47f2bf22d928663cebb7"
        },
        "language": "js",
        "actions": [{
            "id": "ADD_SNIPPET_e7f0ba63996d481ab1b64f7054151bd7",
            "type": "ADD_SNIPPET",
            "codeSnippet": "this.view.Footer1.play();",
            "parentId": null
        }]
    }
}