{
    "AS_UWI_h048c6e4743f4bdeab0bbe1aeecc19da": {
        "id": "AS_UWI_h048c6e4743f4bdeab0bbe1aeecc19da",
        "type": "ACTION_SEQUENCE",
        "params": [{
            "datatype": "collection",
            "name": "eventobject"
        }, {
            "datatype": "string",
            "name": "x"
        }, {
            "datatype": "string",
            "name": "y"
        }],
        "contextObj": {
            "name": "Form2",
            "type": "forms",
            "platform": "",
            "KUID": "b0b4c2a85f4a47f2bf22d928663cebb7"
        },
        "language": "js",
        "actions": [{
            "id": "ADD_SNIPPET_c185e06317c847958e197719defa15af",
            "type": "ADD_SNIPPET",
            "codeSnippet": "this.view.Footer1.play();\n\nthis.view.Footer2.stop();\nthis.view.Footer2.play();\nthis.view.Footer2.pause();\n\nthis.view.Footer3.stop();\nthis.view.Footer3.play();\nthis.view.Footer3.pause();\n\nthis.view.Footer4.stop();\nthis.view.Footer4.play();\nthis.view.Footer4.pause();",
            "parentId": null
        }]
    }
}