{
    "AS_UWI_b78fc1bb4f574e62a21a88fd47bb518f": {
        "id": "AS_UWI_b78fc1bb4f574e62a21a88fd47bb518f",
        "type": "ACTION_SEQUENCE",
        "params": [{
            "datatype": "collection",
            "name": "eventobject"
        }, {
            "datatype": "string",
            "name": "x"
        }, {
            "datatype": "string",
            "name": "y"
        }],
        "contextObj": {
            "name": "Form2",
            "type": "forms",
            "platform": "",
            "KUID": "b0b4c2a85f4a47f2bf22d928663cebb7"
        },
        "language": "js",
        "actions": [{
            "id": "ADD_SNIPPET_b973f119934d4c1d8d48c8d3851d3f16",
            "type": "ADD_SNIPPET",
            "codeSnippet": "this.view.Footer3.play();\n\nthis.view.Footer1.stop();\nthis.view.Footer1.play();\nthis.view.Footer1.pause();\n\nthis.view.Footer2.stop();\nthis.view.Footer2.play();\nthis.view.Footer2.pause();\n\nthis.view.Footer4.stop();\nthis.view.Footer4.play();\nthis.view.Footer4.pause();",
            "parentId": null
        }]
    }
}