{
    "AS_UWI_c5b2973ce91748198dc98aa122809611": {
        "id": "AS_UWI_c5b2973ce91748198dc98aa122809611",
        "type": "ACTION_SEQUENCE",
        "params": [{
            "datatype": "collection",
            "name": "eventobject"
        }, {
            "datatype": "string",
            "name": "x"
        }, {
            "datatype": "string",
            "name": "y"
        }],
        "contextObj": {
            "name": "Form2",
            "type": "forms",
            "platform": "",
            "KUID": "b0b4c2a85f4a47f2bf22d928663cebb7"
        },
        "language": "js",
        "actions": [{
            "id": "ADD_SNIPPET_hc5096be542d4acea08da6a960cb3008",
            "type": "ADD_SNIPPET",
            "codeSnippet": "this.view.Option3.play();",
            "parentId": null
        }]
    }
}