{
    "AS_UWI_de59e6c2b87a41d99812497b1fb9012f": {
        "id": "AS_UWI_de59e6c2b87a41d99812497b1fb9012f",
        "type": "ACTION_SEQUENCE",
        "params": [{
            "datatype": "collection",
            "name": "eventobject"
        }, {
            "datatype": "string",
            "name": "x"
        }, {
            "datatype": "string",
            "name": "y"
        }],
        "contextObj": {
            "name": "Form2",
            "type": "forms",
            "platform": "",
            "KUID": "b0b4c2a85f4a47f2bf22d928663cebb7"
        },
        "language": "js",
        "actions": [{
            "id": "ADD_SNIPPET_bc0576bf75f148fba7076331561cde06",
            "type": "ADD_SNIPPET",
            "codeSnippet": "this.view.Option2.play();"
        }]
    }
}