{
    "AS_UWI_h833436116d24932a83e82e3e89cf238": {
        "id": "AS_UWI_h833436116d24932a83e82e3e89cf238",
        "type": "ACTION_SEQUENCE",
        "params": [{
            "datatype": "collection",
            "name": "eventobject"
        }, {
            "datatype": "string",
            "name": "x"
        }, {
            "datatype": "string",
            "name": "y"
        }],
        "contextObj": {
            "name": "Form2",
            "type": "forms",
            "platform": "",
            "KUID": "b0b4c2a85f4a47f2bf22d928663cebb7"
        },
        "language": "js",
        "actions": [{
            "id": "ADD_SNIPPET_b73a31ba3fc3448a9fe48b1605760d51",
            "type": "ADD_SNIPPET",
            "codeSnippet": "this.view.Option1.play();",
            "parentId": null
        }]
    }
}