{
    "AS_UWI_ge5b68e16e774b9282e7dab74f49ccbd": {
        "id": "AS_UWI_ge5b68e16e774b9282e7dab74f49ccbd",
        "type": "ACTION_SEQUENCE",
        "params": [{
            "datatype": "collection",
            "name": "eventobject"
        }, {
            "datatype": "string",
            "name": "x"
        }, {
            "datatype": "string",
            "name": "y"
        }],
        "contextObj": {
            "name": "Form2",
            "type": "forms",
            "platform": "",
            "KUID": "b0b4c2a85f4a47f2bf22d928663cebb7"
        },
        "language": "js",
        "actions": [{
            "id": "ADD_SNIPPET_eb0e02e763264166acf323b77bc185bd",
            "type": "ADD_SNIPPET",
            "codeSnippet": "this.view.Footer4.play();\n\nthis.view.Footer1.stop();\nthis.view.Footer1.play();\nthis.view.Footer1.pause();\n\nthis.view.Footer3.stop();\nthis.view.Footer3.play();\nthis.view.Footer3.pause();\n\nthis.view.Footer2.stop();\nthis.view.Footer2.play();\nthis.view.Footer2.pause();",
            "parentId": null
        }]
    }
}