{
    "AS_UWI_e63c55745c6a49469631ed3713d84996": {
        "id": "AS_UWI_e63c55745c6a49469631ed3713d84996",
        "type": "ACTION_SEQUENCE",
        "params": [{
            "datatype": "collection",
            "name": "eventobject"
        }, {
            "datatype": "string",
            "name": "x"
        }, {
            "datatype": "string",
            "name": "y"
        }],
        "contextObj": {
            "name": "Form2",
            "type": "forms",
            "platform": "",
            "KUID": "b0b4c2a85f4a47f2bf22d928663cebb7"
        },
        "language": "js",
        "actions": [{
            "id": "ADD_SNIPPET_bca7748949634120ba23b0fcb09f2c7e",
            "type": "ADD_SNIPPET",
            "codeSnippet": "this.view.Footer3.play();",
            "parentId": null
        }]
    }
}