{
    "AS_UWI_ff6d420005a64278b78d0170db80555e": {
        "id": "AS_UWI_ff6d420005a64278b78d0170db80555e",
        "type": "ACTION_SEQUENCE",
        "params": [{
            "datatype": "collection",
            "name": "eventobject"
        }, {
            "datatype": "string",
            "name": "x"
        }, {
            "datatype": "string",
            "name": "y"
        }],
        "contextObj": {
            "name": "Form2",
            "type": "forms",
            "platform": "",
            "KUID": "b0b4c2a85f4a47f2bf22d928663cebb7"
        },
        "language": "js",
        "actions": [{
            "id": "ADD_SNIPPET_bdc50b5aae554fe48abb5334152dc002",
            "type": "ADD_SNIPPET",
            "codeSnippet": "this.view.Footer2.play();",
            "parentId": null
        }]
    }
}