{
    "AS_UWI_if1080f8926a4d5aaba9aa29e6114394": {
        "id": "AS_UWI_if1080f8926a4d5aaba9aa29e6114394",
        "type": "ACTION_SEQUENCE",
        "params": [{
            "datatype": "collection",
            "name": "eventobject"
        }, {
            "datatype": "string",
            "name": "x"
        }, {
            "datatype": "string",
            "name": "y"
        }],
        "contextObj": {
            "name": "Form2",
            "type": "forms",
            "platform": "",
            "KUID": "b0b4c2a85f4a47f2bf22d928663cebb7"
        },
        "language": "js",
        "actions": [{
            "id": "ADD_SNIPPET_d9d1f54b2f1e4d18a38bd521aadca42e",
            "type": "ADD_SNIPPET",
            "codeSnippet": "this.view.Footer2.play();\n\nthis.view.Footer1.stop();\nthis.view.Footer1.play();\nthis.view.Footer1.pause();\n\nthis.view.Footer3.stop();\nthis.view.Footer3.play();\nthis.view.Footer3.pause();\n\nthis.view.Footer4.stop();\nthis.view.Footer4.play();\nthis.view.Footer4.pause();",
            "parentId": null
        }]
    }
}