{
    "AS_UWI_f1a3cbaa140344ae8c74edb1c5236a53": {
        "id": "AS_UWI_f1a3cbaa140344ae8c74edb1c5236a53",
        "type": "ACTION_SEQUENCE",
        "params": [{
            "datatype": "collection",
            "name": "eventobject"
        }, {
            "datatype": "string",
            "name": "x"
        }, {
            "datatype": "string",
            "name": "y"
        }],
        "contextObj": {
            "name": "Form5",
            "type": "forms",
            "platform": null,
            "KUID": "g148afc06e1d408a90d00a4007fbb7f2"
        },
        "language": "js",
        "actions": [{
            "id": "ADD_SNIPPET_ide_onTouchStart_be80f0a765814ba2bea3aeb880395aa7",
            "type": "ADD_SNIPPET",
            "codeSnippet": "this.view.Footer2.play();\n\nthis.view.Footer1.stop();\nthis.view.Footer1.play();\nthis.view.Footer1.pause();\n\nthis.view.Footer3.stop();\nthis.view.Footer3.play();\nthis.view.Footer3.pause();\n\nthis.view.Footer4.stop();\nthis.view.Footer4.play();\nthis.view.Footer4.pause();"
        }]
    }
}