{
    "AS_UWI_f7a5bf19ab974d96a78efc69aced3d8e": {
        "id": "AS_UWI_f7a5bf19ab974d96a78efc69aced3d8e",
        "type": "ACTION_SEQUENCE",
        "params": [{
            "datatype": "collection",
            "name": "eventobject"
        }, {
            "datatype": "string",
            "name": "x"
        }, {
            "datatype": "string",
            "name": "y"
        }],
        "contextObj": {
            "name": "Form2",
            "type": "forms",
            "platform": "",
            "KUID": "b0b4c2a85f4a47f2bf22d928663cebb7"
        },
        "language": "js",
        "actions": [{
            "id": "ADD_SNIPPET_c99f76d533fd4e49abd8188aa8103d60",
            "type": "ADD_SNIPPET",
            "codeSnippet": "this.view.Option4.play();",
            "parentId": null
        }]
    }
}